set,record_id,force_p1_N,force_p2_N,force_p3_N,ssim_mean,ssim_std,ssim_min,ssim_tend,ssim_slope,ssim_auc,mean_mean,mean_std,std_mean,std_std,min_mean,min_std,max_mean,max_std,p10_mean,p10_std,p25_mean,p25_std,p50_mean,p50_std,p75_mean,p75_std,p90_mean,p90_std,iqr_mean,iqr_std,entropy_mean,entropy_std,energy_mean,energy_std,glcm_contrast_mean,glcm_contrast_std,glcm_homogeneity_mean,glcm_homogeneity_std,glcm_energy_mean,glcm_energy_std,glcm_corr_mean,glcm_corr_std,speckle_contrast_mean,speckle_contrast_std,ps_centroid_mean,ps_centroid_std,grain_halfmax_r_mean,grain_halfmax_r_std
A,1,0.36,0.27,0.37,0.9981524307171812,0.0006116202527369023,0.9974358386764646,0.9975029324587986,-2.858244849848956e-05,0.9981209025323016,111.42410659790039,0.07806851861763728,52.31763515472412,0.05955723499360319,59.1,0.3,255.0,0.0,64.0,0.0,68.0,0.0,97.0,0.0,131.0,0.0,197.55,0.49749371855331,63.0,0.0,6.802284838095507,0.002019954592875983,0.016274957614950836,4.119608783731757e-05,1.7273246017156865,0.0021136035475886675,0.7765764501169294,0.0003738849656768538,0.25189050560873516,0.0003808363056461143,0.9790236784120993,4.413914313253579e-05,0.46953591385385013,0.00021725446145453103,6.843411961500214,0.006662599991579674,14.0,0.0
A,2,0.37,0.28,0.37,0.9979594923516641,0.0006450356789288574,0.9973105881896345,0.9975652189638946,-4.6987459532647966e-05,0.9979161703974124,111.3410255432129,0.09464128719780297,52.345406723022464,0.06554308547450247,59.4,0.48989794855663565,255.0,0.0,64.0,0.0,68.0,0.0,97.0,0.0,131.0,0.0,198.1,0.43588989435406733,63.0,0.0,6.796719346990292,0.002424132080783714,0.016339703020639716,4.9891724198458994e-05,1.7174670649509802,0.0029390210001207,0.776840907437165,0.0006224601520836381,0.2518865729704146,0.0004036451528287105,0.9791738255101052,2.8325473957217247e-05,0.47013568534703365,0.00019978990587166134,6.8245643727595695,0.006583989917159202,14.0,0.0
A,3,0.38,0.29,0.38,0.9982030765233244,0.0005352720328578038,0.997605090214961,0.9976653750543625,-2.8808649306177584e-05,0.9981699391020423,111.09719696044922,0.07944354816067332,52.75650978088379,0.04261477075002116,59.0,0.0,255.0,0.0,63.0,0.0,67.0,0.0,97.0,0.0,130.65,0.47696960070847283,199.1,0.3,63.65,0.4769696007084729,6.802031711709506,0.0013304671445681,0.016226658900268375,3.6306552205641884e-05,1.722676930147059,0.002962767791235422,0.7775343645076402,0.0005024206052388623,0.26045501625408274,0.0002484766468837482,0.9794110573799143,3.428343179656414e-05,0.4748680736325439,0.000223537346767417,6.791698420526113,0.006187354016482662,14.0,0.0
A,4,0.4,0.3,0.39,0.9985134530586196,0.00038355567281583483,0.998124488585991,0.9982254557092226,-1.636364025555196e-05,0.9984819122798569,110.41667175292969,0.12230513350640881,52.60369300842285,0.07002906981763235,59.0,0.0,255.0,0.0,63.0,0.0,67.0,0.0,96.0,0.0,129.0,0.0,198.625,0.4710360920354193,62.0,0.0,6.7869335707769265,0.0013743232099209571,0.016575583908706903,4.4934478419021644e-05,1.696421568627451,0.002038865003164637,0.779346239643705,0.000282523287356779,0.2633063651175728,0.0005392293232516707,0.9795944501214148,7.047466222498679e-05,0.4764106866216088,0.00017895343865278443,6.750113980528971,0.008875985791540997,14.0,0.0
A,5,0.41,0.31,0.4,0.9985642533142858,0.0003576469538749177,0.9982199399197327,0.9985540706122698,-1.899737984601832e-05,0.9985267384725832,110.42454833984375,0.023957930879823508,52.63931159973144,0.014605524421166154,59.0,0.0,255.0,0.0,63.0,0.0,67.0,0.0,96.0,0.0,129.0,0.0,199.0,0.0,62.0,0.0,6.786963619319749,0.0007426329978679937,0.01652428254019469,3.4999435565602745e-05,1.6924310661764703,0.001846723280350632,0.7793868872617971,0.0003706046842178291,0.26263343851517085,0.0002444206860052025,0.979680641960182,2.8526769563283274e-05,0.4766993591475789,7.28880082889767e-05,6.737125379120751,0.001981409137069753,14.0,0.0
A,6,0.42,0.32,0.41,0.9982853821100738,0.0006528792752892054,0.9972088981779654,0.9972088981779654,-2.9001248846645007e-05,0.9982685891111573,110.82402877807617,0.06147514265672201,53.06993656158447,0.04291012245580464,59.0,0.0,255.0,0.0,63.0,0.0,67.0,0.0,96.0,0.0,129.4125,0.48266836440769556,201.975,0.10897247358851683,62.4125,0.48266836440769567,6.78880559693296,0.0011632085142269466,0.01650363819207996,3.638218859569004e-05,1.6907628676470587,0.001784537914669239,0.7789462085476796,0.0004869618895592818,0.2625406157649157,0.00023247627306923144,0.9800231357557843,2.399879917123712e-05,0.47886664177699184,0.00016407203586479656,6.656104656837374,0.003624896743748291,14.0,0.0
A,7,0.44,0.32,0.42,0.9978438038591447,0.0007484175526477274,0.9970874689938116,0.9971129141057538,-5.968242959223064e-05,0.9978062957962907,110.60853271484375,0.13563634203694355,52.896149444580075,0.10106697391002883,59.0,0.0,255.0,0.0,63.0,0.0,67.0,0.0,97.0,0.0,128.6,0.4898979485566356,201.525,0.6609652033201141,61.6,0.4898979485566357,6.781345703525649,0.002221171712984753,0.016527554485946894,3.289258698767993e-05,1.6914935661764705,0.0063573985257119325,0.7794977796962524,0.0005857677787492934,0.2629148710514525,0.0002702489910894079,0.979875889410741,8.533633018675603e-05,0.47822808304248,0.0003478415372540731,6.654479079598071,0.007314608681468331,14.0,0.0
A,8,0.45,0.35,0.43,0.99827388572005,0.0004967470264131501,0.9978066056696584,0.9981019537865214,-3.506151011159396e-06,0.9982329861845916,110.29434661865234,0.05377352776156815,52.46324615478515,0.038948655130456554,59.0,0.0,255.0,0.0,63.0,0.0,67.0,0.0,97.0,0.0,128.0,0.0,199.575,0.48153400710645555,61.0,0.0,6.777132888828864,0.0009771211125560292,0.01653532637283206,3.936333955984557e-05,1.7112063419117647,0.002113173841711466,0.7787888473403088,0.00026695763692004585,0.26300835167363135,0.0002548088590016503,0.9793066985204829,2.8604981092592457e-05,0.47566573457589545,0.0001730756626388223,6.737781152131982,0.0040819587964141145,14.0,0.0
A,9,0.46,0.35,0.43,0.9986035696066313,0.0003277315963993014,0.9984084137387818,0.9984084137387818,-1.2024045310144363e-05,0.9985719571190912,110.46485137939453,0.06726234030858695,52.435588645935056,0.04166734097421257,59.0,0.0,255.0,0.0,63.0,0.0,67.0,0.0,97.0,0.0,128.2,0.4,199.725,0.43229041164476456,61.2,0.4,6.77427265589319,0.0011869581102132063,0.01654984939377755,3.5806117846326416e-05,1.7317976409313727,0.0033243817223864514,0.7781405310470464,0.0002669776464659833,0.262717643955272,0.00026529589397086085,0.9790411073721719,2.246504370762841e-05,0.4746811538267252,0.0001056502127251419,6.786022096887334,0.0024656995539932033,14.0,0.0
A,10,0.48,0.37,0.45,0.9983302280427028,0.0005174932065878083,0.9977340869774068,0.9977340869774068,-2.4934780627153026e-05,0.9983019745981502,110.48860702514648,0.12131671099679854,52.15623264312744,0.0929063915037257,59.0,0.0,255.0,0.0,63.0,0.0,67.0,0.0,97.5,0.5,128.7,0.45825756949558405,197.3,0.714142842854285,61.7,0.45825756949558394,6.764460564334674,0.0017888545995983216,0.016583781875669956,3.3241772782536044e-05,1.7344446997549021,0.00255348458926358,0.7781286823842818,0.000379168006362028,0.2622040374950107,0.00021061166415704336,0.9788098433650421,7.735792576195367e-05,0.4720504263851173,0.0003300602013029078,6.877311542901329,0.009693666415245624,14.0,0.0
A,11,0.5,0.39,0.46,0.9981050582423325,0.0005605962179485545,0.9976647837693902,0.997830486377195,-2.4109793341499e-05,0.9980624169293448,110.26969604492187,0.05929300586010174,51.834160232543944,0.045163547972013135,59.0,0.0,255.0,0.0,63.0,0.0,67.0,0.0,97.25,0.4330127018922193,128.95,0.21794494717703367,194.725,0.43229041164476456,61.95,0.21794494717703367,6.766288651933448,0.0012469019184604294,0.016577070485800503,2.9859172096624447e-05,1.7123376225490197,0.004068442308235864,0.7784948124076441,0.0004247496066818819,0.26204981626658636,0.0003438187999162155,0.978829337420153,5.832376533435155e-05,0.4700670717394644,0.00020816068784128207,6.969383600217242,0.005091586021178419,14.0,0.0
A,12,0.5,0.4,0.46,0.9979176358831001,0.0006009203502686075,0.9972904012428885,0.997868993447496,-2.560974883243724e-05,0.9978641168914607,110.98741073608399,0.04508504039003545,51.875189018249515,0.048967595237474286,59.05,0.21794494717703367,255.0,0.0,64.0,0.0,67.0,0.0,98.0,0.0,130.0,0.0,195.8,0.4000000000000001,63.0,0.0,6.773427316133438,0.001132137673558135,0.01639670729637146,3.678555874966894e-05,1.7234941789215685,0.0038350638912866817,0.775905154984575,0.00029650884070524643,0.25417729937987116,0.0003440684715092431,0.9787488565798796,7.446178532643491e-05,0.46739697413327946,0.0002866532008426839,6.982505978748092,0.012628960552478335,14.0,0.0
A,13,0.51,0.4,0.47,0.9980918700971941,0.0005588317541258031,0.9975646479736173,0.998349838646841,-3.208253090125549e-05,0.9980348675063139,111.30719146728515,0.1229190667772664,52.163824272155765,0.09070115786247784,59.05,0.21794494717703367,255.0,0.0,64.0,0.0,67.0,0.0,98.0,0.0,130.55,0.49749371855331,197.025,0.4602988159880493,63.55,0.4974937185533099,6.778205944293818,0.0020971531048834865,0.01636108832899481,5.061772031916771e-05,1.7179120710784315,0.003832728853672917,0.7757956828903778,0.0005368540025406262,0.2540406360834896,0.00036682573179068923,0.9790517061534281,0.00010203702219107725,0.4686470756135773,0.00032534823021117065,6.9366384230172695,0.010919087937815349,14.0,0.0
A,14,0.52,0.4,0.48,0.9980921437833811,0.0005125243778928882,0.9977544438423452,0.9980995229615521,-1.1220750610933295e-05,0.9980417428519128,111.25598831176758,0.0538575731560233,52.130095863342284,0.04183541909810352,59.0,0.0,255.0,0.0,64.0,0.0,67.0,0.0,98.0,0.0,131.0,0.0,197.0,0.0,64.0,0.0,6.783859501589687,0.0014326385883315451,0.016321659693494438,3.58963437744643e-05,1.7323950674019606,0.0037299485589718565,0.7745911512299096,0.00044418230013210683,0.25413597550925326,0.0003467402065475342,0.9788472834134764,6.117759346212589e-05,0.4685598772750893,0.00024365029809510097,6.971170081835334,0.004238648462879635,14.0,0.0
A,15,0.53,0.41,0.48,0.9982360914706738,0.0005155818744567984,0.997459292004298,0.9975252389966525,-2.8550129250641114e-05,0.9982083794691922,111.26564865112304,0.04989352962002308,52.11763706207275,0.06825228289868032,59.05,0.21794494717703367,255.0,0.0,64.0,0.0,67.0,0.0,98.0,0.0,131.3,0.45825756949558405,197.225,0.40233692348577704,64.3,0.45825756949558394,6.790575390029586,0.0011758513950321024,0.016303718183189632,4.003239810270005e-05,1.7566413909313723,0.004716292877325799,0.7745400751699021,0.00029170717573592466,0.25430923072023637,0.0002630457682358359,0.9785254913365199,9.213809352944647e-05,0.46840713796398303,0.0004714861692851319,6.994891783075095,0.007434385542628374,14.0,0.0
A,16,0.54,0.42,0.49,0.998076792164623,0.0005274270217773966,0.9976101127305704,0.9981385980690046,-9.50176836429639e-06,0.998024554960919,111.21455841064453,0.02860392349938266,52.03968391418457,0.022255914334782318,59.05,0.21794494717703367,255.0,0.0,64.0,0.0,67.0,0.0,98.0,0.0,132.0,0.0,197.15,0.3570714214271425,65.0,0.0,6.794530326219389,0.0013533881649769506,0.016273186774924397,5.55264802783193e-05,1.7703339460784313,0.0026588009961913965,0.7760973518784394,0.00029329844922838127,0.2543979342724442,0.00028901039430532583,0.9782890473482558,3.572590403339902e-05,0.46792149548380924,0.00011657802736082921,7.019993769667201,0.0023911385656471863,14.0,0.0
A,17,0.55,0.43,0.5,0.9979846647626701,0.0006422601362728931,0.9972286996087445,0.9974161252840319,-2.786377406335265e-05,0.9979465911900466,110.9755973815918,0.12699205130753055,51.8787223815918,0.10825680639229271,59.05,0.21794494717703367,255.0,0.0,64.0,0.0,67.0,0.0,97.0,0.0,131.2,0.4,196.6,0.7348469228349535,64.2,0.4,6.802585024041257,0.0015563402737266386,0.01620015928056091,4.466482780633243e-05,1.7935845588235295,0.0035212843321878093,0.7768807983413346,0.00046683849985122163,0.2544410269031936,0.00042485904177337207,0.9778554373771206,8.930143143893752e-05,0.4674781728077229,0.0004677389267917945,7.074966144703962,0.014713141804149068,14.0,0.0
A,18,0.55,0.44,0.51,0.9982507933232775,0.0004938468378253016,0.9976500273549601,0.9981420572419119,-3.517162610944651e-07,0.9982076230444262,110.9302131652832,0.10523698566643515,51.9263277053833,0.08760915376364575,59.0,0.0,255.0,0.0,64.0,0.0,67.0,0.0,96.575,0.48153400710645555,130.95,0.2179449471770337,197.15,0.47696960070847283,63.95,0.21794494717703367,6.80518944152428,0.0017015640250351268,0.016231175302527844,3.98453351223274e-05,1.8148069852941178,0.0033967977834249443,0.7772354997123995,0.0004776538395309352,0.2545382968366857,0.00035011723191141823,0.977632988518188,5.376630931230412e-05,0.46809873832349674,0.000363795109366937,7.096849564580813,0.009963920245522817,14.0,0.0
A,19,0.56,0.44,0.51,0.9984540746797096,0.00038303539967614433,0.9980678174967603,0.9981634581899225,-1.200170404892273e-05,0.9984210402367754,110.90802841186523,0.042052841869950085,51.761949348449704,0.031481317297299936,59.05,0.21794494717703367,255.0,0.0,64.0,0.0,67.0,0.0,96.1,0.30000000000000004,131.0,0.0,196.05,0.21794494717703367,64.0,0.0,6.80919179728691,0.0009241512359839092,0.016191892861388623,4.719591918944201e-05,1.8226631433823528,0.0022043631314872703,0.7760987503679669,0.00027134716164797204,0.2540771052658664,0.0002966590761058327,0.9773974450040608,3.806132150760732e-05,0.46671054070134466,0.00014245918162478335,7.134215801528349,0.0038644740927460354,14.0,0.0
A,20,0.56,0.44,0.51,0.998042420042576,0.0005476472599576863,0.9975126084440082,0.9975297962071018,-3.256445417319612e-05,0.998004394881446,110.79482192993164,0.047611349744641616,51.74013042449951,0.03910483297643042,59.0,0.0,255.0,0.0,64.0,0.0,67.0,0.0,96.0,0.0,130.0,0.0,196.5,0.5,63.0,0.0,6.805642583493055,0.0010617924688146863,0.016194189456291495,3.95076266161223e-05,1.8012216605392155,0.0027675332688391957,0.777494041247242,0.0004065071044064041,0.25448056775896755,0.0003805936358294653,0.9776479234052244,2.361232355812073e-05,0.46699045342837725,0.00017680588216600787,7.114411277937566,0.004027513637065488,14.0,0.0
A,21,0.58,0.46,0.52,0.9974569156890987,0.0008425539774033346,0.9967466211855839,0.9967466211855839,-5.9208888266035236e-05,0.9974086843783517,110.75295181274414,0.0409789217700084,51.895460319519046,0.046877065526680896,59.0,0.0,255.0,0.0,64.0,0.0,67.0,0.0,96.0,0.0,130.0,0.0,197.55,0.49749371855331,63.0,0.0,6.806495733081569,0.0013703827650933908,0.01610774891451001,4.6112280134692165e-05,1.8025643382352938,0.005253019357926176,0.7767995991959713,0.0003871385436979327,0.25516318296397156,0.0004949404645250973,0.977744383754968,3.9611099680817e-05,0.46856966607966094,0.0005116671683208871,7.141716977844949,0.007319601942258761,14.0,0.0
A,22,0.6,0.47,0.53,0.9979685981013287,0.0006495921856059791,0.9973843093481001,0.9982690189725055,-3.744905354635293e-05,0.9979072343442013,111.22948608398437,0.08486121403422807,51.90266723632813,0.050660906176274584,60.0,0.0,255.0,0.0,64.0,0.0,68.0,0.0,97.0,0.0,130.75,0.4330127018922193,198.45,0.49749371855331,62.75,0.4330127018922193,6.803560637859488,0.0013106168363007085,0.016344193508848547,2.174024011537866e-05,1.776063112745098,0.0024099633549747347,0.7745493334539943,0.0005458477139362818,0.24544607775634653,0.0003744342936275118,0.978045540242991,4.3539461729139695e-05,0.46662680942936996,0.00014742146130255723,7.099493096806917,0.012016475155786013,14.0,0.0
A,23,0.61,0.47,0.53,0.998518685794048,0.0003582790369582698,0.9982552951156377,0.9985150348287587,-1.4013576230109304e-05,0.9984797999192673,111.45088653564453,0.18496468987958695,52.27467308044434,0.13251040037519124,60.0,0.0,255.0,0.0,64.0,0.0,68.0,0.0,97.0,0.0,130.75,0.4330127018922193,199.6,0.5612486080160912,62.75,0.4330127018922193,6.80019354955032,0.002623490794788816,0.016393758333288135,3.121400341673853e-05,1.7617723651960784,0.0034919129641110495,0.7741017360458471,0.0003905543310157394,0.24599531192721136,0.0003716977235685015,0.978532528051485,8.171539451782235e-05,0.4690370748177018,0.0004169022903103903,7.068479881035796,0.01697666650694798,14.0,0.0
A,24,0.62,0.48,0.53,0.9981895678865437,0.0005044758420378695,0.9978257734974754,0.9981229377847985,-8.89460221976936e-06,0.9981436783598931,111.23976364135743,0.05240854833039299,52.117526626586915,0.03671964824567331,60.0,0.0,255.0,0.0,64.0,0.0,68.0,0.0,97.0,0.0,130.0,0.0,199.25,0.4330127018922193,62.0,0.0,6.791852167226461,0.0009814263963334304,0.01643536277115345,3.950391318562091e-05,1.7402412683823532,0.002969429992510481,0.7748526204373166,0.00037844275105989455,0.24674564173155727,0.000360000630751074,0.9786709419176762,2.0766633754090406e-05,0.4685152124460794,0.0001303741401780996,7.053917538715306,0.0033473865855224833,14.0,0.0
A,25,0.64,0.5,0.54,0.9984468241003931,0.00042453836767243603,0.9979946710595562,0.9985089169375329,-3.111541902548298e-06,0.998404317028347,110.72347946166992,0.03517461352598353,51.86273593902588,0.038678532722451385,60.0,0.0,255.0,0.0,64.0,0.0,68.0,0.0,96.55,0.4974937185533099,129.0,0.0,199.0,0.0,61.0,0.0,6.779344306909479,0.0009667694488740561,0.016547602787613868,3.1240911614920886e-05,1.7095128676470588,0.0027037268961899548,0.7763136012090613,0.00045855758933384025,0.24798905803511212,0.000337099931980088,0.978853468922719,4.483993910075039e-05,0.468398712368386,0.00030605023504344417,7.052107584891982,0.006466371990354624,14.0,0.0
A,26,0.66,0.51,0.55,0.9986928929794265,0.0003058212400765594,0.9985509060130966,0.9986630082599013,-8.805475221204552e-06,0.9986592818662147,110.9216423034668,0.03856818594867969,52.21046810150146,0.027157625059323377,60.0,0.0,255.0,0.0,64.0,0.0,68.0,0.0,96.0,0.0,130.0,0.0,199.0,0.0,62.0,0.0,6.788333674198119,0.00076341758290745,0.016499174758791924,2.3776186087044436e-05,1.7113288909313724,0.002646407502271071,0.776404321528957,0.0004075885097125757,0.24735630074669723,0.00046307843633821796,0.9791169578036865,3.385989547748257e-05,0.4706968324437641,0.0001123410542638654,6.9962571319102675,0.0024834868606625213,14.0,0.0
A,27,0.67,0.52,0.56,0.9984909286028227,0.00037847541501516316,0.9981748826997734,0.998415804310807,-8.52620868116978e-06,0.9984531931526602,110.5226921081543,0.07116148573623886,52.063693046569824,0.0510368786243598,60.0,0.0,255.0,0.0,64.0,0.0,68.0,0.0,95.25,0.4330127018922193,129.0,0.0,197.0,0.0,61.0,0.0,6.784540145664846,0.0011007444300244159,0.016539876139722763,3.0714366436714174e-05,1.684329044117647,0.0023189993755614296,0.7777607394633285,0.00037354007494760477,0.24778549943229558,0.0003112165173396928,0.9793388620757705,3.704625980452904e-05,0.4710678126511292,0.0001843095061655711,6.958490962281687,0.005910731030237683,14.0,0.0
A,28,0.7,0.53,0.57,0.998235602830882,0.0005621047075504497,0.9975959379974112,0.9986516369214843,-2.1387535529875654e-05,0.9981782230608631,110.73366241455078,0.061584365493030896,52.474551391601565,0.08344758186383645,60.0,0.0,255.0,0.0,64.0,0.0,68.0,0.0,95.0,0.0,130.0,0.0,196.65,0.47696960070847283,62.0,0.0,6.780887020038266,0.0010245254786557178,0.016603893204592168,3.621886549011233e-05,1.6649816176470587,0.004208668487452104,0.779195062747752,0.00037960473417235607,0.24818387525530702,0.0003191233264200886,0.9798953346189567,5.1137492705534245e-05,0.47388049348123423,0.000501985515115833,6.867502594453043,0.0068479120468404745,14.0,0.0
A,29,0.71,0.55,0.57,0.998125847937888,0.0006803390603644071,0.9973743478859185,0.9983580175270189,-1.0408810141607508e-06,0.9980704184207237,110.58236541748047,0.06554104681966612,52.500389671325685,0.046758495064849706,60.0,0.0,255.0,0.0,64.0,0.0,68.0,0.0,95.0,0.0,129.85,0.3570714214271425,197.0,0.0,61.85,0.3570714214271425,6.7753398375168015,0.0008975639628120123,0.016679779277183115,3.2364620280985785e-05,1.6331403186274511,0.003402509583955116,0.7809165616913023,0.0005263602215409529,0.2488791730722097,0.0004224447044513988,0.9803032691104436,3.0401659671225596e-05,0.47476270380743346,0.00020154765107218472,6.8189550348240076,0.003626443886682077,14.0,0.0
A,30,0.74,0.56,0.58,0.9982617290464676,0.0004938792269518417,0.9977926863729205,0.9983588004157533,-2.4057218215726478e-05,0.9982134305642615,110.29763793945312,0.03898730431370304,52.20332641601563,0.02788108720264614,60.0,0.0,255.0,0.0,64.0,0.0,68.0,0.0,94.0,0.0,129.0,0.0,197.0,0.0,61.0,0.0,6.771630273897768,0.0007881357095319707,0.016722452640533448,2.8994416405044276e-05,1.6153385416666666,0.00419682057427002,0.7818216686965239,0.0003791844152243756,0.24910841057510252,0.00032108100926369926,0.9803104571551614,5.4955070116921524e-05,0.4732950570826729,0.00019895226853817975,6.7865470704214985,0.004810233083189369,14.0,0.0
A,31,0.75,0.58,0.59,0.9984388205851895,0.0004337064726939094,0.9980877012766178,0.9981198825264161,-3.0364572785075483e-05,0.9984061300231621,110.33403854370117,0.06556570811716027,52.04182434082031,0.04528813007062114,60.0,0.0,255.0,0.0,64.0,0.0,68.0,0.0,94.0,0.0,129.1,0.3,196.0,0.0,61.1,0.3,6.777768024574989,0.0011804855629255259,0.016632271255366503,3.0360123829694593e-05,1.6159283088235294,0.002616592866172331,0.7819896102721403,0.0003584203703785953,0.24790224240084466,0.000310685937197347,0.9801847055831804,5.041182345303358e-05,0.47167508025768196,0.00015078544294877555,6.752562476413031,0.00453082923026139,14.0,0.0
A,32,0.76,0.58,0.61,0.9982318727173926,0.0005665998036282322,0.9974645615206922,0.9978669101528361,-4.0707645020411827e-05,0.9981949473300489,110.3801658630371,0.09981283808195053,51.912691307067874,0.05764941999373333,60.0,0.0,255.0,0.0,64.0,0.0,68.0,0.0,95.0,0.0,129.3,0.45825756949558405,194.9,0.30000000000000004,61.3,0.45825756949558394,6.770347684886022,0.0020619345195762072,0.01669600703753531,3.600257654801528e-05,1.604814644607843,0.002954232552043887,0.7821004899905507,0.00026868533974657696,0.24715687343776632,0.0003201431210828998,0.9802162080194933,2.6009341444712603e-05,0.470308083759548,0.00017911076125216822,6.717839957866248,0.004088570293605456,14.0,0.0
A,33,0.77,0.59,0.61,0.9977104700802226,0.0005996887365684603,0.9972698429037997,0.9977840037632326,-3.369912803053427e-05,0.9976482841959123,111.08013763427735,0.12020768200228645,51.983015823364255,0.07826203122047888,60.0,0.0,255.0,0.0,65.0,0.0,68.0,0.0,95.95,0.21794494717703367,130.15,0.3570714214271425,196.05,0.3840572873934304,62.15,0.3570714214271425,6.775898690396117,0.0024539010393254423,0.016185585386119784,3.693180272419952e-05,1.5948544730392153,0.0032579983718034004,0.7810903294873838,0.0005135980191767628,0.24126193303844765,0.00027426424077768796,0.9803168175102341,4.485652777271716e-05,0.4679773928447927,0.0002215716190355605,6.684111441683855,0.00871589563848127,14.0,0.0
A,34,0.78,0.6,0.62,0.9980608051310144,0.0006415160329901578,0.9974008804553388,0.9974135866567017,-5.036591815955445e-05,0.9980268057521808,111.12103118896485,0.07293539307206783,52.02113208770752,0.03914630158447634,60.0,0.0,255.0,0.0,65.0,0.0,68.0,0.0,96.0,0.0,130.5,0.5,196.7,0.45825756949558405,62.5,0.5,6.77917815046828,0.002361367723987408,0.016141955158673227,3.216045745126681e-05,1.5879940257352938,0.0030038960350254108,0.7811247693442821,0.00036585585696299715,0.24120429680799801,0.000269379737866762,0.9804245854568073,3.6134236032480734e-05,0.4681483809481374,0.00013850624299264873,6.6458687972418815,0.004139449915797289,14.0,0.0
A,35,0.79,0.61,0.63,0.997714360380515,0.0006091616381682487,0.9973143679200559,0.9973928893981099,-2.8806427438983874e-05,0.9976626717321442,111.28618469238282,0.05609255393952669,52.10250034332275,0.04602729884608762,60.0,0.0,255.0,0.0,65.0,0.0,68.0,0.0,96.0,0.0,131.0,0.0,196.9,0.2549509756796393,63.0,0.0,6.779543478399168,0.001154794411943654,0.01614301078952849,2.7827101796679084e-05,1.583844975490196,0.0017030387185870163,0.7811396648283015,0.00031112717840498525,0.2408118283133386,0.0002552096103107284,0.9805427378321928,3.666194527439212e-05,0.46818474662121246,0.00025210307686684806,6.635626456367123,0.005521415787816083,14.0,0.0
A,36,0.81,0.63,0.64,0.9980808603778811,0.0005652837248355634,0.9970858121170363,0.9970858121170363,-3.814208664573373e-05,0.9980565421841373,111.46120147705078,0.12589691985229326,52.10415153503418,0.08123943367056466,60.0,0.0,255.0,0.0,65.0,0.0,68.0,0.0,96.55,0.4974937185533099,131.0,0.0,196.75,0.5361902647381804,63.0,0.0,6.779677181821567,0.0020754904595954977,0.01615630614105612,2.5606200950005457e-05,1.5870082720588237,0.0018883145987602663,0.7796862832003865,0.00048613429526510007,0.240672430508393,0.0003660386829197084,0.9805173361671949,5.008342784584878e-05,0.4674642645285728,0.0002441910231758183,6.626763062337419,0.008293260013637298,14.0,0.0
A,37,0.83,0.64,0.65,0.9982646915768694,0.0005751944655258637,0.9973768410006976,0.9975547114469362,-4.40521568715714e-05,0.998237709253338,111.53827590942383,0.08838344984796624,52.148624420166016,0.05891222384899312,60.0,0.0,255.0,0.0,65.0,0.0,68.0,0.0,96.75,0.4330127018922193,131.3,0.45825756949558405,196.125,0.3112474899497183,63.3,0.45825756949558394,6.779917080168843,0.0013551999253017745,0.016156085184775293,2.4060776258075614e-05,1.5858586090686273,0.0037482063749029633,0.779128904903252,0.0005015857476597726,0.24063694599208976,0.00033247615185536645,0.9805682642712339,1.740145491286762e-05,0.46754005188181635,0.00017812064436522322,6.626937568796616,0.007252233956537993,14.0,0.0
A,38,0.84,0.65,0.67,0.9985066560950372,0.0003463846944591608,0.9983101346409556,0.9983101346409556,-1.4202628480674996e-05,0.9984725291884088,111.38199844360352,0.056277729953501616,52.04311866760254,0.03510057130861703,60.0,0.0,255.0,0.0,65.0,0.0,68.0,0.0,97.0,0.0,131.0,0.0,195.675,0.4548351349665063,63.0,0.0,6.77411893202832,0.0010042052651798815,0.016205333359539508,1.932600442717598e-05,1.5758892463235292,0.0010033113359345963,0.7801258125611266,0.0004038104834921445,0.24105449955400754,0.000218676904767361,0.9806060481023937,2.7992359993878612e-05,0.4672488879207025,0.00010967013155724089,6.633695587046627,0.005514249897454951,14.0,0.0
A,39,0.85,0.66,0.68,0.9975897411161541,0.0007380141031732957,0.9970439014395861,0.9982353518015992,-3.884738066064739e-05,0.9975093234958835,111.12908554077148,0.04725280315769833,51.907232475280765,0.03966995689899999,60.0,0.0,255.0,0.0,65.0,0.0,68.0,0.0,96.0,0.0,131.0,0.0,194.35,0.47696960070847283,63.0,0.0,6.772124903503149,0.001080435758206667,0.01619527058210224,2.842314657144377e-05,1.5860140931372548,0.0023365803287885424,0.7800346051785625,0.00036249647651266463,0.24107846544848105,0.0002550674023606545,0.9803739797948653,2.8962376288942197e-05,0.4670894800033727,0.0002002378318253419,6.6484559001257635,0.0053098850156177695,14.0,0.0
A,40,0.87,0.68,0.7,0.9978837601438156,0.0005883597267500932,0.9973879580453261,0.9982609550698188,-3.0806795670992664e-06,0.997818143438995,111.39693908691406,0.08019699987377363,52.206054496765134,0.06636719853224128,60.0,0.0,255.0,0.0,65.0,0.0,68.0,0.0,96.1,0.30000000000000004,131.0,0.0,195.45,0.4716990566028302,63.0,0.0,6.774374218643191,0.001130618808075997,0.0162084361538291,2.816293242632808e-05,1.6019217218137254,0.0022223177709281964,0.779821731745558,0.00033336150807514886,0.24076188844781635,0.0002426076178393455,0.9804031974871826,3.764582101827157e-05,0.46864874593914385,0.00028938756553092564,6.65375513642981,0.0047288785152734955,14.0,0.0
A,41,0.89,0.69,0.71,0.9984430238807974,0.0003742983480847511,0.9982067113566448,0.9984448639809984,-1.0257388071329087e-05,0.9984020024013128,111.70455322265624,0.08070137717209055,52.444694709777835,0.056496019052890416,60.0,0.0,255.0,0.0,65.0,0.0,68.0,0.0,96.95,0.21794494717703367,132.0,0.0,196.775,0.40233692348577704,64.0,0.0,6.7800576199196,0.0013767484040235849,0.016164645832031966,2.0238303978963415e-05,1.6230361519607843,0.001873503834452265,0.7784840733592916,0.0004796775709733732,0.2403299454141908,0.00029904328907109316,0.9803231255906664,4.89448997401598e-05,0.469494577812027,0.00018522263134454535,6.653999496767328,0.004201644017091088,14.0,0.0
A,42,0.9,0.7,0.73,0.9984236650742957,0.0004418399922597666,0.9979254587167126,0.9983782261002415,-2.1551964724763353e-05,0.9983833783386996,111.05702590942383,0.11840785654499024,52.53860950469971,0.09185522393860583,59.95,0.21794494717703367,255.0,0.0,64.0,0.0,68.0,0.0,95.25,0.4330127018922193,131.6625,0.4628377145393404,195.5,0.5,63.6625,0.4628377145393405,6.772104383180197,0.001913016740220861,0.016750712320208548,4.033045175567552e-05,1.6550873161764705,0.003359221321243661,0.780050376218546,0.00037259998813763843,0.24646725682210585,0.00034906747537313083,0.9800870116225842,6.061344003955786e-05,0.4730774299946656,0.00033703753644650375,6.711837345580113,0.009940796366562522,14.0,0.0
A,43,0.91,0.71,0.74,0.9982965339583574,0.0005354387452695566,0.997726270272118,0.9985343592604832,-2.5647005060579245e-05,0.9982454473440215,111.02279586791992,0.052097260413044716,52.670089149475096,0.03847446105126742,60.0,0.0,255.0,0.0,64.0,0.0,68.0,0.0,95.0,0.0,132.0,0.0,194.725,0.4322904116447646,64.0,0.0,6.776984957170237,0.000827098218188898,0.016713058459572494,2.8681925929931376e-05,1.6578370098039215,0.0023559302000574,0.7797954144905412,0.0004957449032919162,0.24693517394548414,0.00044844544470417285,0.9801389631748469,3.380392065432649e-05,0.4744078305446907,0.00015546964741111705,6.7330684761135915,0.0036741624807043118,14.0,0.0
A,44,0.93,0.73,0.75,0.9977713944289629,0.000798408879960612,0.9968554768232913,0.9968554768232913,-2.286986616712192e-05,0.9977368500087952,110.74849853515624,0.11284214196756928,52.49098510742188,0.0861290258171399,60.0,0.0,255.0,0.0,64.0,0.0,68.0,0.0,95.0,0.0,131.25,0.4330127018922193,194.4,0.4898979485566356,63.25,0.4330127018922193,6.781351513701161,0.001430684497124702,0.016670019668526947,3.455013797085476e-05,1.6605844056372547,0.0023770120839053735,0.7791020974618603,0.0006494034662965378,0.24847955707672137,0.00038474752048808705,0.9799650453496191,6.5551526337481e-05,0.4739653857377366,0.0003346301511884213,6.813886806348407,0.013086126281861832,14.0,0.0
A,45,0.95,0.75,0.77,0.9984885597333275,0.00037271047443424113,0.998230736186537,0.998230736186537,-1.3563707779748346e-05,0.9984555698196199,110.67497024536132,0.03362924095338795,52.404151916503906,0.025586839220486355,60.0,0.0,255.0,0.0,64.0,0.0,68.0,0.0,95.0,0.0,131.0,0.0,194.65,0.47696960070847283,63.0,0.0,6.775533423288158,0.0008445053617427025,0.01671997958328575,3.825338529245829e-05,1.6800061274509805,0.0032203223633615035,0.7808318046058446,0.00024477133934800967,0.24930952097434464,0.0003598553366362401,0.97967916899936,2.7567527987008432e-05,0.47349594989790394,0.00013333904539298368,6.867515941201806,0.003845917497262329,14.0,0.0
A,46,0.96,0.76,0.78,0.9981891753646236,0.000499740996261071,0.997815264668803,0.9978191532755645,-2.409700436600377e-05,0.9981512595081152,110.98069686889649,0.0467331860725995,52.09481353759766,0.030720909297892344,60.0,0.0,255.0,0.0,65.0,0.0,68.0,0.0,96.0,0.0,131.0,0.0,193.0,0.0,63.0,0.0,6.7699340162366,0.0012361695624511153,0.016308030253276228,3.350760650547869e-05,1.6645098039215687,0.005565265153502958,0.779289923504736,0.0002680880769384178,0.24397357247811965,0.00028108299306935054,0.9795614812101407,7.038427794287486e-05,0.4694042527858408,0.00012969195371605912,6.884790141319241,0.0070512417535219625,14.0,0.0
A,47,0.98,0.77,0.8,0.9983702322146695,0.00041171372083422745,0.9979067537041202,0.9983076361037142,-1.4312362740516658e-05,0.998328990854791,110.8909812927246,0.05942153767075578,51.982206153869626,0.04166065959356617,60.0,0.0,255.0,0.0,65.0,0.0,68.0,0.0,96.0,0.0,131.0,0.0,192.55,0.49749371855331,63.0,0.0,6.765700351072549,0.0011546597740322382,0.016349234571680426,3.2397588377198886e-05,1.6529235600490195,0.0026213402292764487,0.7801790756030752,0.00033801781970928843,0.2438569093936477,0.00024760225550856703,0.9796161553432426,3.385646032328167e-05,0.46876851186169743,0.00016846847512416718,6.9003240143488735,0.004909021773315,14.0,0.0
A,48,1.0,0.78,0.81,0.9982740595771927,0.0004257007274582517,0.9979669871213698,0.9981278534766307,-1.550962805854304e-05,0.9982324876213177,110.80235748291015,0.055679469757843915,51.960119819641115,0.042601985457708456,60.0,0.0,255.0,0.0,65.0,0.0,68.0,0.0,95.875,0.3112474899497183,130.0,0.0,192.0,0.0,62.0,0.0,6.760534209840093,0.0011992642591058978,0.016391808702610432,2.8820895129804513e-05,1.654169730392157,0.0015669660558755832,0.7807775590745557,0.0003514412593203476,0.24329378649531613,0.0002844291295687877,0.9795911968578652,3.319334260224952e-05,0.46894410771626527,0.00017816798518256415,6.914778792277606,0.009586524304395026,14.0,0.0
A,49,1.01,0.8,0.83,0.9980873623012885,0.0006252449296359887,0.9973959728562346,0.9984267181816682,-1.5419887554908925e-05,0.9980280993123388,110.61450576782227,0.028809742126771672,51.833481025695804,0.015254415146264001,60.0,0.0,255.0,0.0,65.0,0.0,68.0,0.0,95.0,0.0,130.0,0.0,193.0,0.0,62.0,0.0,6.757312048841021,0.0012325825953119927,0.016409917059354483,2.9580914017108434e-05,1.640442708333333,0.004510660569830366,0.7808857130599771,0.0003298927581239371,0.2427541875041081,0.0002837730218686699,0.9796650774506975,4.7746244235206034e-05,0.46859571172519265,0.00014606375488732446,6.90112955528343,0.005850669812750734,14.0,0.0
A,50,1.03,0.81,0.84,0.998073075175282,0.0005303059258770025,0.9976567414388692,0.9979469978741011,-1.3724990059279475e-05,0.9980256844509519,111.09174728393555,0.05675443381516331,51.81870384216309,0.03491225311568154,60.95,0.21794494717703367,255.0,0.0,65.0,0.0,69.0,0.0,96.0,0.0,130.4,0.4898979485566356,194.0,0.0,61.4,0.4898979485566357,6.7544886854083845,0.0015731194737525216,0.016856661764904857,4.276599679305978e-05,1.633416819852941,0.004852332055980146,0.7832318438329694,0.0003495898047167157,0.24607477118589224,0.00022766869699223627,0.9796880005789174,4.1961529199696895e-05,0.4664496018160871,0.00014327685869296142,6.890821198023613,0.006897397630987656,14.0,0.0
A,51,1.05,0.82,0.86,0.9980739007751056,0.0006331019617061234,0.9973085065766365,0.9973085065766365,-5.0652288968872006e-05,0.9980433559059627,111.22709350585937,0.040256930540270866,51.86088237762451,0.029800357546924228,60.9,0.3,255.0,0.0,65.0,0.0,69.0,0.0,96.0,0.0,130.85,0.3570714214271425,193.95,0.21794494717703367,61.85,0.3570714214271425,6.752993195721828,0.0008285796880597491,0.016873727482743562,3.1086661728560185e-05,1.6582521446078435,0.0024413447043857128,0.7821459483580828,0.0002739881154879074,0.24562600047401859,0.00021453853172440134,0.9794149575098965,2.2562115285582972e-05,0.46626121135303916,0.00013396476882128935,6.928698768587408,0.002778352491516192,14.0,0.0
A,52,1.05,0.82,0.87,0.997569048708457,0.0008378097209505904,0.9967134935723604,0.9968062634196551,-4.181100699657443e-05,0.9975251496030956,111.12489471435546,0.061701120823199694,51.773077964782715,0.03659079603480301,61.0,0.0,255.0,0.0,65.0,0.0,69.0,0.0,96.0,0.0,130.2,0.4000000000000001,192.95,0.3840572873934304,61.2,0.39999999999999997,6.75103967306311,0.0013483999861655285,0.016880936967208982,2.611045346458365e-05,1.661036305147059,0.004970545205759461,0.7828845657238955,0.0004770925149711176,0.2463689677852658,0.00026632486724954135,0.9793081942458686,3.979710075093921e-05,0.46589987654502896,0.00011980032379961273,6.962585313798859,0.008475930089873018,14.0,0.0
A,53,1.05,0.83,0.86,0.9978772009728841,0.0006655545235592549,0.997297415120562,0.997297415120562,-2.5441970880774108e-05,0.9978365953629947,111.0275764465332,0.11300072041782644,51.74342155456543,0.07263667242292017,61.0,0.0,255.0,0.0,65.0,0.0,69.0,0.0,95.8,0.39999999999999997,130.1,0.30000000000000004,194.1,0.30000000000000004,61.1,0.3,6.7512479558115475,0.001444616532652374,0.016865479573607445,3.1781578636619874e-05,1.636672794117647,0.00367607164400015,0.7839629541373556,0.00046390984104672665,0.24595689520632041,0.00040512052880771737,0.9795880758511958,3.74013060713394e-05,0.4660409970996716,0.0002057609292419814,6.890376290720947,0.00566904132336985,14.0,0.0
A,54,1.06,0.85,0.89,0.9982228966324443,0.0005172275939408723,0.9973394317103849,0.9977990069030894,-4.688153366485938e-06,0.9981872857472023,111.1510124206543,0.1419941331458397,51.76942539215088,0.11134759889796815,60.9,0.3,255.0,0.0,65.0,0.0,69.0,0.0,96.0,0.0,130.35,0.47696960070847283,193.55,0.7399324293474371,61.35,0.4769696007084729,6.752374526796855,0.0028044722741642266,0.016869589034467936,4.4334443065745354e-05,1.643530177696078,0.0035091637963567896,0.7839460883212931,0.0004923558135258683,0.24592289149987287,0.00032376065031588705,0.9795155093667454,6.485822221635474e-05,0.4657570787187977,0.00043809321942221057,6.913422873690929,0.012405972095889851,14.0,0.0
A,55,1.06,0.85,0.9,0.9981192290903763,0.0005855109343309816,0.9976318161747533,0.9986015370986261,-1.080279318951783e-05,0.9980570428030375,111.1913055419922,0.03702734721668999,51.77188930511475,0.023618054075808883,61.0,0.0,255.0,0.0,65.0,0.0,69.0,0.0,96.0,0.0,130.2625,0.4292071178347349,193.575,0.48153400710645555,61.2625,0.42920711783473486,6.752783149072504,0.0011052220863729117,0.016852353885769843,3.252522456822021e-05,1.6544944852941175,0.002017623161474359,0.7829452999953709,0.00040225977740408894,0.2458007109433001,0.0002640845783508694,0.9793838716930893,2.707195758031098e-05,0.46561093484600125,8.83544619494974e-05,6.936535222077206,0.0037774953995154256,14.0,0.0
A,56,1.07,0.85,0.95,0.9973762257676093,0.0008169708290940578,0.9965227010681753,0.9965351550021119,-1.772671664399189e-05,0.9973293125184545,111.107666015625,0.05219862778244965,51.648402786254884,0.03569336554134866,60.9,0.3,255.0,0.0,65.0,0.0,69.0,0.0,96.25,0.4330127018922193,130.0,0.0,193.0,0.0,61.0,0.0,6.748632139095025,0.0011295012811449274,0.01690405246336013,3.3578080999527875e-05,1.6491590073529412,0.002655659363258183,0.7850181276707611,0.00035099222542257747,0.246014223108928,0.000340349273502149,0.9793643766410577,3.599542656570278e-05,0.46485000412713673,0.0001545680676231087,6.9413270671665455,0.007684940301232839,14.0,0.0
A,57,1.08,0.86,0.92,0.9978648951596408,0.0005711687554108807,0.9975488656402872,0.9979164438363867,-1.5520000073712033e-05,0.9978073516460066,111.36944351196288,0.06693596831709804,51.90328235626221,0.028932390721695095,60.95,0.21794494717703367,255.0,0.0,65.0,0.0,69.0,0.0,96.2,0.39999999999999997,130.6,0.4898979485566356,194.525,0.4866980583482946,61.6,0.4898979485566357,6.754947645127001,0.0011766131132826256,0.016841676295734943,3.287802511776642e-05,1.6328086703431375,0.005350572847522495,0.7836474753353027,0.0004259075862393092,0.24573908453888035,0.00023330301538281042,0.9797549211571474,5.6752827566039495e-05,0.46604602299295284,0.00014650746194193662,6.8740340999929135,0.0057921876760833445,14.0,0.0
A,58,1.08,0.86,0.92,0.9982510429710054,0.0004518091247559195,0.997960979765644,0.9980344111026613,-1.1412832247894464e-05,0.998210718624646,111.46311874389649,0.04592408454771961,51.879274940490724,0.03454843239023028,61.0,0.0,255.0,0.0,65.0,0.0,69.0,0.0,96.9,0.30000000000000004,131.0,0.0,194.225,0.40233692348577704,62.0,0.0,6.7568829455856925,0.001332499544058998,0.01683401600457728,3.9923070977507336e-05,1.630658700980392,0.002305391850685555,0.7833664430002003,0.0004838915127868583,0.2460262919568375,0.00029930675372568007,0.9797706796843855,2.930725693526045e-05,0.46543890248154496,0.0001785091351786464,6.850338640087723,0.0050101368984266275,14.0,0.0
A,59,1.09,0.87,0.95,0.9983838404210086,0.0004681790279877489,0.9976582903693663,0.9976582903693663,-3.333529284459623e-05,0.9983604033281573,111.05678100585938,0.05102439304453515,51.64451370239258,0.0331467494226918,60.9,0.3,255.0,0.0,65.0,0.0,69.0,0.0,96.05,0.21794494717703367,130.0,0.0,192.9,0.30000000000000004,61.0,0.0,6.745888856865325,0.0008529128519385278,0.016901638265699147,3.236420592926425e-05,1.6243313419117649,0.0022927040998989468,0.784395516196206,0.0003358658274805322,0.24693297759375304,0.00033550342787588817,0.979668523946399,4.049718970315622e-05,0.46502797480240493,0.00010991539344366816,6.885552143880953,0.004082946609910827,14.0,0.0
A,60,1.1,0.87,0.95,0.9983456718255261,0.00045656247923348545,0.9978333267055005,0.9983110834053579,-6.594632513686745e-06,0.9983030470951235,111.10349807739257,0.0794251493585112,51.645385360717775,0.04622847863857937,61.0,0.0,255.0,0.0,65.0,0.0,69.0,0.0,96.0,0.0,130.15,0.3570714214271425,193.525,0.4866980583482946,61.15,0.3570714214271425,6.752401216565953,0.002065378698155465,0.016864357679151,3.8684826951661144e-05,1.6594707414215688,0.002677926001333401,0.7838446977677603,0.0002920209620582709,0.2460714919231723,0.00023796287566772557,0.9792146028751672,3.242447142597624e-05,0.46484026399285777,0.00011249985203151143,6.964341597245846,0.005174396129402104,14.0,0.0
A,61,1.11,0.87,0.96,0.9980627666613238,0.0005393051034263896,0.9974141674854443,0.9974141674854443,-2.0560408473614406e-05,0.9980288552359603,111.29068527221679,0.08826839591266443,51.58822765350342,0.04106323002222053,61.0,0.0,255.0,0.0,65.0,0.0,69.0,0.0,96.65,0.47696960070847283,130.4,0.4898979485566356,193.025,0.10897247358851685,61.4,0.4898979485566357,6.753392002978759,0.0014650699887925871,0.01658118322957307,3.0492768894932196e-05,1.6595894607843136,0.0033084511807105373,0.7834094136452853,0.0002543013994835252,0.2464631180041962,0.0002683184405376398,0.9791436812004115,2.7316216317981327e-05,0.4635448905608735,9.060979719996847e-05,6.968695196472041,0.0021051661139150977,14.0,0.0
A,62,1.12,0.87,0.96,0.9978955335263459,0.0005881016414603753,0.9973998802041021,0.9974201294524371,-1.4493123156713797e-05,0.9978526634631684,111.51826934814453,0.11302668975568692,51.714965629577634,0.07189870212728477,61.0,0.0,255.0,0.0,65.0,0.0,69.0,0.0,97.0,0.0,130.45,0.49749371855331,193.675,0.4548351349665063,61.45,0.4974937185533099,6.752524454203805,0.0021981005029917604,0.0165995602728799,3.8484708195099534e-05,1.6505836397058826,0.0042358841384653725,0.7843740259490066,0.0006191777848358886,0.2462977464101916,0.00028914264865866643,0.9793642888698189,4.8848559463320564e-05,0.4637351969768132,0.00019098080475646854,6.9308913393669185,0.011572304186634136,14.0,0.0
A,63,1.16,0.89,0.97,0.9976030834089163,0.0008293482479197292,0.9965586009428969,0.996743242251276,-6.651560135567313e-05,0.9975626340553784,111.80137176513672,0.06657309313482657,51.996707153320315,0.040295057441828354,61.0,0.0,255.0,0.0,65.0,0.0,69.0,0.0,97.525,0.4866980583482946,130.4,0.4898979485566356,196.375,0.4710360920354193,61.4,0.48989794855663565,6.749360840817795,0.0011568679708327447,0.016645185486413538,3.2445248001917375e-05,1.6341996017156863,0.0016970693907277538,0.7825242173774167,0.0003524034673757049,0.24632135070628017,0.0003324228716238999,0.9797938190610752,4.039202493409748e-05,0.4650810747553443,0.00010720236305397953,6.857390429440241,0.007386406388425037,14.0,0.0
A,64,1.19,0.9,0.98,0.998179331566714,0.0005655000798794445,0.9973925358677977,0.9973925358677977,-4.3832825202798925e-05,0.9981521243894674,111.43419494628907,0.0596528705343598,51.75850849151611,0.04623662709706609,61.0,0.0,255.0,0.0,65.0,0.0,69.0,0.0,97.0,0.0,130.0,0.0,195.45,0.49749371855331,61.0,0.0,6.745009956512265,0.0009933419074381342,0.016660333424806596,3.249126793057702e-05,1.6280085784313727,0.00243718062920951,0.78254207801491,0.00035493177856410924,0.24717456432134538,0.0002516201646047806,0.9796935229338795,2.4286787512562845e-05,0.4644759182524753,0.0001992902203472963,6.883442775290409,0.006097644634122226,14.0,0.0
A,65,1.2,0.9,1.01,0.9979840646647202,0.0006736490112092647,0.9973869944679609,0.9984183265207336,2.3127976546678455e-06,0.9979195857912386,111.66043624877929,0.1300662875584185,52.02404384613037,0.08320625628433996,61.0,0.0,255.0,0.0,65.0,0.0,69.0,0.0,98.0,0.0,129.9,0.30000000000000004,196.4,0.4898979485566356,60.9,0.3,6.738197214959596,0.0021037118404404463,0.016760508087463676,4.3185999969459275e-05,1.6335814950980396,0.004372972064599513,0.7826699427882321,0.00046393974345131,0.24774882602299023,0.00023346996009532983,0.979834966148168,2.5864166464082114e-05,0.46591272763747577,0.00022016053806148787,6.86650214518518,0.00911110723806711,14.0,0.0
A,66,1.2,0.91,1.0,0.9905145396058262,0.009822305417000979,0.9746851170952834,0.9776634454116243,-0.0007516832421900457,0.9906031089163274,111.77462768554688,0.14084360033293516,52.063953971862794,0.062100435612517595,61.0,0.0,255.0,0.0,65.0,0.0,69.0,0.0,97.85,0.3570714214271425,130.35,0.47696960070847283,196.75,0.4330127018922193,61.35,0.47696960070847294,6.745500621651566,0.005602533247930317,0.016746353986673058,4.95035883918004e-05,1.6354833026960787,0.008490329434073445,0.783019585027186,0.0010208435410284742,0.24676750479796103,0.0007260925141829177,0.9798400032184291,7.691833078392348e-05,0.46579413424062555,0.00025249055408788535,6.864769322160211,0.009019614851269135,14.0,0.0
A,67,1.2,0.92,1.0,0.9984096609831072,0.0003778019876732714,0.9981775513136774,0.9981940121485325,-1.7122526802713427e-05,0.9983734849256515,111.46070404052735,0.08424141095450571,51.77541847229004,0.06333626356838258,61.0,0.0,255.0,0.0,65.0,0.0,69.0,0.0,97.0,0.0,130.0,0.0,195.5,0.5,61.0,0.0,6.745057183728832,0.0015253673826525025,0.016661768965423106,3.348438066528583e-05,1.6293803615196079,0.003420747522233103,0.7832338214840743,0.0002896754885487987,0.24722172053993807,0.00019889041319863488,0.9796857763138165,3.983565104977496e-05,0.4645170812840339,0.000230908594990737,6.88569759949017,0.008513459301049396,14.0,0.0
A,68,1.21,0.9,1.0,0.9962752448715346,0.0017455624836682673,0.9937312997139136,0.9937312997139136,-5.2449012564754533e-05,0.9962441709249071,111.53721618652344,0.07690733040775773,51.885245132446286,0.0704790568858294,61.0,0.0,255.0,0.0,65.0,0.0,69.0,0.0,97.55,0.4974937185533099,130.0,0.0,196.25,0.6224949798994366,61.0,0.0,6.739643524330151,0.0012549388675666662,0.016722946777008474,2.9716825355536193e-05,1.6297794117647058,0.00516429306039482,0.7836577995110519,0.000444124053072758,0.24746749303113275,0.00031463505892184783,0.9797688942040663,0.0001078283646841799,0.4651830647237999,0.000347392519406408,6.892491973182862,0.016556610587364087,14.0,0.0
A,69,1.21,0.91,1.02,0.997805588267599,0.0006236621784367316,0.9971857692373287,0.9971857692373287,-4.0548715418681164e-05,0.9977641516175167,111.70959396362305,0.0541334746838457,52.0395751953125,0.03239925181218905,61.0,0.0,255.0,0.0,65.0,0.0,69.0,0.0,98.0,0.0,130.0,0.0,196.35,0.47696960070847283,61.0,0.0,6.738728743695317,0.0016258761929202395,0.01674963771365583,3.9182235928391724e-05,1.6374119178921567,0.003605407058258471,0.7816374843317361,0.0005265408987502752,0.24801417663320122,0.00028432483458132166,0.9798000591472972,3.262967361089108e-05,0.46584694419766925,0.00012134187657231663,6.883421453039835,0.005247457433993064,14.0,0.0
A,70,1.22,0.92,1.04,0.9980861220534868,0.0005128171144590648,0.9976740884176135,0.9976740884176135,-1.5533961313778362e-05,0.9980465998347595,111.60517501831055,0.027840974640303943,52.05233955383301,0.015565430230923528,61.0,0.0,255.0,0.0,65.0,0.0,69.0,0.0,97.0,0.0,130.0,0.0,195.9,0.30000000000000004,61.0,0.0,6.734479407762794,0.0009544641242558498,0.016791725368238985,3.249603305734408e-05,1.6482850796568627,0.002172916256076242,0.7821938512529747,0.0004934724612510078,0.24851810137834013,0.00027596998600950905,0.9796788325632845,3.2726590273030105e-05,0.4663971856477135,7.572456991931485e-05,6.894473084601697,0.006627199141025537,14.0,0.0
A,71,1.22,0.92,1.05,0.9984063117294403,0.000401858901700534,0.998042587601084,0.998042587601084,-2.5033098759443083e-05,0.9983739442519876,111.68268127441407,0.10561026395264722,52.044589805603025,0.07090948462784305,61.0,0.0,255.0,0.0,65.0,0.0,69.0,0.0,97.75,0.4330127018922193,130.2,0.4000000000000001,195.35,0.47696960070847283,61.2,0.39999999999999997,6.736338285533736,0.0013452476841560345,0.01677387338131666,2.8885507044673913e-05,1.6484666053921568,0.003072104427700577,0.7816951998951722,0.00037471645095514045,0.24826426091665868,0.00032183362046142296,0.979665787662906,4.247842117968229e-05,0.46600394297969405,0.00020549177949466795,6.906392691379098,0.005586169203374737,14.0,0.0
A,72,1.22,0.92,1.07,0.9977404287000977,0.0006976048225973146,0.9972040293046248,0.9973671384309947,-4.96765646027742e-05,0.9976907897255766,112.27752380371093,0.07137187246966052,52.57454433441162,0.049075762755103725,61.0,0.0,255.0,0.0,65.0,0.0,69.0,0.0,97.775,0.4023369234857771,132.0,0.0,197.425,0.48153400710645555,63.0,0.0,6.745133922797909,0.0013133338602946915,0.01674711660016328,3.4177111384299036e-05,1.662299325980392,0.0056644359245481566,0.7810519826516439,0.0007222214000475606,0.24792983143184294,0.0003057249956396744,0.9799058996176754,4.331813476061759e-05,0.46825521270625325,0.0001766498886905926,6.856094044892652,0.0025645134594182,14.0,0.0
A,73,1.22,0.92,1.07,0.9983765106323059,0.0003859008157500512,0.9981830779436847,0.998210933891364,-1.8288415492581514e-05,0.998338144510523,111.72657318115235,0.03747153309953495,52.11221618652344,0.019292739932059697,61.0,0.0,255.0,0.0,65.0,0.0,69.0,0.0,97.55,0.4974937185533099,130.1,0.30000000000000004,196.0,0.0,61.1,0.3,6.737083022478069,0.0010093058921472656,0.0167438477743417,3.172948065480424e-05,1.6522863051470587,0.0025923937089232765,0.7816164794418669,0.0003968249639741269,0.24849965484649855,0.00024409914174639054,0.9796676909245562,3.630467580391686e-05,0.4664263444139752,0.00011404084234497155,6.909360500815966,0.003314426024405086,14.0,0.0
B,1,0.4,0.26,0.38,0.9977299924100645,0.0006241059370526622,0.9972451932246198,0.9973485012343961,-3.597162565525286e-05,0.9976802946096629,108.10236053466797,0.07211149653961678,55.491559982299805,0.06518812932902342,59.0,0.0,255.0,0.0,61.0,0.0,63.0,0.0,90.05,0.21794494717703367,129.0,0.0,206.4,0.4898979485566356,66.0,0.0,6.584898797564416,0.001020800119166563,0.023110888875089587,4.944522853976435e-05,1.5278094362745098,0.002483188727448558,0.8318482460800691,0.0003153113056125095,0.33622431709592426,0.00025181856474236703,0.983397133995361,5.2919465823878785e-05,0.5133240565752601,0.0002787959184697591,6.252888640049328,0.008093222200356442,15.9,0.30000000000000004
B,2,0.41,0.27,0.38,0.9978236689230254,0.0006465331234265559,0.9970890224784467,0.9978576469640991,-4.858913673148187e-06,0.9977655028935768,108.21691818237305,0.03937835946864455,55.72637996673584,0.02866642568221623,58.95,0.21794494717703367,255.0,0.0,61.0,0.0,63.0,0.0,91.0,0.0,129.0,0.0,208.1,0.30000000000000004,66.0,0.0,6.5789984289189025,0.001398916279744983,0.02316738963127136,5.9065031347521846e-05,1.5260738357843138,0.0038894743223890447,0.8325070252589901,0.00044295788399955244,0.33655130581794374,0.000292039030868297,0.9835524586301228,4.034545965818305e-05,0.5149506992192749,0.00011557319612408948,6.212442022764599,0.003718604893429518,16.0,0.0
B,3,0.41,0.27,0.39,0.9979216374397664,0.0005347538874704393,0.9976040233242979,0.9979882540508731,-1.3912596229890334e-05,0.9978651906194417,107.86174240112305,0.04657016375931616,55.53065299987793,0.039251696803930855,58.9,0.3,255.0,0.0,61.0,0.0,63.0,0.0,90.25,0.4330127018922193,128.0,0.0,207.95,0.2179449471770337,65.0,0.0,6.571349606914626,0.0007184430823577735,0.023216062295250594,4.4679266467861404e-05,1.492781862745098,0.0018310124131068904,0.8346870380493039,0.0002748158933251482,0.3371815462490547,0.00024260024247150822,0.9837997551961379,2.940651145609929e-05,0.5148317302840234,0.00017387941678932071,6.206518371823452,0.006164681707665259,16.0,0.0
B,4,0.42,0.27,0.39,0.9980486094734143,0.0005298192261502338,0.997415315964727,0.998121602301173,-2.537606908574214e-05,0.9979953362272211,108.12405929565429,0.11292091893274528,55.72474975585938,0.09237352552243552,59.0,0.0,255.0,0.0,61.0,0.0,63.0,0.0,91.0,0.0,128.5,0.5,208.8,0.5787918451395113,65.5,0.5,6.572760691146337,0.0015686394111590729,0.023213612753897904,6.002860034575254e-05,1.4941505821078431,0.0027038192190065972,0.8338302814562144,0.0002519929707394533,0.3369199111692188,0.0002850313227059718,0.9838932959040063,6.643259452938708e-05,0.5153775728457213,0.00033297165851053743,6.17117088664524,0.012667625829062112,16.0,0.0
B,5,0.42,0.28,0.39,0.9979794420434566,0.0005841556773393874,0.9973750164534902,0.9973750164534902,-1.0070260085957972e-05,0.9979421754022045,108.41756134033203,0.05991591802474632,56.02943058013916,0.04964783497913145,59.0,0.0,255.0,0.0,61.0,0.0,63.0,0.0,91.0,0.0,129.0,0.0,209.9,0.30000000000000004,66.0,0.0,6.571003143754952,0.0009400138999384858,0.023219777294434606,4.2899083309838754e-05,1.4740448835784312,0.004750968705110031,0.8348547286701361,0.00019592498327527396,0.33678451378055996,0.00025755516144269073,0.9842845994878815,7.333493197376453e-05,0.5167928612897822,0.00020937553304424704,6.119273906594402,0.011708328228006522,16.0,0.0
B,6,0.43,0.28,0.39,0.9984004577201606,0.00039687228382398796,0.9978259020327938,0.9978259020327938,-2.017877977978255e-05,0.9983734843887534,108.03818969726562,0.041274193943997714,55.90164852142334,0.03944042844527215,58.6,0.4898979485566357,255.0,0.0,61.0,0.0,63.0,0.0,91.0,0.0,128.1,0.30000000000000004,208.75,0.4031128874149275,65.1,0.30000000000000004,6.565770518775335,0.0008821349837611178,0.023340764921158552,4.0697388137986575e-05,1.4667784926470586,0.0024193690449548963,0.8352006932443261,0.00019889024250224107,0.3402359761545038,0.00019616316430224736,0.9842722331628633,1.8434329909659084e-05,0.5174248306852138,0.00017842291955114423,6.123756763290592,0.0033857484762370937,16.0,0.0
B,7,0.44,0.29,0.4,0.9979052107804174,0.0005955506485267772,0.997281468731358,0.9977589305233537,-8.338230840702953e-06,0.9978539342287458,107.80277099609376,0.033528882846797003,55.75073413848877,0.034645310919150636,58.6,0.4898979485566357,255.0,0.0,61.0,0.0,63.0,0.0,90.05,0.21794494717703367,128.0,0.0,208.0,0.0,65.0,0.0,6.565884378111862,0.0007651772826745522,0.02331870140042156,4.5598372106695045e-05,1.4741597732843137,0.0025671216904660458,0.8351004492417944,0.0002639070699201718,0.339914427493451,0.00024857686790068364,0.984104087794436,2.6377360657461115e-05,0.517154892229174,0.00020421883749313524,6.158847307894616,0.005340406950958071,16.0,0.0
B,8,0.45,0.29,0.4,0.998166419832544,0.0005182950500292684,0.9976937908652594,0.9976937908652594,-2.9507630740210323e-05,0.9981306053272503,107.75111083984375,0.05941371142015932,55.66914749145508,0.04502280478680456,58.6,0.48989794855663565,255.0,0.0,61.0,0.0,63.0,0.0,90.0,0.0,127.4,0.4898979485566356,207.65,0.47696960070847283,64.4,0.4898979485566356,6.566998959251478,0.0017143218745472619,0.023270187247544528,5.393783280523314e-05,1.473896292892157,0.004194399855322584,0.8349215568104229,0.00023200439094162517,0.3399750787518753,0.00028624261452208966,0.9840616316041253,3.49403413899156e-05,0.516645629720631,0.0001626234518391349,6.136754280169008,0.007047467978185425,16.0,0.0
B,9,0.45,0.3,0.41,0.9980754401618034,0.00045974590898023175,0.9977896135123645,0.99779553849937,-1.7229584076137787e-05,0.9980321596834676,107.81659927368165,0.04175812094286123,55.71769905090332,0.03707953045277382,58.55,0.4974937185533099,255.0,0.0,61.0,0.0,63.0,0.0,90.0,0.0,127.0,0.0,207.1,0.30000000000000004,64.0,0.0,6.564781166063193,0.0010841740957470236,0.023246841551735998,5.418678479879552e-05,1.4673092830882353,0.002885073363740095,0.83560757386279,0.00026954201102403363,0.339838207974819,0.0002682285717865498,0.9841633294101403,3.4637955331743543e-05,0.5167821533990964,0.00018204564864815007,6.109124902646322,0.0049218295719501625,16.0,0.0
B,10,0.47,0.31,0.41,0.998220497110629,0.0004463774261867268,0.9978456329794014,0.9982086058091115,-1.3763126923758902e-05,0.9981739810161855,107.45315475463867,0.06536414765349159,55.3971529006958,0.05254106216004063,58.65,0.47696960070847294,255.0,0.0,61.0,0.0,63.0,0.0,90.0,0.0,126.4125,0.48266836440769556,205.7,0.45825756949558405,63.4125,0.48266836440769567,6.562447521858738,0.0010938731937501771,0.023267792095430194,4.665259484408896e-05,1.4766199448529411,0.0029611856832227773,0.8353890395408767,0.0002623340648970514,0.3401384225717474,0.00027529577525695667,0.9838803901994433,3.4512389273210445e-05,0.515546916821684,0.0002054489452633909,6.157249940202995,0.004847234938476454,16.0,0.0
B,11,0.47,0.31,0.42,0.9983197730922061,0.00040578388372779255,0.9978581452635564,0.9981811355461333,-1.8741972490419982e-05,0.998279204951082,107.45774765014649,0.05687005881800832,55.23384246826172,0.040761757581964896,58.45,0.4974937185533099,255.0,0.0,61.0,0.0,63.0,0.0,90.0,0.0,126.0,0.0,205.0,0.0,63.0,0.0,6.562466694106199,0.0013232143027588155,0.023229156155139208,4.918219573278666e-05,1.482158394607843,0.0014528496714064326,0.8347917286722293,0.00028955244188517515,0.3397470787639475,0.00023270109065704785,0.9837251343047491,3.226317130227625e-05,0.5140051640882735,0.00014022228047026194,6.156481420390501,0.0031784782543615706,16.0,0.0
B,12,0.48,0.32,0.42,0.998254732648016,0.000423331788027187,0.9979217578922934,0.9981247347012273,-1.228719705070884e-05,0.9982122255583793,107.51229858398438,0.02160521897106247,55.1700159072876,0.013623672382278714,58.6,0.4898979485566357,255.0,0.0,61.0,0.0,63.0,0.0,90.05,0.21794494717703367,126.0,0.0,205.05,0.21794494717703367,63.0,0.0,6.566913556530257,0.0006331578712519675,0.023111346596851944,3.500442726468179e-05,1.498481924019608,0.0017979259710042012,0.8346505930381826,0.000195884105760755,0.3389982075533301,0.0002482560435251363,0.9835006833999833,1.877595948145633e-05,0.51315075704965,0.00014060792591809486,6.20018147973655,0.00416548742652015,15.0,0.0
B,13,0.49,0.32,0.42,0.9980412750087686,0.0005443387270112462,0.9973487137259391,0.9973487137259391,-3.5406374704636635e-05,0.998007954911153,107.54014511108399,0.04812422803891103,55.15163516998291,0.03823927983384957,58.9,0.3,255.0,0.0,61.0,0.0,63.0,0.0,91.0,0.0,126.05,0.21794494717703367,205.325,0.4548351349665063,63.05,0.21794494717703367,6.56689791202388,0.0009933841726776484,0.02312350757420063,4.36173696913622e-05,1.4879764093137255,0.0020271695986802097,0.8345662235675521,0.00020219483585142269,0.33900020050921664,0.00024360504174929611,0.98360905809259,3.654508302046815e-05,0.5128468993259525,0.0001556731300647227,6.18263436780933,0.005096744550464553,16.0,0.0
B,14,0.49,0.32,0.42,0.9978713935843674,0.0006407942010768357,0.9973328290110967,0.9980247475462788,-1.7782702523447822e-05,0.9978113419954583,107.63937225341797,0.09632759521380069,55.12793045043945,0.07976495786135043,58.55,0.4974937185533099,255.0,0.0,61.0,0.0,63.0,0.0,91.0,0.0,126.65,0.47696960070847283,205.825,0.36314597615834876,63.65,0.47696960070847294,6.568560142420712,0.0017029851132837625,0.02310650807339698,4.0601056578795387e-05,1.493953737745098,0.0026775413978913486,0.8334507218500692,0.0003734886339294481,0.3389079402054066,0.00020594451172004362,0.9835275550596506,2.9108417664298356e-05,0.5121537089552509,0.00029128045651078495,6.20371220287698,0.004554386833519854,15.0,0.0
B,15,0.5,0.33,0.42,0.9981501824420593,0.00046243007406871194,0.9977870666884877,0.9980744868657857,-1.2632049872965961e-05,0.9981034950214626,107.39311981201172,0.1076220959657779,54.85147933959961,0.08095193813712723,58.55,0.4974937185533099,255.0,0.0,61.0,0.0,63.0,0.0,91.0,0.0,126.35,0.47696960070847283,204.1,0.30000000000000004,63.35,0.4769696007084729,6.567352818423712,0.0016661570329010728,0.023111559636890888,3.7173464014383596e-05,1.4986603860294119,0.0026414638944007507,0.834809354266327,0.0003115263668198557,0.3390905297783024,0.00028169285054555526,0.9833097615168291,5.036510535336833e-05,0.5107538975156383,0.0002638793211298988,6.239055821028435,0.009076883531089895,15.0,0.0
B,16,0.51,0.33,0.43,0.9980446975236228,0.0005957445746498093,0.9973321352803124,0.9982466088164232,-3.811045587873127e-05,0.9979879287401971,107.1476203918457,0.06788964780791087,54.53866195678711,0.05733173685238439,58.65,0.4769696007084729,255.0,0.0,61.0,0.0,63.0,0.0,91.0,0.0,126.15,0.3570714214271425,202.8,0.4000000000000001,63.15,0.3570714214271425,6.56788774610861,0.0012403798233080424,0.023121247813105584,4.424294779613285e-05,1.493926164215686,0.002195413718616029,0.8348490387021167,0.00036875458169077465,0.33919429928107137,0.0002760027903446033,0.9831717841858681,5.241381376564334e-05,0.5090047609058999,0.0002411255483568179,6.271878049795981,0.00917030629906831,15.0,0.0
B,17,0.51,0.34,0.43,0.9979599101890413,0.0006221661900961828,0.9969575782765749,0.9970553122856217,-3.415348781471699e-05,0.9979300288230272,108.2211181640625,0.06686279692733228,54.83589973449707,0.05520880980893905,59.0,0.0,255.0,0.0,62.0,0.0,64.0,0.0,92.0,0.0,128.0,0.0,204.75,0.4330127018922193,64.0,0.0,6.565231859909213,0.0017437062052000681,0.024117329600267114,5.580998342490681e-05,1.498602175245098,0.006470806324412032,0.8334841105517148,0.00027552212725953987,0.33073323688380574,0.00034845766569187775,0.9833667359105822,8.104589180623224e-05,0.5067023087806812,0.00027428010907014474,6.2190052168554395,0.0077708105540608375,15.25,0.4330127018922193
B,18,0.52,0.34,0.43,0.9980978927624434,0.0005515438083713687,0.9973995223041126,0.9974962752601487,-1.708768558254942e-05,0.9980636693483316,108.05586853027344,0.06969954297061358,54.46977977752685,0.050913711707239864,59.0,0.0,255.0,0.0,62.0,0.0,64.0,0.0,91.0,0.0,129.0,0.0,203.0,0.0,65.0,0.0,6.56905978359948,0.00113817549954071,0.024119171034544706,4.8248218641968364e-05,1.503790594362745,0.0019224265611602087,0.833147916460024,0.0002477162110802789,0.33027600849441857,0.00026640810802574236,0.9830880843583429,4.0330211512114526e-05,0.5040889685672854,0.00019318685451987552,6.270806659188038,0.007892963130980826,15.65,0.47696960070847283
B,19,0.52,0.35,0.44,0.9979827773970484,0.0005866373415747562,0.997408439382769,0.9975152678088199,-4.2916542415574506e-05,0.9979419954755819,108.11825180053711,0.016631727214884786,54.476793479919436,0.012174911828371228,59.0,0.0,255.0,0.0,62.0,0.0,64.0,0.0,91.0,0.0,129.0,0.0,203.0,0.0,65.0,0.0,6.5687547726843665,0.0006984459775290109,0.02414714142214507,3.878752516049299e-05,1.496773131127451,0.0039880106318856854,0.8335140782272317,0.0002417710315725147,0.33018932566369885,0.0002666370917545131,0.9831714906488903,4.27295554657982e-05,0.5038630624789144,8.066482528331266e-05,6.269152398468892,0.005094803914038454,16.0,0.0
B,20,0.53,0.35,0.44,0.9984844285527936,0.0003961422000494798,0.9978769935312631,0.9978769935312631,-2.3295232710114297e-05,0.9984605302257759,108.25667953491211,0.03824819148097003,54.490630531311034,0.027553821233308386,59.0,0.0,255.0,0.0,62.0,0.0,64.0,0.0,91.0,0.0,130.05,0.2179449471770337,203.0,0.0,66.05,0.21794494717703367,6.573660807397054,0.0008657655223111952,0.024112633569166063,4.4859052620327026e-05,1.5057176776960781,0.0018726724455311256,0.8317688284746165,0.0003530310685310987,0.3301226820496014,0.00021141317857160586,0.9830745538207581,3.3594676895724236e-05,0.5033465660963228,9.32130636354871e-05,6.277735585949683,0.0028358975844848073,16.0,0.0
B,21,0.54,0.35,0.45,0.9984065833582904,0.0003791780023281477,0.9981534766947371,0.9982628813550787,-1.2763841277915869e-05,0.9983684329730407,107.97383880615234,0.04777637761844206,54.174215698242186,0.038281562466951836,59.0,0.0,255.0,0.0,62.0,0.0,64.0,0.0,90.0,0.0,130.35,0.47696960070847283,201.05,0.2179449471770337,66.35,0.47696960070847283,6.570845388729505,0.0011032543057727822,0.024115110654383896,4.967126429634041e-05,1.5061833639705884,0.0017496077313226702,0.832690459951887,0.00024007229409532204,0.3302381327667201,0.00025263658612143506,0.9828708509811064,2.8650187303490695e-05,0.5017345923072135,0.0001528118432675858,6.337847007137843,0.0037709975452647417,15.9,0.3
B,22,0.54,0.36,0.45,0.9985146944381214,0.00034527474362006246,0.998276355630225,0.9983920572555712,-1.4220824713268842e-05,0.9984788347439022,108.06802825927734,0.029645603467604312,54.21845035552978,0.020358137592698437,59.0,0.0,255.0,0.0,62.0,0.0,64.0,0.0,90.0,0.0,131.0,0.0,201.0,0.0,67.0,0.0,6.574427174124692,0.000989069350847164,0.024117667693644762,7.148563046973112e-05,1.5085363051470588,0.0017489946877943152,0.8325508163424086,0.00021933547434584591,0.32975044747789595,0.00020561839869258654,0.9828735863688642,1.7693558082774595e-05,0.501706660149003,9.408643699432902e-05,6.338428386205615,0.0018309798265277438,16.0,0.0
B,23,0.55,0.37,0.46,0.998330129008768,0.00046392555482210185,0.9976852756740153,0.9984603442996421,-1.538909835934101e-05,0.9982827583171073,108.22722244262695,0.10006063391591194,54.421336555480956,0.08307621402818828,59.0,0.0,255.0,0.0,62.0,0.0,64.0,0.0,90.0,0.0,131.5125,0.4903761311483258,202.15,0.3570714214271425,67.5125,0.49037613114832573,6.575482334070313,0.0010615505929709077,0.024139474891126157,3.7525684246359074e-05,1.509306832107843,0.0020735926669081285,0.8322019901210866,0.00034128697002487526,0.329792852295552,0.0002923764565568315,0.9830063943331243,6.566385145076936e-05,0.5028430585394238,0.00032132774807491543,6.336658764452635,0.010122288093482628,16.0,0.0
B,24,0.56,0.37,0.46,0.9981199726014568,0.000515772171258502,0.9975669458391133,0.9976862389324406,-6.6762560621562615e-06,0.998081912240127,108.08269729614258,0.033894913612484444,54.27917556762695,0.02650320521477678,59.0,0.0,255.0,0.0,62.0,0.0,64.0,0.0,90.0,0.0,131.0,0.0,201.0,0.0,67.0,0.0,6.573904552553303,0.0008457001539431126,0.02407617724966258,4.050388498929836e-05,1.515091911764706,0.0027894736882186073,0.8322720826149747,0.0002763932452339908,0.3302094383237678,0.00025699866584494833,0.9828431510499339,3.489038474877839e-05,0.5022004140129038,0.00018196047308912994,6.3706866685364165,0.0035293226103141305,16.0,0.0
B,25,0.56,0.38,0.46,0.9983940081940087,0.000382045801911774,0.9981663368195566,0.9982869341305528,-1.680345181047829e-05,0.9983545629902314,107.94118270874023,0.05832171996126837,53.92647800445557,0.04394301809631136,59.0,0.0,255.0,0.0,62.0,0.0,64.0,0.0,90.0,0.0,131.0,0.0,200.0,0.0,67.0,0.0,6.573406592026181,0.0012425529541838134,0.02373549819458276,5.437564404689212e-05,1.5011894914215687,0.001708774009835827,0.8329069227720088,0.0002117586509699498,0.32721000560894775,0.00023451739575200872,0.9828005068501516,4.28578301643499e-05,0.4995912503607315,0.0001509728927172617,6.351760192237784,0.0048229949340004435,15.15,0.3570714214271425
B,26,0.56,0.38,0.47,0.9983053742004442,0.0004607575693016159,0.9977504641339279,0.998468713330773,-2.8539870574522616e-05,0.9982564803864735,108.03383712768554,0.03396104447352292,53.98719158172607,0.03187121858822032,59.0,0.0,255.0,0.0,62.0,0.0,64.0,0.0,90.0,0.0,131.0,0.0,199.8,0.4,67.0,0.0,6.577992204719327,0.0006185563735126389,0.02374806988518685,5.564177047934598e-05,1.5021155024509805,0.002059292494988287,0.8326005398697361,0.00023464374959880163,0.3273816494287363,0.0002331121099416318,0.9828230538674003,1.9983938135319803e-05,0.4997247991379237,0.00015861769763987084,6.3669876092810185,0.0020084481088662688,15.0,0.0
B,27,0.57,0.38,0.47,0.9984566483237414,0.00036208750094888554,0.9982287930320292,0.9984089936212117,-1.201865045195197e-05,0.9984172878770378,108.27245712280273,0.06936364810146335,54.2656005859375,0.057177493334530066,59.0,0.0,255.0,0.0,62.0,0.0,64.0,0.0,90.8,0.3674234614174767,131.0,0.0,200.15,0.3570714214271425,67.0,0.0,6.577409003238193,0.001223167042441845,0.02369180868845433,5.895911413424836e-05,1.5193007046568627,0.0019511294051022,0.8318282487498732,0.00016226370584563078,0.32719448717626615,0.0002512688191649902,0.9828167065373531,3.569521861153391e-05,0.5011947520841065,0.00022979559286664136,6.38958710323001,0.006358642635804185,15.55,0.49749371855331004
B,28,0.57,0.39,0.47,0.9982836603310808,0.0004886994783349226,0.9976577395024805,0.9976602814676845,-3.0342962858288823e-05,0.9982548982045935,108.6118179321289,0.057606634268652625,54.5369068145752,0.04516169612598211,59.0,0.0,255.0,0.0,62.0,0.0,64.0,0.0,91.0,0.0,132.0,0.0,201.125,0.3112474899497183,68.0,0.0,6.592475416483181,0.001406775395199088,0.02354131347965449,6.880988313215971e-05,1.5529028799019606,0.0024622924655532843,0.8308550069091643,0.00024058519904411035,0.326769110549807,0.00022454828711417473,0.982604559202807,2.807975438382608e-05,0.5021267449126579,0.00016120921594782255,6.372393362253233,0.004959868550815541,16.0,0.0
B,29,0.59,0.39,0.48,0.9982024995107759,0.0004876742609168143,0.9976588634993819,0.9982208521821805,-2.0212334937180173e-05,0.9981547139012592,108.63645095825196,0.04111165019529712,54.53213539123535,0.04527690497355745,59.0,0.0,255.0,0.0,62.0,0.0,64.0,0.0,91.0,0.0,132.0,0.0,201.0,0.0,68.0,0.0,6.591610639189116,0.0009401263571112758,0.023560952953994276,5.396864235088564e-05,1.534789368872549,0.0029863367585238137,0.8311816972232953,0.000271033535742068,0.3265698336211898,0.00022833939325607854,0.9828059513428368,3.273002995687966e-05,0.5019689733894964,0.0002589295172537819,6.360540893318918,0.005221010552324477,16.0,0.0
B,30,0.6,0.4,0.48,0.9982693342149848,0.0005257299078828718,0.9975880020594641,0.9976617352432614,-3.3701025740546536e-05,0.9982397798251347,108.33753814697266,0.038678828340416214,54.345269775390626,0.022345050961668896,59.0,0.0,255.0,0.0,62.0,0.0,64.0,0.0,90.15,0.3570714214271425,131.2,0.4,200.0,0.0,67.2,0.4,6.590421429929347,0.0008994629759436492,0.0235871386481449,5.7942045792335244e-05,1.5413396139705884,0.0025818785397485446,0.8320274575778702,0.00020634170247361053,0.32676326139547734,0.00028218067002618876,0.9826106375841993,3.8837982328215374e-05,0.501629180096192,0.0001287227360935285,6.380737628860582,0.0014596807556160603,16.0,0.0
B,31,0.61,0.41,0.49,0.9981321576572271,0.0005586234406317906,0.9973662897906096,0.9974598313340689,-2.8354827758969607e-05,0.9981006967093161,107.6947120666504,0.043893356146802516,56.06144199371338,0.03771929436414055,58.95,0.21794494717703367,255.0,0.0,61.0,0.0,63.0,0.0,85.0,0.0,132.7,0.45825756949558405,204.0,0.0,69.7,0.45825756949558394,6.518085666171535,0.0011164844692635604,0.02624003356322646,7.244441199395286e-05,1.5753615196078432,0.0028997008596287504,0.8337416943600516,0.0004016278385410311,0.35576062466909864,0.00021204691500344624,0.9832355420682619,4.0512772320508424e-05,0.5205588735174511,0.00019744991304030754,6.179316220264407,0.006700979209077343,17.0,0.0
B,32,0.62,0.42,0.5,0.9980062872267854,0.000618454482871077,0.9971312880947409,0.9973718386260186,-1.4286328930688487e-05,0.9979705171169577,107.92178497314453,0.09798419852882267,56.32624263763428,0.08102998521804516,59.0,0.0,255.0,0.0,61.0,0.0,63.0,0.0,85.7,0.45825756949558394,132.85,0.3570714214271425,205.35,0.47696960070847283,69.85,0.3570714214271425,6.518915376744884,0.0013721619951413344,0.026393659226596356,7.430023155541393e-05,1.577689950980392,0.0030144684654142585,0.8336792361270492,0.0003069952418971743,0.3554499000307487,0.0002705146119634878,0.9833643645523239,5.920938632402135e-05,0.5219170233283873,0.0002979682076147643,6.137146227759056,0.012284515562054567,17.0,0.0
B,33,0.63,0.43,0.5,0.9983119837425087,0.0004454562515508549,0.9975805486573471,0.9975805486573471,-2.5710362657700134e-05,0.9982868105537371,107.55169372558593,0.028892629143210787,56.179488563537596,0.028410558390729562,59.0,0.0,255.0,0.0,61.0,0.0,63.0,0.0,85.0,0.0,131.0,0.0,205.0,0.0,68.0,0.0,6.516392094678568,0.0009974931344884212,0.026307029742747547,6.676024083045376e-05,1.5867700674019605,0.0021671081748375664,0.8332713714497139,0.0003257215071819062,0.35601502165508064,0.0002541883475309889,0.9831780527516365,2.4559320050785285e-05,0.5223486900798919,0.00016859981735083666,6.163467165063895,0.0021730205903150806,17.0,0.0
B,34,0.64,0.43,0.5,0.997650630097815,0.0007046987879546821,0.9970033616311578,0.9970331698591899,-5.268862015136857e-05,0.9976050535276947,107.4621955871582,0.1147720267509362,56.22365436553955,0.12444211425128665,58.9,0.3,255.0,0.0,61.0,0.0,63.0,0.0,85.0,0.0,130.6,0.4898979485566356,205.35,0.8077747210701756,67.6,0.4898979485566356,6.514406404389538,0.00116145274908082,0.026248631929047406,8.142049322050121e-05,1.5833126531862747,0.0023855400771916843,0.8334928673097812,0.00028472912819313997,0.35645516589958615,0.00024157146261531945,0.9832362372959113,7.925858972779101e-05,0.5231941024054729,0.0006111858752219577,6.152922185359591,0.01321389899387347,17.0,0.0
B,35,0.64,0.44,0.51,0.9979595122603369,0.0005012558551085999,0.9976125713215064,0.9977548305284423,-1.418726950921866e-05,0.9979112015758957,107.24116821289063,0.0406182836060749,56.149719619750975,0.040370186071715566,58.9,0.3,255.0,0.0,61.0,0.0,63.0,0.0,85.0,0.0,129.55,0.49749371855331,205.975,0.10897247358851685,66.55,0.4974937185533099,6.507265348915544,0.0012951014866291349,0.026316745625808834,6.538816159166262e-05,1.5696959252450982,0.002863726652302037,0.834908645012111,0.0005029012402592512,0.35692189559143217,0.0002982378418636625,0.9833425922696172,3.6083702526622454e-05,0.5235835768722356,0.00022763268534955962,6.122588473285871,0.005892215141798851,17.0,0.0
B,36,0.65,0.44,0.51,0.9984132675975633,0.0003711168274959251,0.9982082205647712,0.9983478839960459,-9.883331322247151e-06,0.998373232102776,107.09387893676758,0.03561616038771786,56.058220863342285,0.03366816920251637,58.95,0.21794494717703367,255.0,0.0,61.0,0.0,63.0,0.0,84.575,0.48153400710645555,129.0,0.0,205.95,0.2179449471770337,66.0,0.0,6.503128979178783,0.0008525721492729943,0.026291835797019304,6.970444709100037e-05,1.5676348039215688,0.0010982141862902806,0.8347883249798491,0.0001894869111787897,0.35731431155154436,0.00022473612271179606,0.9833073581967865,2.4563124346663935e-05,0.523449306505647,0.0001656929447389482,6.126350644859754,0.003351577302754108,17.0,0.0
B,37,0.66,0.44,0.52,0.9982867342907357,0.00040731743337895325,0.9980830350457437,0.9980830350457437,-1.5977128774477152e-05,0.9982470088574391,107.10905380249024,0.06554890728991583,56.113604354858396,0.0656926586994367,59.0,0.0,255.0,0.0,61.0,0.0,63.0,0.0,84.0,0.0,129.0,0.0,206.0,0.0,66.0,0.0,6.499619850840799,0.0010558394056965478,0.026364497444592416,5.288238223650625e-05,1.5500176164215689,0.0021862921714488315,0.8347774489577843,0.00028134709303792257,0.35718474044250326,0.00022898958550100052,0.9835305659792887,3.749352642420085e-05,0.5238920952553223,0.00031618813489015483,6.088721515985211,0.00647355650554582,17.0,0.0
B,38,0.66,0.45,0.52,0.997623874043738,0.0007794539111159742,0.9968266755325954,0.9977522308147979,-2.068222817891665e-06,0.9975579666035188,106.68223495483399,0.07155518201873987,55.805149459838866,0.07816992725083899,59.0,0.0,255.0,0.0,61.0,0.0,63.0,0.0,84.0,0.0,128.0,0.0,204.675,0.6759252917297887,65.0,0.0,6.494617122114953,0.0013631410578532753,0.02635102397762239,6.624249013290352e-05,1.5392080269607842,0.0035981218993235975,0.8360147454807463,0.00025906533182756087,0.3576532902187359,0.00025461459817026756,0.983461657056492,8.0906257296892e-05,0.523096684147388,0.0003972500051503571,6.112533431823765,0.014356623257510404,17.0,0.0
B,39,0.67,0.45,0.52,0.99768081724777,0.0006353815082382574,0.9972249028994499,0.9972697686956666,-1.7136000137295564e-05,0.9976306031898456,106.85739669799804,0.040621363574223746,55.93753204345703,0.033564464766199585,59.0,0.0,255.0,0.0,61.0,0.0,63.0,0.0,84.0,0.0,128.75,0.4330127018922193,205.05,0.2179449471770337,65.75,0.4330127018922193,6.495038004890676,0.001226848596989729,0.02637530309148133,6.955804000609284e-05,1.5314866727941177,0.0023096887548932294,0.8350304988388324,0.00026994100337131245,0.35750968187657584,0.00017938393101563793,0.9836280047939177,3.637908372267435e-05,0.5234782961746921,0.00013802118674495863,6.074574584021244,0.00709610633917974,17.0,0.0
B,40,0.67,0.46,0.53,0.9982523091524224,0.0004317093528432616,0.9977423520737403,0.9977423520737403,-2.222795520420009e-05,0.9982197372111093,106.52753524780273,0.02609488826818455,55.67564430236816,0.022996663730404408,58.95,0.21794494717703367,255.0,0.0,61.0,0.0,63.0,0.0,84.0,0.0,128.0,0.0,204.0,0.0,65.0,0.0,6.48770741392895,0.0010793763803099746,0.026363997464068235,7.951652988460611e-05,1.5157444852941178,0.002295620908585111,0.8363208790150575,0.0003077922444166162,0.3579479265836968,0.0002697382704622159,0.9836462491985554,2.400716963730763e-05,0.5226408641123961,0.00013475067306030388,6.073108366283114,0.002060764500244021,17.0,0.0
B,41,0.68,0.46,0.53,0.9979675086586962,0.0005410394356076527,0.9974088381212309,0.9978131993412226,-1.7281191114812634e-05,0.9979180828159375,106.93180313110352,0.06088787147065486,56.03463878631592,0.0418945465449624,58.9,0.3,255.0,0.0,61.0,0.0,63.0,0.0,84.0,0.0,129.0,0.0,205.325,0.4548351349665063,66.0,0.0,6.492082717486506,0.0008675738525146914,0.02633440962526947,7.546553053856285e-05,1.5259773284313725,0.0025036449033693942,0.8347385611374731,0.00018794168776858683,0.3577198549657218,0.00025168379022665624,0.9837492272247786,5.407287565782756e-05,0.5240221530311906,0.00012110530322196014,6.034363893955129,0.007932048102795132,17.0,0.0
B,42,0.69,0.47,0.54,0.9979459350080775,0.0005361891632362322,0.9975262472136658,0.9977695387318094,-1.093054629894757e-05,0.9978965226734289,107.88390502929687,0.059122278046001606,56.45915184020996,0.05054679558221835,59.0,0.0,255.0,0.0,62.0,0.0,63.0,0.0,85.0,0.0,131.0,0.0,207.25,0.4330127018922193,68.0,0.0,6.491379421284691,0.0008642912725891455,0.02712433545384556,5.3314562338160125e-05,1.5323192401960783,0.0036844646035439324,0.8343891737064915,0.00028967133080674823,0.35072327942959053,0.0002528330050553865,0.9839740436168913,2.3340502990506505e-05,0.5233323878622447,0.00019550621690668773,5.995228057262738,0.002554205288914034,17.0,0.0
B,43,0.7,0.47,0.54,0.998253306465954,0.0004882901740046589,0.997717001617082,0.9984470139510173,-1.0119107374022113e-05,0.9982022432812143,108.31819000244141,0.02848969151483176,55.93153476715088,0.028052922939147174,60.0,0.0,255.0,0.0,63.0,0.0,64.0,0.0,86.0,0.0,130.95,0.2179449471770337,207.0,0.0,66.95,0.21794494717703367,6.4877760467269265,0.001101425316088251,0.027030972740612925,5.499723999201566e-05,1.5225061274509804,0.00235994182655348,0.8337120143763812,0.00029436398257281994,0.33554441577207067,0.00021654382681918072,0.98386853510312,3.245053612767897e-05,0.51636324132108,0.00013867267895445573,6.009727026902037,0.003976286265696865,17.0,0.0
B,44,0.71,0.49,0.55,0.9981802136766286,0.00043967152992876866,0.9977879776998622,0.9979154504328802,-2.347081163121793e-05,0.9981392920166122,108.26748275756836,0.03442112048809348,56.40849094390869,0.027089074689267915,59.1,0.3,255.0,0.0,62.0,0.0,64.0,0.0,85.0,0.0,131.0,0.0,207.575,0.48153400710645555,67.0,0.0,6.498946874351351,0.0009237166224867376,0.025751017872244118,3.699053478836097e-05,1.5203285845588237,0.0017346171086072403,0.8338795722018665,0.00020658330494982427,0.34347009728913613,0.00022769674232074778,0.984124375027393,2.405866515779283e-05,0.5210104382242878,0.00011383578354340056,5.943476295605276,0.003747063101535729,17.0,0.0
B,45,0.72,0.49,0.56,0.9979352824113079,0.0005617148613594296,0.9973384522631402,0.998076171606138,-7.80957118947546e-06,0.9978772401275046,107.86550903320312,0.04839785832219413,56.09508228302002,0.0411104169466202,59.15,0.3570714214271425,255.0,0.0,62.0,0.0,64.0,0.0,84.95,0.21794494717703367,130.0,0.0,206.05,0.21794494717703367,66.0,0.0,6.496060090171606,0.001155456048348464,0.02573008122853935,3.6594557320659676e-05,1.4970220588235295,0.003105435289320443,0.8344801628712337,0.00030914920993224795,0.34374906435062785,0.00024957159470353075,0.9841968144801392,4.101605165652834e-05,0.5200464593470414,0.000175308657872259,5.951130887569601,0.0052930369066881595,17.0,0.0
B,46,0.73,0.5,0.56,0.9978218880977993,0.0006287286106079255,0.9973450384313275,0.9973450384313275,-4.265296318489342e-05,0.997777118038938,107.76722030639648,0.059063610735317136,56.13368034362793,0.04519654800568054,59.05,0.21794494717703367,255.0,0.0,62.0,0.0,64.0,0.0,84.0,0.0,129.5,0.5,206.8,0.4000000000000001,65.5,0.5,6.492952823429874,0.0006467631071386061,0.025748879229649902,2.7802140798424893e-05,1.4761289828431372,0.0030587586117429726,0.8365820780567234,0.0005460899841620792,0.3442244485127662,0.00025651225817254365,0.9844423223055877,5.2387730898634596e-05,0.5208789170898646,0.00015342106345509428,5.922999519178861,0.005140560983351855,17.0,0.0
B,47,0.73,0.5,0.57,0.997995583315636,0.0006030401373336375,0.9974619314860186,0.9974619314860186,-4.1459870575547894e-05,0.9979568789773268,107.78528671264648,0.02806993725217894,56.22074546813965,0.029538689176421825,59.25,0.4330127018922193,255.0,0.0,62.0,0.0,64.0,0.0,84.0,0.0,129.65,0.47696960070847283,208.0,0.0,65.65,0.47696960070847283,6.494476771795519,0.0005248665191836884,0.025737268896773458,2.307371295361037e-05,1.4479335171568626,0.0038984052933692215,0.8366378752730437,0.00027662504653788456,0.34418889752261894,0.00023995405874132367,0.9847805108897196,2.8987258965480847e-05,0.521599412311504,0.00015836899964607069,5.886878273645836,0.005005451131446533,16.75,0.4330127018922193
B,48,0.74,0.51,0.57,0.9981067564664986,0.000542659693349347,0.9973724276848546,0.9983377268219156,-1.538460145017699e-05,0.9980508561009742,107.92641754150391,0.02769966358479366,56.38480281829834,0.02814807319681121,59.15,0.3570714214271425,255.0,0.0,62.0,0.0,64.0,0.0,84.0,0.0,130.0,0.0,208.65,0.47696960070847283,66.0,0.0,6.498173341754527,0.0008573743874446751,0.02571934093721211,3.806253408344082e-05,1.4504947916666664,0.008098551526200617,0.8374640369899609,0.0003530451899291649,0.3439559197365334,0.0001990246422557841,0.9848389169665037,6.938895765351464e-05,0.52243743025253,0.00015826604635735953,5.893010664144102,0.0085374649408912,16.0,0.0
B,49,0.75,0.51,0.58,0.9980380356361023,0.0005326839835678979,0.9975647964722206,0.9976506429207864,-2.1984583649242714e-05,0.9979965995400604,107.78229370117188,0.050757942765623454,56.31779251098633,0.04296265767538058,59.05,0.21794494717703367,255.0,0.0,62.0,0.0,64.0,0.0,84.0,0.0,130.0,0.0,208.575,0.48153400710645555,66.0,0.0,6.497768636381866,0.000871162655351526,0.02574528057593852,3.7891575777264e-05,1.4601623774509804,0.0024302721229671827,0.8380020351963899,0.0002443759461724734,0.3440445363508564,0.00027452217676203955,0.9846995364415368,1.9822850576981818e-05,0.5225142625681377,0.00018011205923986062,5.913571551183803,0.0024536269758492105,16.0,0.0
B,50,0.76,0.52,0.58,0.9981875958476655,0.0005321473714176698,0.997537314984449,0.997537314984449,-1.9164325388286954e-05,0.9981570136558204,107.8959129333496,0.04945742996736742,56.44929523468018,0.05130974330043333,59.05,0.21794494717703367,255.0,0.0,62.0,0.0,64.0,0.0,84.0,0.0,130.0,0.0,209.0,0.0,66.0,0.0,6.498457370467139,0.0009089719144304435,0.025728318863548337,3.3660337067258436e-05,1.4366888786764704,0.0030099503797703223,0.8383173742673963,0.00033680477655427966,0.34390674469064,0.00029448927054472876,0.985015895560567,4.916248793652879e-05,0.5231827861139787,0.00025102732242018416,5.868561162988756,0.0073004283505034686,16.0,0.0
B,51,0.76,0.52,0.59,0.9983340153853607,0.00039781466808321117,0.9979987560662963,0.9979987560662963,-1.7418155087763126e-05,0.998298996298609,107.82178802490235,0.032519119456264296,56.298076438903806,0.02368455675555324,59.0,0.0,255.0,0.0,62.0,0.0,64.0,0.0,85.0,0.0,130.1125,0.3007802353878991,208.775,0.40233692348577704,66.1125,0.30078023538789916,6.504127884633246,0.0012946137216831469,0.025637279474176468,4.696457328486605e-05,1.4324088541666664,0.0019018079065093916,0.8393979513549763,0.0002785774742680161,0.34385478301783556,0.00034413126424315027,0.9849745216040665,2.8735064286335453e-05,0.5221400655579355,0.00011855064634675788,5.88458642673954,0.004576684051442236,16.0,0.0
B,52,0.76,0.53,0.6,0.9981880625745756,0.00043574880690555254,0.9979397606608709,0.9980853011282507,-1.8742462239770255e-05,0.9981430842593099,108.16136322021484,0.06512815057729328,56.482317733764646,0.04811218641720935,59.0,0.0,255.0,0.0,62.0,0.0,64.0,0.0,85.0,0.0,131.3,0.45825756949558405,208.95,0.15,67.3,0.45825756949558394,6.504267094535467,0.0010105722007075042,0.025720354961231352,3.0299616560537125e-05,1.4330560661764706,0.002306808807827608,0.8395682738362762,0.00026543326201169666,0.34339894954339634,0.0002636131084814415,0.9850767622473844,2.4596438387096484e-05,0.5222041234911761,0.00015189756716696315,5.848559519070166,0.0036458721403102717,16.0,0.0
B,53,0.77,0.53,0.59,0.9981885482230981,0.0004298375152251827,0.9978687728224116,0.9980980200224979,-1.8661188203167623e-05,0.9981432607605375,108.01668167114258,0.03043718807608147,56.44606056213379,0.027398422037200457,59.1,0.3,255.0,0.0,62.0,0.0,64.0,0.0,85.0,0.0,131.0,0.0,209.0,0.0,67.0,0.0,6.504945592790473,0.0007913063224014332,0.025674273585900666,4.18929770432737e-05,1.4243504901960786,0.0017020808142339443,0.8389420998282142,0.0002735119906792159,0.3435337444168154,0.0002021664760445434,0.9851425619526285,2.3955586528878448e-05,0.5225679703500467,0.00013748403377287575,5.853768351697183,0.0031335455535038566,16.0,0.0
B,54,0.8,0.55,0.6,0.9978151575082299,0.0007129430554920782,0.9968815626784152,0.9969392264954358,-5.493674096937333e-05,0.9977807124692831,108.06104125976563,0.1250958533756439,56.17020740509033,0.10147697314873377,59.05,0.21794494717703367,255.0,0.0,62.0,0.0,64.0,0.0,85.0,0.0,131.35,0.47696960070847283,206.55,0.49749371855331,67.35,0.47696960070847283,6.507607723490021,0.0012154380549440832,0.025689240358769894,3.942666666886524e-05,1.4393344056372548,0.004007415231173801,0.8396382568140552,0.00028135390233302235,0.34316158035502276,0.0002821063915609252,0.9848439869182627,5.254936175256737e-05,0.5198003394345954,0.00034769601244789047,5.862380418669635,0.01047641414349851,16.0,0.0
B,55,0.8,0.55,0.61,0.9982787273414745,0.0004057448454706915,0.9980802739249092,0.9981334900654353,-1.4039295452302268e-05,0.9982372527261199,108.10201873779297,0.02222441495508128,56.00943717956543,0.014839770292773129,59.1,0.3,255.0,0.0,62.0,0.0,64.0,0.0,85.2,0.39999999999999997,132.0,0.0,205.25,0.4330127018922193,68.0,0.0,6.509185605686939,0.0009346844895303172,0.025660142325796186,3.4375257786288323e-05,1.442807138480392,0.0019885235028255697,0.8400103624359814,0.0003004315995199114,0.34283564579397247,0.0002324440651703171,0.9847248039686866,2.150344298297689e-05,0.5181164809467769,0.00010426831592549349,5.854900802631643,0.0013902758453874756,16.0,0.0
B,56,0.81,0.55,0.61,0.9982164742665616,0.0004983608348736609,0.9974228534696344,0.9981937353522725,-1.4672562613300365e-05,0.9981701377712944,107.86999816894532,0.041603471204016654,55.74108772277832,0.029048841632880948,59.05,0.21794494717703367,255.0,0.0,62.0,0.0,64.0,0.0,86.0,0.0,131.0,0.0,204.0,0.0,67.0,0.0,6.505641097140374,0.0007897188214101845,0.02565028490498662,2.5846266118847153e-05,1.4364154411764707,0.0023099636888072794,0.8404767528452683,0.0002940997085623628,0.34321572165757686,0.0003255190692752342,0.9846403770214796,3.562425266933519e-05,0.5167431798277685,0.00012241874482057328,5.877971290657718,0.0017839876324889398,16.0,0.0
B,57,0.81,0.56,0.61,0.997614074737305,0.000654174052562541,0.9970596483392509,0.9972395686537487,-3.3814345253018366e-05,0.997561142653617,107.95176544189454,0.02088100076924947,55.825479888916014,0.02113450441450451,59.15,0.3570714214271425,255.0,0.0,62.0,0.0,64.0,0.0,86.0,0.0,131.0,0.0,204.0,0.0,67.0,0.0,6.505593773264161,0.0010989358725479227,0.02565694637596607,5.042857338272061e-05,1.44297181372549,0.001905464850974276,0.8402402916194915,0.0003991263861519273,0.3430545547778735,0.00028674127064360326,0.9846173250611068,2.1110829792851716e-05,0.517133543638989,0.00014090805461613196,5.888743030366198,0.0022494010460902027,16.0,0.0
B,58,0.82,0.56,0.61,0.9980104211616642,0.000484972254949947,0.997740314778343,0.9978212619916663,-2.050950983845063e-05,0.9979630416966814,107.9997573852539,0.03716194698531628,55.88993053436279,0.03284674495259403,59.1,0.3,255.0,0.0,62.0,0.0,64.0,0.0,86.0,0.0,131.0,0.0,204.9,0.30000000000000004,67.0,0.0,6.506478840926748,0.000858086097039996,0.02565414395648986,3.671719850935072e-05,1.4444814644607846,0.0012532179790686222,0.8396085378525407,0.00019512179209970614,0.34318723720345073,0.0003553505288596967,0.9846356137800042,2.1883564535361303e-05,0.5175004840369837,0.00015593844798514667,5.877567362629691,0.003652016671100978,16.0,0.0
B,59,0.82,0.56,0.62,0.9975195535264696,0.0006620358151479743,0.9970811090076789,0.9973573035537743,-1.974069076958813e-05,0.9974585483553688,107.94569549560546,0.03524551479956348,55.81379013061523,0.026312439995742787,59.2,0.39999999999999997,255.0,0.0,62.0,0.0,64.0,0.0,86.0,0.0,131.0,0.0,204.275,0.4322904116447646,67.0,0.0,6.50540441964017,0.0006380403369235545,0.025667417724616826,2.548657931315476e-05,1.4393282781862746,0.003736003375509535,0.839558350058406,0.0004348234573708983,0.34331881791687685,0.0004296168873188862,0.9846504793502351,3.375507040859327e-05,0.5170543234803221,0.00012585663315443509,5.876554108006745,0.002688361470784026,16.0,0.0
B,60,0.83,0.57,0.62,0.9978880354394077,0.000626775515533346,0.9972445332704437,0.9975410458076165,-4.4929846039461e-05,0.9978415887307287,108.16378250122071,0.03946573045301162,55.97002029418945,0.03709649172935697,59.1,0.3,255.0,0.0,62.0,0.0,64.0,0.0,86.0,0.0,131.0,0.0,205.0,0.0,67.0,0.0,6.504898038067507,0.0012005063148342132,0.02571089081466198,4.029682383390418e-05,1.448751531862745,0.0028358850845394057,0.8386880986139683,0.0002535387985597445,0.3429224540800958,0.0003769387125422588,0.9846364596417594,3.894644836990107e-05,0.5174561776875994,0.0002341647603995578,5.870232549418613,0.003920251785010504,16.0,0.0
B,61,0.83,0.58,0.64,0.9982770039315243,0.0004118346456690935,0.997950081632647,0.9979637264889504,-2.1430043397600675e-05,0.9982399060729217,108.18092346191406,0.04513111235052879,56.02415027618408,0.04027375958165652,59.05,0.21794494717703367,255.0,0.0,62.0,0.0,64.0,0.0,86.0,0.0,131.0,0.0,205.05,0.2179449471770337,67.0,0.0,6.498217249309488,0.0009318887299316017,0.02582806514110416,4.9466749454553325e-05,1.4350497855392157,0.0016328498224700396,0.8382398479213343,0.00023533500574587723,0.34238742553730483,0.0002595720707952761,0.9848191334908337,2.757577469494032e-05,0.5178745235301218,0.0001834837112993786,5.855600660529576,0.006032282809946059,16.0,0.0
B,62,0.84,0.57,0.62,0.9983169171429992,0.00039448047781723023,0.9980472338565658,0.9981362851396075,-1.4335734013321235e-05,0.9982773789626147,108.25373001098633,0.023814245717159826,56.0366096496582,0.016401850489760745,59.05,0.21794494717703367,255.0,0.0,62.0,0.0,64.0,0.0,86.0,0.0,132.0,0.0,206.0,0.0,68.0,0.0,6.505995518320299,0.0007494481537840405,0.025796719919890167,5.2605954336326756e-05,1.445615042892157,0.0025716224251355,0.839024359086953,0.00020687198620727634,0.3424943527027589,0.00029573331898262114,0.9847101962000293,3.1786532523525625e-05,0.5176413751993809,0.00010106882337404252,5.863803686775516,0.0030767714530656964,16.0,0.0
B,63,0.84,0.58,0.63,0.998186789997902,0.000426711412422339,0.997924332750892,0.9980140032921158,-1.4646530759551027e-05,0.9981436209637622,108.26304779052734,0.023605259831668852,56.00248508453369,0.022826498497766416,59.0,0.0,255.0,0.0,62.0,0.0,64.0,0.0,86.0,0.0,131.0,0.0,205.6,0.4898979485566356,67.0,0.0,6.504683897880435,0.0005833478698673094,0.02578328992240131,3.858547003766485e-05,1.4438909313725492,0.002338555935644679,0.838192857065971,0.00028128724446593563,0.34230690470950215,0.00031445675352309994,0.9847047400849476,1.820567026349078e-05,0.5172816175281669,0.00016106902960433324,5.859618337120654,0.0013628625284039194,16.0,0.0
B,64,0.86,0.59,0.64,0.998384612569264,0.00037421372446821847,0.9981845156421769,0.9983106156874804,-1.0664977874724112e-05,0.9983440496600547,108.334521484375,0.08290582360223772,56.12490520477295,0.06507753731400771,59.35,0.47696960070847294,255.0,0.0,62.0,0.0,64.0,0.0,86.0,0.0,131.05,0.2179449471770337,206.1,0.4358898943540674,67.05,0.21794494717703367,6.4973094153368205,0.0009438400117308831,0.025886482861824333,3.9267618918077665e-05,1.439208792892157,0.0020589196960044257,0.8376872619891236,0.0003070217101178863,0.34219949143112965,0.0003046006276682086,0.9848371749234129,3.508833938341728e-05,0.5180702180859227,0.00022411701922314106,5.849152295104361,0.005499877936142343,16.0,0.0
B,65,0.87,0.59,0.64,0.9978555861929082,0.0005497036557591254,0.9974591358918117,0.9978130787604562,-1.7753154440806356e-05,0.9978002728672335,108.19311141967773,0.08774783852604354,56.11462516784668,0.07564184749791333,59.4,0.4898979485566357,255.0,0.0,62.0,0.0,64.0,0.0,86.0,0.0,130.95,0.2179449471770337,205.55,0.49749371855331,66.95,0.21794494717703367,6.497133406546121,0.0015232341319027746,0.025836183107458055,3.9977349032263385e-05,1.4190617340686276,0.003393652627575635,0.8374666389044737,0.0002903976535784898,0.3422401750122913,0.00027199696775882424,0.9850384877300534,2.367505583980197e-05,0.51865226738784,0.00030862555936087406,5.815816821260181,0.005458436461646901,16.0,0.0
B,66,0.88,0.6,0.65,0.9980155077394702,0.0004936153884686561,0.9976939666216337,0.9977299614115753,-1.9120388270478506e-05,0.9979707986359536,108.34635467529297,0.0267822416456766,56.22531223297119,0.025378455740549394,59.35,0.4769696007084729,255.0,0.0,62.0,0.0,64.0,0.0,86.0,0.0,131.05,0.2179449471770337,205.95,0.2179449471770337,67.05,0.21794494717703367,6.501878132846031,0.0012602303630137829,0.025780625245533883,6.042330076092464e-05,1.420548406862745,0.0020795249757422263,0.8366143790444298,0.0002573914292806842,0.34194113778527474,0.0003243630767150779,0.9850797394202644,1.74433034817535e-05,0.5189404938212417,0.00015710207995692314,5.817289013147117,0.0021893040584692416,16.0,0.0
B,67,0.89,0.61,0.65,0.9984170868202014,0.0003694589056355402,0.9982049557722245,0.998328960246354,-1.26429126030439e-05,0.998377750330545,107.750634765625,0.025695353343266576,56.20578594207764,0.014528282347570995,59.0,0.0,255.0,0.0,62.0,0.0,63.0,0.0,85.0,0.0,130.05,0.21794494717703367,205.0,0.0,67.05,0.21794494717703367,6.487075571527782,0.0011034228009951178,0.02715697025414556,7.611366884414867e-05,1.4112806372549018,0.0011247503354049025,0.8376233327374125,0.00024254332267550346,0.35024604644833246,0.00023635033902654395,0.985120675817938,1.3169151609652598e-05,0.5216283553373945,8.446213032423015e-05,5.808839637541993,0.0017138649619321883,16.0,0.0
B,68,0.9,0.61,0.66,0.9978260854113146,0.0005727146302129402,0.9974416443250889,0.9976840469916127,-2.5819895627746288e-05,0.9977726149857887,107.84328231811523,0.05179452747203402,56.29989223480224,0.03807906197029246,59.0,0.0,255.0,0.0,62.0,0.0,63.0,0.0,85.0,0.0,130.8125,0.37811208655635437,205.175,0.36314597615834876,67.8125,0.37811208655635437,6.489954062068913,0.0012731521242089182,0.027138892817310988,7.506583505178321e-05,1.405274969362745,0.0032690477688561647,0.837521226153004,0.00032628851627039535,0.3500228868234553,0.0003206592157258142,0.9852388447275967,3.653714061842138e-05,0.5220528111483755,0.00016598812056225711,5.79376164434328,0.007420176794745045,17.0,0.0
B,69,0.91,0.62,0.66,0.998270334368561,0.00047434435278397697,0.9976766587523149,0.9976766587523149,-3.107994861609122e-05,0.9982404398944507,107.7226432800293,0.0536534631033542,56.28914337158203,0.043414907680551826,59.0,0.0,255.0,0.0,62.0,0.0,63.0,0.0,85.0,0.0,130.0,0.0,205.0,0.0,67.0,0.0,6.487415478556812,0.000796505405981509,0.02717415161896497,6.035363861227953e-05,1.4130637254901959,0.005159582522194282,0.8372447635734488,0.0002271952928355664,0.35038569273826337,0.0002659231696206043,0.9851464700130018,3.358233429721636e-05,0.5225376470087124,0.00016881848008422974,5.807908849356504,0.005253534455724616,16.95,0.21794494717703367
B,70,0.91,0.62,0.67,0.9979321066973631,0.0005416927084824847,0.9975178071731398,0.9976883580762244,-3.223968617726852e-05,0.9978841028899287,107.7290641784668,0.039558743474547874,56.34497222900391,0.0407565957605653,59.0,0.0,255.0,0.0,62.0,0.0,63.0,0.0,85.0,0.0,130.0,0.0,205.0,0.0,67.0,0.0,6.487844013306447,0.0012182427427025204,0.027168393577449025,6.683185577647136e-05,1.4126210171568627,0.002216197775440437,0.8378287365695842,0.00032896920783848625,0.35040060771240394,0.0003261863444261198,0.9851804676272622,3.250200965845713e-05,0.523024755826135,0.0002452590238548233,5.801933270636253,0.0019899945270616735,17.0,0.0
B,71,0.92,0.63,0.68,0.9982593216290259,0.0004686030332574034,0.9978048520689525,0.9978048520689525,-2.6092604700716e-05,0.9982254740287126,108.04898452758789,0.09231442106989013,56.77137069702148,0.07976037980795124,59.0,0.0,255.0,0.0,62.0,0.0,63.0,0.0,85.0,0.0,130.85,0.3570714214271425,206.875,0.3112474899497183,67.85,0.3570714214271425,6.48442671212873,0.0016430845813806653,0.027271835086867213,7.279040747710158e-05,1.4257176776960785,0.0027061658289619078,0.8383820322545329,0.0002528449480476376,0.34988542044309373,0.00022738905496068353,0.9852726737780738,5.3785523025296034e-05,0.5254222985524961,0.0003184704153058768,5.789086492651788,0.00656403820701667,17.0,0.0
B,72,0.93,0.64,0.68,0.998270974613108,0.00045766919129666927,0.9975986504851941,0.9975986504851941,-2.9433097464832504e-05,0.9982431666852138,107.23889999389648,0.051054725581972514,56.62712707519531,0.04328656179236512,58.8,0.39999999999999997,255.0,0.0,61.0,0.0,63.0,0.0,84.0,0.0,129.8625,0.33048260166005716,205.175,0.36314597615834876,66.8625,0.33048260166005705,6.488856229804229,0.0013053653231238232,0.026404223428107797,7.55027832593923e-05,1.4479159007352942,0.0035848418632755913,0.8394851372630455,0.0002287190181158567,0.35769206479473536,0.00020974903530810192,0.9849173816737462,3.5732982850505534e-05,0.5280464628819778,0.0002189640940885014,5.848229331597233,0.0052637948098193405,17.0,0.0
B,73,0.94,0.64,0.69,0.9981600374462728,0.000490814766809007,0.9975462358473118,0.9977433502449832,-2.199787738004664e-05,0.9981225828317086,106.90504455566406,0.014170047988172653,56.348635864257815,0.01145200713764494,58.85,0.3570714214271425,255.0,0.0,61.0,0.0,63.0,0.0,84.0,0.0,129.0,0.0,204.15,0.3570714214271425,66.0,0.0,6.4891504642979285,0.0012145380824705317,0.02636766105424613,6.414540190497041e-05,1.4451838235294117,0.0021870172168679614,0.8403057565990564,0.00023686236141677466,0.3578489317382062,0.0002831953564688614,0.9847969114002402,2.0080691292468253e-05,0.5270905310186771,0.00012193748252034899,5.878765245619446,0.0018076524050452951,17.0,0.0
B,74,0.95,0.65,0.7,0.9981954770681976,0.0005017819690643849,0.9974856519014578,0.9982643917354783,-1.546595018774317e-05,0.9981461760787217,107.00808639526367,0.061931944108114645,56.47308921813965,0.06357044294342444,58.9,0.3,255.0,0.0,61.0,0.0,63.0,0.0,84.0,0.0,129.45,0.49749371855331,204.725,0.4322904116447646,66.45,0.4974937185533099,6.490987047391277,0.0007418276527492335,0.026308134151622652,4.6699666270378714e-05,1.458507199754902,0.003206453570180309,0.8396857898089346,0.0002545332647627648,0.3579964579947713,0.0002278544465196308,0.9847241276871859,3.4837661575407154e-05,0.5277458384429657,0.00030389237684918857,5.883864146190338,0.0018867063608682512,17.0,0.0
B,75,0.96,0.67,0.71,0.9979470943381392,0.0005167141644215366,0.997484262842253,0.9974993897129126,-3.232023783233053e-05,0.9979048522055698,106.57440338134765,0.018791291286598337,56.21457405090332,0.024185685898590853,58.75,0.4330127018922193,255.0,0.0,61.0,0.0,63.0,0.0,83.0,0.0,129.0,0.0,204.0,0.0,66.0,0.0,6.488906776337944,0.0007489318112667509,0.02625910777132958,5.8202732560850355e-05,1.4811611519607846,0.002242620899812601,0.841581849473196,0.0003031168967387843,0.3580728376700966,0.00030960491003628477,0.9843447737530949,1.9038768580339227e-05,0.5274678683071263,0.00018998049132117279,5.959911241179816,0.00449524821855375,17.0,0.0
B,76,0.98,0.68,0.72,0.9983177449461854,0.0003978601162440369,0.9980524181240555,0.9981991354630417,-1.8132653547901403e-05,0.9982765963785099,106.80675582885742,0.03584313146124582,56.58345947265625,0.03593523612646876,58.95,0.21794494717703367,255.0,0.0,61.0,0.0,63.0,0.0,83.0,0.0,129.0,0.0,206.825,0.36314597615834876,66.0,0.0,6.482795411568722,0.0007584728197664044,0.0263407991733402,4.717477215118922e-05,1.4944332107843137,0.0019218217882172612,0.8423023812073863,0.00015427210662937528,0.3580400721962482,0.0002032513986717412,0.9844067325651172,2.6255944548985415e-05,0.5297741160517273,0.00018381194001277585,5.963719866008043,0.0023091558873601144,17.0,0.0
B,77,0.98,0.68,0.73,0.9980266449933006,0.0004963956487288907,0.9974748866044086,0.9975994198173331,-2.1737497884895515e-05,0.9979859573661498,106.5664451599121,0.028430751941701544,56.36396675109863,0.03041483583658389,58.9,0.3,255.0,0.0,61.0,0.0,63.0,0.0,83.0,0.0,128.8125,0.37811208655635437,206.0,0.0,65.8125,0.37811208655635437,6.481326723704399,0.0013698620845547461,0.026313588488847017,6.79880709500636e-05,1.4988679534313725,0.003063583406631837,0.8420674626745612,0.00024320376373891062,0.3582288996425661,0.00023766351940342036,0.9842376351740831,3.615046342955606e-05,0.5289091131854213,0.00018515130043888418,5.977943888720539,0.004025266612097854,17.0,0.0
B,78,0.99,0.69,0.73,0.9980950121429547,0.0005278158418063653,0.9974410630321487,0.9975063939826856,-1.8294008350572412e-05,0.9980603708351184,106.7706428527832,0.03081995140214373,56.52670459747314,0.03654252741036147,58.9,0.3,255.0,0.0,61.0,0.0,63.0,0.0,83.0,0.0,128.2,0.4,206.5,0.5,65.2,0.4,6.483344316519492,0.0007323028686111642,0.026303331344388427,5.288583182510472e-05,1.5083578431372549,0.0030366658873819327,0.840969230557992,0.0003333045950406188,0.3579803981867339,0.00020984056912601144,0.9842284214708542,4.713120807516361e-05,0.5294217420571947,0.0002134521605793607,5.9814386794099486,0.004708389605664254,17.0,0.0
B,79,1.0,0.69,0.74,0.9983236649340205,0.0004050798600974269,0.9979145012579108,0.9979145012579108,-1.8148823705257356e-05,0.9982903183184715,106.82165603637695,0.0434595162171415,56.595377349853514,0.035103717072614095,58.85,0.3570714214271425,255.0,0.0,61.0,0.0,63.0,0.0,83.0,0.0,128.0,0.0,207.1,0.30000000000000004,65.0,0.0,6.481859077813672,0.0019240051456027728,0.026361011527478696,7.899912829328801e-05,1.5034742647058825,0.0021916593225527886,0.8421031776749583,0.00021897579464685076,0.35803567508980294,0.0002038721948246724,0.984319959460359,1.9423757869901916e-05,0.52981180827148,0.00018887282989114073,5.963731800583816,0.0027668725407806543,17.0,0.0
B,80,1.01,0.7,0.75,0.9977071714563625,0.0006067618502907378,0.9973427995964872,0.9974042060683187,-2.8322996955200663e-05,0.9976548066364521,106.86821212768555,0.05965795133879914,56.537861824035645,0.059729031050233174,58.8,0.39999999999999997,255.0,0.0,61.0,0.0,63.0,0.0,83.0,0.0,128.0,0.0,206.95,0.2179449471770337,65.0,0.0,6.483014649478835,0.0010334395039945704,0.026317053590901196,6.079911948990804e-05,1.5282107843137256,0.0026764426021349506,0.840803490208382,0.0002451018975820237,0.3578909036305675,0.00022049601512100252,0.9840315624290771,3.159375325164701e-05,0.5290426950629393,0.0002792263959208169,5.972912800275726,0.003019147808626206,17.0,0.0
B,81,1.02,0.71,0.75,0.9980842983868069,0.0005053309800440607,0.9975612395674567,0.9975902856068886,-1.3702047066535167e-05,0.998046885522747,106.67247161865234,0.02774567629858461,56.39523410797119,0.029000685249752228,59.0,0.0,255.0,0.0,61.0,0.0,63.0,0.0,83.0,0.0,128.0,0.0,206.0,0.0,65.0,0.0,6.475628144185296,0.0013043442363261804,0.02639424104709178,6.97153010560676e-05,1.5218711703431373,0.0031205998365881507,0.8419229253550439,0.00022585503040094016,0.35831734715456565,0.00024322507388483455,0.9840147495880766,2.5819590394198138e-05,0.5286765239803005,0.0001707458802799371,5.991285320065034,0.002931897300998672,17.0,0.0
B,82,1.03,0.71,0.76,0.9980756072454632,0.0005611209367071645,0.9969759117834937,0.9969768952488057,-3.0173729010413828e-05,0.9980538788044401,106.5729766845703,0.05919402585368857,56.306697845458984,0.051351601897775476,58.9,0.3,255.0,0.0,61.0,0.0,63.0,0.0,83.0,0.0,127.4,0.4898979485566356,205.2,0.4000000000000001,64.4,0.4898979485566356,6.474125937356786,0.0005783126433682713,0.026354366331361234,5.1549738705149354e-05,1.5376738664215686,0.0022971980180631637,0.8427458538081506,0.00032652256365359633,0.3587238738479973,0.0002563088326028388,0.9837989865769969,4.110807777837171e-05,0.5283392659753338,0.00022611278847940418,6.010824565903424,0.007210873293721559,17.0,0.0
B,83,1.04,0.72,0.77,0.9979419445252263,0.000577989598553131,0.9973733780787687,0.997511123066215,-3.494128310204391e-05,0.9978991225774168,106.78050155639649,0.05677796609104915,56.486068916320804,0.04349401655914208,59.0,0.0,255.0,0.0,61.0,0.0,63.0,0.0,83.0,0.0,128.0,0.0,206.0,0.0,65.0,0.0,6.4766332542633,0.0012978808225061226,0.02638107540551573,7.89727208817703e-05,1.5226187193627454,0.00436868744054043,0.8421975802444999,0.00034941046019835314,0.3584582668379898,0.00022094217348097653,0.9840661646271892,3.7351184173447145e-05,0.5289922978834666,0.00016437276979350976,5.976830661617085,0.007494529223304336,17.0,0.0
B,84,1.04,0.73,0.78,0.9980414779441942,0.0005121694330734737,0.9975413247296278,0.9982100151373465,-7.4323798824285706e-06,0.9979855027007742,106.46564254760742,0.038673498041057616,56.092855834960936,0.03893560945489331,58.9,0.3,255.0,0.0,61.0,0.0,63.0,0.0,83.225,0.40233692348577704,127.0,0.0,204.475,0.4866980583482946,64.0,0.0,6.468699219719831,0.001121909078280751,0.02640097856055945,5.995409849830125e-05,1.5593474264705882,0.0035909150009964625,0.8422074253429385,0.0003920087992626535,0.3584859553727395,0.00030294223092175356,0.9834494882983235,3.4691593469663004e-05,0.5268634020391464,0.00021350949873586976,6.019559894452226,0.0035843435000289057,17.0,0.0
B,85,1.05,0.73,0.78,0.9980841479841909,0.00048732899418778514,0.9975438942316671,0.9975438942316671,-3.106991881459505e-05,0.9980479480298676,106.56248168945312,0.043724419255030116,56.1255542755127,0.04013981846158535,59.0,0.0,255.0,0.0,61.0,0.0,63.0,0.0,84.0,0.0,127.0,0.0,205.0,0.0,64.0,0.0,6.467211456923742,0.0010447309039385423,0.026496311323717235,6.183279596410549e-05,1.5549479166666667,0.0017321703520671316,0.8426404035134768,0.00031659381884137583,0.3581897047603436,0.00019914211795002288,0.9835168548866866,2.000936595594482e-05,0.5266914582542082,0.00020452745777761825,6.0116649623083935,0.00611351704157511,17.0,0.0
B,86,1.05,0.73,0.79,0.998307042098336,0.0003942120538032279,0.9981365134215152,0.9982886139782085,-1.1504877588442495e-05,0.9982629755251115,106.33345184326171,0.05277717714291865,56.10429077148437,0.04456796730347705,58.05,0.21794494717703367,255.0,0.0,61.0,0.0,63.0,0.0,83.0,0.0,128.0,0.0,204.1,0.30000000000000004,65.0,0.0,6.471465660445657,0.0011509355135562991,0.02624304867349565,5.074598551560432e-05,1.5845703125000001,0.002419358254529317,0.8437198100953787,0.0003248018041657098,0.3608590774526451,0.00020808705009250924,0.9831606918425295,2.6420646724864506e-05,0.5276258956988829,0.00016635847361622607,6.024857199005572,0.00405655763045061,17.0,0.0
B,87,1.06,0.74,0.8,0.9982390654215141,0.0004259967567384518,0.9978160513934149,0.9978809793151051,-2.2871960945740178e-05,0.9982021483564333,106.30094985961914,0.03276916146480415,56.05720329284668,0.025488475874978975,58.05,0.21794494717703367,255.0,0.0,61.0,0.0,63.0,0.0,83.0,0.0,128.0,0.0,204.0,0.0,65.0,0.0,6.467695407518467,0.0009553868172536541,0.026299937209114433,6.119150298865086e-05,1.5961014093137256,0.002421455421233304,0.8430975053296134,0.00018731755552594759,0.360843696449458,0.00019173874253361917,0.9830233056216379,3.673251785409573e-05,0.5273443138606514,0.00011378095782886059,6.043586824046922,0.003460976367576327,17.0,0.0
B,88,1.08,0.75,0.81,0.9980755460225449,0.0005210764115684181,0.9972093940090443,0.9972093940090443,-1.6190404557144738e-05,0.9980476959708356,105.99151306152343,0.0511382594515009,55.79748401641846,0.05659027696025438,58.05,0.21794494717703367,255.0,0.0,61.0,0.0,63.0,0.0,83.0,0.0,127.0,0.0,203.55,0.49749371855331,64.0,0.0,6.463718832270385,0.0006944450638908784,0.026273596729151905,3.6777187250564586e-05,1.573147212009804,0.0035152377578122266,0.84472681402047,0.00042161282659389877,0.36133284859380843,0.00021648965983745612,0.9831075767752007,2.678247664629541e-05,0.5264333789064365,0.00029125338230389985,6.066580482553407,0.003338070500582118,17.0,0.0
B,89,1.08,0.76,0.82,0.9982598026080766,0.00041067148939738637,0.9979376398337808,0.998228969648735,-1.2946503117439938e-05,0.9982148193335085,106.09353485107422,0.024176110766114894,55.870665550231934,0.018760504916652092,58.0,0.0,255.0,0.0,61.0,0.0,63.0,0.0,83.0,0.0,128.0,0.0,204.0,0.0,65.0,0.0,6.464927680501598,0.0011394278591828663,0.026292967656627298,5.654286780110739e-05,1.579553462009804,0.002215985864537117,0.844436622457277,0.00021160294268508394,0.36119279987676645,0.0002252902614990421,0.9830860556248482,2.9773564238727346e-05,0.5266170538539411,9.477175695750241e-05,6.0507292591737,0.003991624492925073,17.0,0.0
B,90,1.09,0.76,0.83,0.998327434142889,0.0003917808473413756,0.9980822889443003,0.9982442388761946,-1.344853978737562e-05,0.9982856086010096,106.17358627319337,0.06895454159821528,55.91326713562012,0.057723300332397025,58.0,0.0,255.0,0.0,61.0,0.0,63.0,0.0,83.825,0.36314597615834876,128.15,0.3570714214271425,204.425,0.48153400710645555,65.15,0.3570714214271425,6.4644505004454444,0.001091796697621428,0.026367210899479687,5.043202086975124e-05,1.5730315563725492,0.002119953592034664,0.8451322771485696,0.0002882022167139149,0.36141303694280474,0.0002376926358580712,0.9831846927937157,3.253127386413682e-05,0.5266211300885024,0.00021944587611772123,6.060312217673752,0.006042774729857444,17.0,0.0
B,91,1.1,0.76,0.84,0.9977239646782671,0.0006956422484819297,0.9971023095776549,0.9978828394911762,1.1049390718310208e-06,0.9976598880957502,106.29576721191407,0.04074107092226131,55.98131046295166,0.04917157320778989,58.05,0.21794494717703367,255.0,0.0,61.0,0.0,63.0,0.0,83.35,0.47696960070847283,129.0,0.0,205.025,0.10897247358851683,66.0,0.0,6.4673275930378695,0.0008034197790147686,0.0263033363269642,3.927977410901073e-05,1.5788549325980394,0.008455105667022202,0.8437107491868933,0.00036970260890437036,0.36103890637124225,0.00018155964727328917,0.9831622048143653,6.461285446390776e-05,0.5266559781523754,0.0002862990539434858,6.04909676932762,0.008375970544182668,17.0,0.0
B,92,1.11,0.77,0.84,0.9982373742529775,0.0004139984423667616,0.9979829919339185,0.9981086328448989,-1.767163147244062e-05,0.998194377296663,106.13936157226563,0.020232770867260327,55.79895172119141,0.015345314484321705,58.0,0.0,255.0,0.0,61.0,0.0,63.0,0.0,83.05,0.21794494717703367,129.0,0.0,205.0,0.0,66.0,0.0,6.465185676127658,0.0009149057825300836,0.02632177385967225,5.9959606664952343e-05,1.5689767156862746,0.001926055322921457,0.843758016237849,0.00022234163500215197,0.36126265776664124,0.00027843679993052673,0.9831540705414064,2.7096774500386462e-05,0.5257140360906681,0.00012330643367968136,6.0624012724876435,0.0019433166681280289,17.0,0.0
B,93,1.12,0.78,0.84,0.9981167200106954,0.00045681282899302637,0.9977995826700188,0.9981056510278455,-1.759513540511389e-05,0.998067451299973,106.07662582397461,0.06137628666368722,55.785261726379396,0.048737084784870384,58.1,0.3,255.0,0.0,61.0,0.0,63.0,0.0,83.0,0.0,128.8,0.4,205.0,0.0,65.8,0.4,6.463678562194898,0.001099667483225187,0.026308019761927426,2.776780095207307e-05,1.5502282475490197,0.004283899837460679,0.8440368818352335,0.00019819342526673152,0.3613746020139649,0.0002419427491647268,0.9833513000907604,3.722281896932138e-05,0.5258958096295246,0.00017928594791089144,6.054403205405418,0.004645888343924165,17.0,0.0
B,94,1.13,0.78,0.85,0.998211652733801,0.000424139151677786,0.9978910513588687,0.9981737914809843,-1.8174473390887128e-05,0.9981655873123699,105.9692886352539,0.055791955159898446,55.685325050354,0.05133195070758494,58.05,0.21794494717703367,255.0,0.0,61.0,0.0,63.0,0.0,83.0,0.0,128.85,0.3570714214271425,204.85,0.3570714214271425,65.85,0.3570714214271425,6.464073931286258,0.0014361721043495486,0.026329364185221492,6.358195923143251e-05,1.5436190257352942,0.0030744965190073782,0.8440833933542453,0.00031778528702725397,0.36155041770515234,0.0002453205386400112,0.9833647916192921,2.274012397013208e-05,0.5254854002036817,0.00022154384657344892,6.0586352785210185,0.005296717777126467,17.0,0.0
B,95,1.14,0.78,0.85,0.9980366178707657,0.0005054919899574498,0.9973873471511234,0.9973873471511234,-2.3578833203447023e-05,0.9980020359915395,106.23599472045899,0.05444380975438619,55.70097827911377,0.044077328844665656,58.9,0.3,255.0,0.0,61.0,0.0,63.0,0.0,83.0,0.0,129.0,0.0,204.2,0.3674234614174768,66.0,0.0,6.4631789900495304,0.0011876783324572644,0.026506397663615643,7.154591813452915e-05,1.5434451593137255,0.002294375009294884,0.8443136661162693,0.00024408448868399013,0.35876343679119427,0.00016172827179222884,0.9833959869921302,1.6761831500040446e-05,0.5243135427611805,0.0001606117198293435,6.06584284785653,0.004817684654152222,17.0,0.0
B,96,1.14,0.82,0.89,0.9978024270642702,0.0006116175301570152,0.9972188912502435,0.9975322861778736,-3.1412848277580344e-05,0.9977517051682087,106.30244064331055,0.05625230037663584,55.67918167114258,0.041270328392084395,59.0,0.0,255.0,0.0,61.0,0.0,63.0,0.0,83.0,0.0,129.85,0.3570714214271425,201.45,0.49749371855331,66.85,0.3570714214271425,6.466244341745491,0.0009575131659048022,0.026545443665236236,5.186261952249179e-05,1.538420649509804,0.0022244677844756432,0.8436994102828658,0.00024217718198242663,0.35899617874226697,0.00021828544674688122,0.9834479308053666,3.9287040858218595e-05,0.523780790437601,0.00014759971456982643,6.063237977380295,0.007620225899154346,17.0,0.0
B,97,1.16,0.8,0.88,0.9978613104808239,0.0006029758166336382,0.9973581294784971,0.9975386530113746,-4.0814703735378706e-05,0.9978135201636994,106.33532943725587,0.047140760915572226,55.28430595397949,0.03831915167975837,59.0,0.0,255.0,0.0,62.0,0.0,63.0,0.0,83.9,0.30000000000000004,129.0,0.0,201.0,0.0,66.0,0.0,6.449392176288759,0.0011489195486829086,0.027649187459610404,6.474023599497926e-05,1.5215839460784315,0.002278817678682479,0.844011925074714,0.00022908476256529024,0.35288059833820734,0.0002185050716992127,0.9834366637934824,3.267458006224502e-05,0.519905298435539,0.00017354070411070179,6.103142691592717,0.004946076107121446,17.0,0.0
B,98,1.16,0.81,0.87,0.9981270349874988,0.00046628615871031876,0.9977463339172614,0.9977463339172614,-1.9417372732791884e-05,0.9980877648837285,106.25555038452148,0.014398673038650531,55.652438926696775,0.014150678173302986,58.95,0.21794494717703367,255.0,0.0,61.0,0.0,63.0,0.0,83.0,0.0,130.0,0.0,202.975,0.10897247358851685,67.0,0.0,6.464966738406394,0.0011920328711425927,0.026558001548983155,7.183683072673643e-05,1.5433930759803922,0.0025927432010507106,0.8436765290477354,0.00037504403622823737,0.35875256969583813,0.0002483447812655491,0.983370269747273,2.9676847588693637e-05,0.5237603021510486,0.00012305786655516225,6.074003806370976,0.0013982502143432465,17.0,0.0
B,99,1.18,0.82,0.9,0.9978800804979775,0.0006205376669007376,0.9973779495059215,0.9973779863745641,-1.9066021159892577e-05,0.9978375061458826,107.0021469116211,0.057614958465422715,55.8018440246582,0.06547776801802963,59.0,0.0,255.0,0.0,62.0,0.0,63.0,0.0,84.0,0.0,130.75,0.4330127018922193,203.4,0.4898979485566356,67.75,0.4330127018922193,6.4588262380988395,0.0006761862300271169,0.027565887128002942,5.748951767370405e-05,1.5376600796568627,0.003535602517289998,0.8429114677435429,0.000317777881719693,0.35202871051082957,0.00016861737077564256,0.98357289176462,7.369140118700172e-05,0.5215019259393517,0.00034183979241462565,6.044565652102378,0.014866162663440412,17.0,0.0
B,100,1.2,0.82,0.9,0.9980098806133035,0.0005788677739809357,0.9969266518484327,0.9969266518484327,-2.2019654362146364e-05,0.9979860150705975,106.94880752563476,0.02947006472479115,55.73405742645264,0.02952982662242529,59.0,0.0,255.0,0.0,62.0,0.0,63.0,0.0,84.0,0.0,130.0,0.0,203.1,0.30000000000000004,67.0,0.0,6.457575824165144,0.0009349649873417468,0.027572938427329063,7.417939531201692e-05,1.5423314950980394,0.004410563519415572,0.8425628026645218,0.0002604368893827744,0.3517585965747089,0.0002541996209074941,0.9834867728736623,3.76895916805396e-05,0.5211283383061956,0.00016016442683845772,6.0710863003816256,0.0020727970025904365,17.0,0.0
C,1,0.41,0.26,0.43,0.9985712800007789,0.0003342011398837677,0.9983935265736987,0.998569877629406,-1.3086453474996208e-05,0.998533719010546,103.85275802612304,0.03359477943787894,59.418197059631346,0.02967906583961683,51.0,0.0,255.0,0.0,54.0,0.0,55.0,0.0,79.975,0.10897247358851683,133.0,0.0,203.625,0.4710360920354193,78.0,0.0,6.4872447737703025,0.001168229845097721,0.030017892899923026,6.548660572862579e-05,1.6736213235294115,0.0023140560179020363,0.8246591658953966,0.0002898000851036276,0.35419095828256303,0.00021553653312563034,0.9842296721494886,2.5616139295543646e-05,0.5721388214874505,0.000141944825079169,6.035103958232212,0.0025966343831794734,17.0,0.0
C,2,0.42,0.27,0.45,0.9983791745918426,0.0004081610977201658,0.9980312053844593,0.9982075262385154,-2.108938590511226e-05,0.9983410383535312,103.85297927856445,0.14927214354674775,59.77605857849121,0.12626052018880382,51.0,0.0,255.0,0.0,54.0,0.0,55.0,0.0,79.0,0.0,133.25,0.4330127018922193,205.35,0.7262919523166975,78.25,0.4330127018922193,6.4953537285677125,0.0015233451979750681,0.02960859760642052,7.926226932774512e-05,1.6704189644607843,0.004470700087065008,0.8267644990470521,0.0003214803294967606,0.3564926994716323,0.00035178346854170504,0.9844277925547564,3.58624330982428e-05,0.575582927918658,0.0004068602716790735,5.962795340214683,0.008845552286798073,17.0,0.0
C,3,0.43,0.27,0.45,0.9984784805977753,0.00037603143792130494,0.9980873336228748,0.9984817058571269,-1.0445171020843821e-05,0.9984383557382339,104.38566589355469,0.026783179611315905,60.32225494384765,0.023275530263724042,51.0,0.0,255.0,0.0,54.0,0.0,55.0,0.0,79.0,0.0,135.0,0.0,207.725,0.43229041164476456,80.0,0.0,6.503542236845485,0.0008614829627589199,0.02955666815396398,6.851624446208461e-05,1.6611236213235299,0.0013292144814348015,0.8261822112559789,0.0002291591694655871,0.3561253473537855,0.00023708389851475342,0.984796298383474,1.8345891099305864e-05,0.5778787105836506,0.00013187959959070153,5.899364796290811,0.00316143135523683,17.0,0.0
C,4,0.44,0.28,0.45,0.9977188978667961,0.0007318755103980655,0.9970054668921742,0.9970264636778874,-5.620473268039168e-05,0.9976770908156042,103.83647155761719,0.1561139231700483,60.28675022125244,0.12577274453265885,51.0,0.0,255.0,0.0,53.0,0.0,55.0,0.0,78.05,0.21794494717703367,133.5,0.5,206.675,0.7119515432949071,78.5,0.5,6.512065226093107,0.0018382730064172824,0.028502623620443045,5.552159540055409e-05,1.669080116421569,0.008019506265000776,0.8261721754010427,0.0005874408520565477,0.3634943366613041,0.00027867908183225966,0.9846492985335044,2.2239604783195683e-05,0.5805927071118311,0.0003493792237481078,5.910509917717102,0.0022139626783481076,17.0,0.0
C,5,0.44,0.28,0.46,0.9984204223932043,0.0003759606550109723,0.9980897925384414,0.9980897925384414,-1.2568438515542477e-05,0.9983875553470716,103.48351669311523,0.07371910902563797,60.01780033111572,0.06966588830523283,51.0,0.0,255.0,0.0,53.0,0.0,55.0,0.0,78.0,0.0,132.85,0.3570714214271425,205.75,0.4330127018922193,77.85,0.3570714214271425,6.510443656168306,0.0011475501422539018,0.028528697160072624,5.79315808970668e-05,1.6598628982843138,0.004930954759441415,0.8265338238617158,0.00045490293382349843,0.3636868091277759,0.00025384785011505905,0.9845962123258921,2.390526306377624e-05,0.5799743171443597,0.0002767317264658488,5.909821424617962,0.0029017390520333862,17.0,0.0
C,6,0.45,0.29,0.46,0.9982492545875241,0.0004246044662853452,0.9980177989921744,0.9980177989921744,-1.6110432742409787e-05,0.9982092732765208,102.47632141113282,0.01893621108103555,59.303184509277344,0.015613308552064853,51.0,0.0,255.0,0.0,53.0,0.0,55.0,0.0,77.0,0.0,130.0,0.0,202.0,0.0,75.0,0.0,6.500061720557011,0.001333571261966522,0.028590471646748484,7.82545843035754e-05,1.610383731617647,0.0015004302349775425,0.8295424449489962,0.00021041741704555362,0.36448918359056165,0.00022320424068472013,0.984692485197149,1.2301447979013048e-05,0.5787013388786912,0.00010289044595517407,5.912851334681728,0.002147286864437828,17.0,0.0
C,7,0.46,0.29,0.47,0.997891651223453,0.000529759014777688,0.9974606515529135,0.9975062096392475,-2.038412437457133e-05,0.9978463115604705,102.45741119384766,0.11832718760689143,59.252537155151366,0.060829828239070585,51.0,0.0,255.0,0.0,53.0,0.0,55.0,0.0,77.9,0.30000000000000004,129.9,0.30000000000000004,202.65,0.47696960070847283,74.9,0.30000000000000004,6.501900142947134,0.0013658840253132252,0.028340927232056855,0.0001459550513396286,1.590810355392157,0.0033609009279935652,0.8299200725574408,0.0003007640967139829,0.36155614093728056,0.0012095832234562196,0.9848709823706077,3.40213180193107e-05,0.5783140721201645,0.0004405028649330183,5.893492276922032,0.006563752072717847,17.0,0.0
C,8,0.47,0.3,0.47,0.9985364016372549,0.00038619359822643785,0.9979652102177249,0.9979652102177249,-1.2529557240084777e-05,0.998512917243986,102.6637092590332,0.11622055852106684,59.02593650817871,0.07729314459034153,51.05,0.21794494717703367,255.0,0.0,54.0,0.0,55.05,0.21794494717703367,78.0,0.0,129.95,0.2179449471770337,202.35,0.47696960070847283,74.9,0.30000000000000004,6.486419257847963,0.0029609877801919336,0.029892409755848347,0.0002714438944451246,1.5787614889705883,0.004310525329319835,0.8306741459509045,0.0003232584742361007,0.35435225697710465,0.0010810824065274917,0.9849160447210338,2.4436538163827315e-05,0.5749445827681399,0.0004708358665578702,5.890801999386723,0.005218429865675254,17.35,0.4769696007084729
C,9,0.47,0.31,0.47,0.997833084717735,0.0005717572829094813,0.9973628518541882,0.9976110235005652,-3.319038934642093e-05,0.9977819043475747,102.98214492797851,0.15228296545730488,58.876790618896486,0.035388862368800324,51.95,0.21794494717703367,255.0,0.0,54.0,0.0,55.9,0.3,78.075,0.23848480035423644,130.05,0.2179449471770337,202.05,0.2179449471770337,74.15,0.3570714214271425,6.501538079075866,0.00424896686296654,0.028079550433903932,0.0004388290001902464,1.5684129901960784,0.0031222316589944623,0.8307478036533388,0.00019469226757765038,0.34488850908885776,0.002171843456878364,0.9849798327502924,3.55181546875142e-05,0.5717196855102966,0.000913834463380944,5.8914915954744735,0.0030412830890109415,17.15,0.3570714214271425
C,10,0.48,0.31,0.48,0.9984028448610914,0.0003745811600761954,0.9981721573149652,0.9981721573149652,-1.5142638583030621e-05,0.9983668851875709,103.37775497436523,0.055879197753869576,59.023905181884764,0.0515383625265919,52.0,0.0,255.0,0.0,54.375,0.4710360920354193,56.0,0.0,79.0,0.0,130.9,0.30000000000000004,204.05,0.21794494717703367,74.9,0.30000000000000004,6.493237410807301,0.0008756360850166605,0.028884964436292647,6.726788462976722e-05,1.5720389093137257,0.0020519648838538914,0.8310480394572648,0.0002166971690773809,0.34094305493965577,0.0002756562987622273,0.9850449842968482,2.5981701734435684e-05,0.5709535423430924,0.00021260570620809964,5.8589283040224345,0.003116865187377898,18.0,0.0
C,11,0.49,0.32,0.48,0.9983254409414339,0.00043922753425658026,0.9978656003772245,0.9983250206410879,-1.989245939225384e-05,0.9982813846582965,103.43961486816406,0.021753584084477317,59.177182579040526,0.012128171006041456,52.0,0.0,255.0,0.0,54.0,0.0,56.0,0.0,78.575,0.48153400710645555,131.0,0.0,204.9,0.30000000000000004,75.0,0.0,6.487168647502797,0.0011949279480745882,0.028935330593958496,9.243131985888598e-05,1.5717555147058824,0.0011676432227293234,0.8310348800586487,0.0001889315713122812,0.3412954185123671,0.00030465889557529,0.9851314594218724,1.1633945962966544e-05,0.5720940049745368,9.967797971267423e-05,5.838263533627671,0.0016752877607128628,18.0,0.0
C,12,0.49,0.32,0.49,0.9982991732510937,0.00043345403267656485,0.9979847850579311,0.9980250968825447,-2.4863008698026625e-05,0.9982616271884267,103.97991638183593,0.08250128832176008,60.00231437683105,0.06522594123075925,52.0,0.0,255.0,0.0,54.0,0.0,56.0,0.0,79.0,0.0,132.2,0.4000000000000001,207.05,0.2179449471770337,76.2,0.39999999999999997,6.496757610740213,0.0010469094596152074,0.0285482658771798,8.670566679809137e-05,1.5867363664215688,0.0029290172083395786,0.8305017715098149,0.00043805572270753435,0.3482741470819973,0.0002548941824476273,0.9853606340433088,1.9470063934628426e-05,0.5770566397871328,0.00019236863107793912,5.777139974551792,0.002625346089869503,18.0,0.0
C,13,0.5,0.32,0.49,0.9980589013971347,0.0005229624497621829,0.9975403138871324,0.9976804106690306,-1.2864058403194745e-05,0.9980177801372465,103.5534278869629,0.09790940819624702,60.128956413269044,0.07767895973808958,51.0,0.0,255.0,0.0,54.0,0.0,55.0,0.0,78.0,0.0,132.0,0.0,207.15,0.4769696007084729,77.0,0.0,6.480767750534819,0.0010526767340082266,0.029915493610315026,6.426830519968368e-05,1.5942486213235294,0.001994632798103819,0.8305372069091401,0.0002654186797338613,0.3560414720724478,0.0002487527169089092,0.9853189641340947,3.349087315058185e-05,0.5806561906382554,0.0002562131364068584,5.763295823082312,0.005436347677055945,18.0,0.0
C,14,0.51,0.33,0.5,0.9982162893427151,0.0005660848677148886,0.9974175372440078,0.9974541750471455,-4.371548787631977e-05,0.9981894052279067,103.89590835571289,0.0829400012600785,60.379188537597656,0.07995578022356464,51.0,0.0,255.0,0.0,54.0,0.0,55.0,0.0,78.0,0.0,132.6625,0.4628377145393404,207.65,0.47696960070847283,77.6625,0.4628377145393404,6.482969748646836,0.001009465307093768,0.02997499273624271,5.571394100202754e-05,1.6092087928921568,0.0017226630933419862,0.830433980089477,0.0005447097007979034,0.35566350867510044,0.00018678416406585477,0.985305608648537,4.572373439476007e-05,0.5811505503326243,0.00032594829877020167,5.729561362763521,0.005317963877424497,18.0,0.0
C,15,0.52,0.34,0.51,0.9982185901544698,0.0005065576090757742,0.9977846291696723,0.9978946109921524,-1.481076014098974e-05,0.9981802367154115,103.68530349731445,0.035109531127998375,60.21597023010254,0.02925982996918371,51.0,0.0,255.0,0.0,54.0,0.0,55.0,0.0,78.0,0.0,133.0,0.0,207.0,0.0,78.0,0.0,6.4856357537602065,0.0007819215005052275,0.029971390147693455,6.605365167168475e-05,1.617810968137255,0.0028208124223776075,0.8309293402708688,0.00023831742733430782,0.355787686849615,0.00020707158844296473,0.9851503173651377,2.7027030775854667e-05,0.5807570200148915,0.00012088647238920265,5.752153062821484,0.0022704963473899834,18.0,0.0
C,16,0.54,0.35,0.52,0.9980357040114323,0.0005270189523091569,0.9975784792320574,0.9979607321607551,-3.0057606004886484e-05,0.9979859849551458,103.34795379638672,0.032729711819252855,58.258914184570315,0.02797580241588016,53.0,0.0,255.0,0.0,55.0,0.0,57.0,0.0,78.15,0.3570714214271425,131.0,0.0,202.1,0.30000000000000004,74.0,0.0,6.501185951208932,0.0010839887533882068,0.027898953971453012,5.714150004076235e-05,1.5787936580882354,0.003575448620249078,0.8318182811512719,0.00020830378352009338,0.3213051955437897,0.00036551393332310243,0.9846396556056092,3.669762239392315e-05,0.5637161621020237,0.00012735322759936687,5.89280766733919,0.0036706831797496094,18.0,0.0
C,17,0.55,0.37,0.53,0.9984653017655086,0.0003796018375649833,0.9981219591594134,0.9982022945854448,-1.686933149319976e-05,0.9984318362114185,103.92123489379883,0.030178862739600035,58.46918830871582,0.01848987986624942,53.0,0.0,255.0,0.0,56.0,0.0,57.0,0.0,79.0,0.0,131.75,0.4330127018922193,203.1,0.30000000000000004,74.75,0.4330127018922193,6.4943566816600296,0.0010706490809309942,0.029271715902723372,6.364759035585106e-05,1.5679258578431372,0.0028140097644749743,0.8279765574715936,0.0003178404812984442,0.30739391631219426,0.0005234487436521363,0.9848494641279176,2.8898917313477595e-05,0.5626298496783495,9.957762835433636e-05,5.894503450001507,0.0034643337455724363,17.0,0.0
C,18,0.56,0.37,0.53,0.9984003338047478,0.0004964976067600481,0.9977882389735356,0.9977985720646242,-3.701290718236612e-05,0.9983740731611654,103.34700164794921,0.0817417464353536,58.00382289886475,0.0774477131292754,53.0,0.0,255.0,0.0,56.0,0.0,57.0,0.0,78.8,0.4,130.8,0.4,201.175,0.3631459761583488,73.8,0.39999999999999997,6.486899868213652,0.0010706114500077856,0.029325020243413748,7.410107673706683e-05,1.5669316789215686,0.003222247340491528,0.8284384180870902,0.000327720851772766,0.3076054866192449,0.000625009729730047,0.9846207919083134,2.633459320371737e-05,0.5612528477526851,0.00032382242117203933,5.950049780693391,0.006331769265828866,17.0,0.0
C,19,0.57,0.38,0.53,0.9979396059092771,0.0006109411850961611,0.9974843183740899,0.9975231777549267,-4.05908646879243e-05,0.997896343647767,104.1541633605957,0.07201905891003564,58.54249744415283,0.04945729909135118,53.5,0.5,255.0,0.0,56.0,0.0,57.95,0.21794494717703367,79.0,0.0,132.0,0.0,204.2,0.4000000000000001,74.05,0.21794494717703367,6.500767071277896,0.001325476867759474,0.028452525846660137,7.571573601796075e-05,1.573126531862745,0.0036044118423093885,0.8231759473224294,0.00046095517231950717,0.2966987887096929,0.0007333831891873222,0.9848111088282014,2.5930035196540934e-05,0.562075390552731,0.0001271061110056778,5.907600957488695,0.0031952654488633706,17.0,0.0
C,20,0.58,0.38,0.54,0.9984615740156186,0.00038433470978977905,0.9978447281227353,0.9978447281227353,-2.041253676734714e-05,0.9984373219079211,103.81343536376953,0.08787514737064371,58.258094024658206,0.0699881181691233,53.4,0.4898979485566357,255.0,0.0,56.0,0.0,58.0,0.0,78.0,0.0,131.05,0.21794494717703367,204.3,0.45825756949558405,73.05,0.21794494717703367,6.491009669697361,0.001057718695772416,0.028532836330123247,6.58237619476047e-05,1.597566636029412,0.0037930860321532295,0.8210684202205624,0.00036012191550498864,0.2963848193649075,0.0006436902873632707,0.9844311626019235,2.790448639334156e-05,0.5611805152162342,0.00021512861762198413,5.976154575155535,0.0038195964202992557,16.25,0.4330127018922193
C,21,0.59,0.39,0.55,0.9979538986100577,0.0006038167405816103,0.9973973611702306,0.9973973611702306,-3.7091359438334885e-05,0.9979146995587126,104.40053634643554,0.02835734735935018,58.82066040039062,0.019873146057174308,53.6,0.48989794855663565,255.0,0.0,56.0,0.0,58.0,0.0,78.0,0.0,132.0,0.0,206.05,0.2179449471770337,74.0,0.0,6.495969175395542,0.0015018405760317567,0.028437379864044487,9.735517816657189e-05,1.6041283700980393,0.004984109127296638,0.8203307134607293,0.0005691224556372444,0.29551600556727586,0.0008184849701437219,0.9846567418006604,5.4149089688225135e-05,0.5634134006403493,0.00014687144571864705,5.9268770354385385,0.010527745022531296,17.0,0.0
C,22,0.6,0.4,0.56,0.9986325797913513,0.00031521318721786665,0.9985174146259099,0.9985744925963612,-1.0538126612487321e-05,0.9985981236593867,104.61046676635742,0.03359506712420396,59.16945343017578,0.02955850757695742,53.0,0.0,255.0,0.0,56.0,0.0,57.0,0.0,78.0,0.0,133.0,0.0,207.3,0.45825756949558405,76.0,0.0,6.490486764255936,0.0006800555810968203,0.029359430982731284,5.108297202034914e-05,1.5960860906862746,0.0016057290436172873,0.825083644684405,0.00035445811521864754,0.3061107502850871,0.0005634371334982505,0.9849445541351978,1.655634892815491e-05,0.5656169248366609,0.00012391380640751958,5.902689017282936,0.0026987652018813034,17.0,0.0
C,23,0.61,0.4,0.56,0.9985544751178628,0.00034773060949233944,0.9981957210823659,0.9981957210823659,-1.676910567358588e-05,0.9985258758850303,104.82943572998047,0.0656215225267654,59.34590167999268,0.047037572136208114,53.0,0.0,255.0,0.0,56.0,0.0,57.0,0.0,78.0,0.0,133.0,0.0,208.0,0.0,76.0,0.0,6.491070165473841,0.0007465118586813959,0.02931220051832497,4.929366722159042e-05,1.609914981617647,0.004180138444612861,0.8239762211969058,0.00034734189110323074,0.30564994678559254,0.000514699161488306,0.984903330089956,2.7142783628532176e-05,0.5661186246481436,0.000119110989050698,5.8940593128501515,0.003298705598549754,17.0,0.0
C,24,0.61,0.41,0.56,0.9984944625204774,0.00040737478363706394,0.9980121793335576,0.9985459349902872,-8.789122489626859e-06,0.9984534885744161,104.84054565429688,0.016925362887737584,59.27536468505859,0.016662604887405334,53.0,0.0,255.0,0.0,56.0,0.0,57.0,0.0,79.0,0.0,133.0,0.0,207.95,0.2179449471770337,76.0,0.0,6.492529809962844,0.001154327086331101,0.029215128067880868,8.245275700741039e-05,1.622804074754902,0.003672441735893082,0.8227816491082004,0.00035784660559213,0.3050595972749544,0.0007097384741645665,0.9847441563651641,2.9100701831041145e-05,0.5653858834069846,0.00012315604500030695,5.9025984819648984,0.001143698652660608,17.0,0.0
C,25,0.62,0.41,0.57,0.9979271730696114,0.0005776755098671454,0.9973516254277233,0.9973516254277233,-3.6984036162784366e-05,0.9978877709830456,104.32409057617187,0.1535069999049393,59.230489540100095,0.11656634204815654,53.0,0.0,255.0,0.0,55.0,0.0,57.0,0.0,78.8,0.39999999999999997,131.65,0.47696960070847283,207.6,0.4898979485566356,74.65,0.47696960070847283,6.501729290548471,0.0012728870506463084,0.027959710569120944,5.626469087044394e-05,1.6162002144607848,0.007405856110252185,0.8264457669801605,0.0007878751033156003,0.3202052886882204,0.0004501898907104592,0.9847948146106364,2.557240272241737e-05,0.5677542627095334,0.0002989510294362634,5.900884057934912,0.005160052852333945,17.0,0.0
C,26,0.63,0.42,0.58,0.9974852547290638,0.0007260528757501799,0.9968674764015745,0.9972623301682637,-1.5026763326698714e-05,0.9974249436577178,104.33320693969726,0.05695054840441917,59.229801177978516,0.05020110846196263,53.0,0.0,255.0,0.0,55.0,0.0,57.0,0.0,79.0,0.0,131.8125,0.37811208655635437,208.3,0.45825756949558405,74.8125,0.37811208655635437,6.500514099248091,0.000864939772859775,0.027851914544589816,5.9229462399988184e-05,1.624992340686275,0.004846624659728709,0.826007284850159,0.0004513756801811945,0.3205982785291344,0.0003700216736989878,0.9847020615392145,3.683020299988159e-05,0.5676983803233638,0.00020508671545050236,5.8796469836560545,0.0030002214056456143,17.0,0.0
C,27,0.64,0.42,0.58,0.9983345030037413,0.0003942796793505537,0.9981418304703827,0.9983870320263317,-1.7188765996228458e-05,0.9982892917926924,103.03242111206055,0.023946716372356285,58.06501064300537,0.021270962912328863,53.0,0.0,255.0,0.0,55.0,0.0,57.0,0.0,78.0,0.0,129.0,0.0,203.85,0.3570714214271425,72.0,0.0,6.489063249813438,0.001054424848788522,0.027867400040850043,5.918213049803795e-05,1.6128952205882356,0.003727162775987712,0.8275613436636234,0.00035968200047302397,0.32163462073670124,0.0002869916892429297,0.9842028175320285,2.9355259206953576e-05,0.5635605655469973,0.00011440642753314791,5.987470161475806,0.0018436012540762226,17.0,0.0
C,28,0.65,0.43,0.58,0.9983031757794028,0.0004604436686636901,0.9978418694989636,0.9983583449409594,-1.4512968471213918e-05,0.9982570706903723,103.96827545166016,0.034179134670963875,58.30602188110352,0.031914350853858124,53.6,0.4898979485566357,255.0,0.0,56.0,0.0,58.0,0.0,79.0,0.0,130.0,0.0,206.0,0.0,72.0,0.0,6.489949042220846,0.0008769019846760117,0.028420239500701428,7.167473611573145e-05,1.611696537990196,0.003125332167533479,0.8218694274129501,0.00044393898694749243,0.296384705212824,0.0006131749485595564,0.9843044053113832,2.6537723368211962e-05,0.5608058682002351,0.00017010830255004896,5.94060338525398,0.0033951909302873612,17.0,0.0
C,29,0.65,0.44,0.59,0.9976788246337716,0.0006080634403441691,0.9972530911902957,0.9972530911902957,-2.7722626130038144e-05,0.9976289445831467,104.11357421875,0.02448731143833421,57.96562042236328,0.023958938611125177,54.0,0.0,255.0,0.0,56.0,0.0,58.0,0.0,80.0,0.0,130.0,0.0,205.9,0.30000000000000004,72.0,0.0,6.494477569066211,0.0008880118466166809,0.027634271304123104,6.0485404652855014e-05,1.6121193321078433,0.006122674062836525,0.8187409592901262,0.0004875649031975312,0.28652799644427984,0.0005419438243055155,0.983989290727501,5.5971750084042136e-05,0.5567537339833375,0.00021016446419860392,5.939686921981023,0.006774276517798246,17.0,0.0
C,30,0.67,0.44,0.59,0.9983053851250998,0.00046359575615992875,0.9978540563439956,0.997888846994346,-2.8993742691595057e-05,0.9982717515265435,104.08830413818359,0.02969675464905551,57.6175895690918,0.022418044218420145,54.0,0.0,255.0,0.0,57.0,0.0,58.0,0.0,80.7,0.45825756949558394,130.0,0.0,205.0,0.0,72.0,0.0,6.483327312152468,0.0008781333236842204,0.028680731472559274,6.211861370666866e-05,1.5952757352941176,0.005113231639586189,0.8250794678742397,0.000415916471148896,0.2975523333098905,0.0006637781164157893,0.9839078432839156,5.070010713420377e-05,0.5535452742896039,0.00011813661486728345,5.934262428490784,0.007795546504484459,17.0,0.0
C,31,0.67,0.45,0.6,0.9983599648202629,0.0004293478318465674,0.9978168601994641,0.9983557286113754,-6.239713437765799e-06,0.9983169174788982,104.71102371215821,0.0971681314825248,58.039072036743164,0.07631613255702979,54.0,0.0,255.0,0.0,57.0,0.0,58.0,0.0,81.0,0.0,131.0,0.0,206.65,0.45,73.0,0.0,6.4839966591076585,0.0012156060051798888,0.028823905810713767,6.231174387125713e-05,1.5803576899509804,0.0034666357686657014,0.8275762100782729,0.00036159262677512414,0.30351085941258826,0.00031534267433917405,0.9842673083637579,4.20504015890352e-05,0.5542783362731897,0.00023352065141975904,5.887020771516006,0.006675793973050072,17.0,0.0
C,32,0.67,0.45,0.61,0.9982758436688727,0.0004294004010826077,0.9979894966858963,0.9980674989198871,-2.5140093939978158e-05,0.9982359538903689,104.4892593383789,0.02734736559158576,57.80325298309326,0.015058146127298371,54.0,0.0,255.0,0.0,57.0,0.0,58.0,0.0,81.0,0.0,130.9625,0.1634587103827753,205.8,0.3674234614174768,72.9625,0.1634587103827753,6.483933020564554,0.0013906448751297804,0.028867585631087423,9.328187956674453e-05,1.574721966911765,0.00375011224418626,0.8283443267578446,0.00019766655796179768,0.303373120665427,0.00028955965688373306,0.9841931468312483,3.490847515699657e-05,0.553198041927839,8.404554131783508e-05,5.890783962793973,0.003885541586706506,17.0,0.0
C,33,0.68,0.45,0.61,0.9979719640196688,0.000523206464908133,0.9976165470633592,0.9977352398759552,-1.6113522851556087e-05,0.9979248242344683,104.71236114501953,0.039433930438344006,57.434000396728514,0.04598121384347913,55.0,0.0,255.0,0.0,57.0,0.0,59.0,0.0,81.0,0.0,130.0,0.0,204.675,0.4548351349665063,71.0,0.0,6.496868264640655,0.0013765734160044673,0.027412985544651748,8.00343496058386e-05,1.562795649509804,0.005110802646898379,0.8282935791047572,0.00027272732652777607,0.31549348939596505,0.00046869908450218297,0.9840619639731987,3.083374449165701e-05,0.548492962115986,0.0002721499957845644,5.902607834599632,0.004194657387231293,17.0,0.0
C,34,0.69,0.46,0.61,0.9979504881649375,0.0005540472186317982,0.9973898804076775,0.9974338021005569,-3.253933238439667e-05,0.99791015064463,104.84844284057617,0.05060602328663038,57.55875492095947,0.038741730156218145,54.95,0.21794494717703367,255.0,0.0,57.0,0.0,59.0,0.0,81.0,0.0,130.0,0.0,205.0,0.0,71.0,0.0,6.499128074765656,0.0014785980180099503,0.027369934250600636,6.515851871072425e-05,1.5598766850490198,0.002918485488277662,0.8286591799545444,0.0003983800267197257,0.31450216397074543,0.00037350695565371964,0.9841617564758037,3.6398683113815635e-05,0.5489709720743924,0.0001772552283374375,5.890103225319651,0.005805587359939653,17.0,0.0
C,35,0.7,0.46,0.62,0.9982482200580366,0.000419562699670862,0.9978586138301357,0.9982505463470892,-1.49686277259341e-05,0.99820205936772,105.0752082824707,0.05175396668230832,57.817961883544925,0.0318950117559951,55.0,0.0,255.0,0.0,57.0,0.0,59.0,0.0,81.0,0.0,130.3,0.45825756949558405,205.95,0.2179449471770337,71.3,0.45825756949558394,6.503332331666719,0.0014654594167519117,0.027366274408996104,6.113894806330084e-05,1.5657291666666666,0.003541176993296054,0.8286815317925157,0.00032927776695130433,0.3146209844729817,0.0005192134072946693,0.9842396229456011,2.429103319200519e-05,0.5502531178839922,9.540063667048422e-05,5.874118608546977,0.0022060497075548874,17.9,0.3
C,36,0.7,0.47,0.62,0.9982578218841794,0.00041922973716849586,0.9979840089142008,0.9979840089142008,-1.965153110465559e-05,0.9982191806961043,104.65198211669922,0.045651067808265805,57.43771343231201,0.0370342860258647,55.0,0.0,255.0,0.0,57.0,0.0,59.0,0.0,80.85,0.3570714214271425,130.0,0.0,203.55,0.49749371855331,71.0,0.0,6.50009962925013,0.001067334298096145,0.02738103570882231,6.498989027268706e-05,1.5606234681372548,0.0017246794946570718,0.8292197019522917,0.0003087186747374767,0.3151695356161698,0.0004971205948704533,0.9840761614075308,2.0338718154515396e-05,0.5488449213175193,0.00014237651105891596,5.895777554196175,0.00406308502001494,18.0,0.0
C,37,0.7,0.47,0.63,0.9981761910169338,0.000429072850517706,0.9978912539261248,0.9981449196407728,-1.5377720320518163e-05,0.9981290189746205,105.12981643676758,0.07126276175705738,57.81863288879394,0.05470355778274245,55.0,0.0,255.0,0.0,57.0,0.0,59.0,0.0,81.0,0.0,131.0,0.0,205.075,0.2384848003542364,72.0,0.0,6.5027416217477905,0.0010865035388964678,0.027407692302949725,7.172805016400013e-05,1.5580170036764707,0.00277622082762639,0.8287122109313163,0.0002388033803176747,0.3146950747399725,0.000441085518700948,0.9843140651985491,2.096954267806739e-05,0.5499735923588976,0.00016229813014404808,5.860741871975329,0.003594902913634042,18.0,0.0
C,38,0.71,0.47,0.63,0.997834952103822,0.000636617530700427,0.9968449210509104,0.9977753101987501,-2.4396957652681244e-05,0.9977795466829774,106.15482940673829,0.06261528303682366,58.02956619262695,0.03946863798341161,55.55,0.4974937185533099,255.0,0.0,58.0,0.0,60.0,0.0,82.0,0.0,133.0,0.0,207.0,0.0,73.0,0.0,6.51007084817217,0.0014546240046403834,0.027293800096958875,8.596359529367445e-05,1.5535746017156864,0.004191234348957287,0.8303115971102129,0.00039584390868204703,0.3406188647953244,0.0004491845258432526,0.9844015513586319,3.55853318559736e-05,0.5466502880558819,0.00023148140105518192,5.8327963478851395,0.0029900638234624244,18.0,0.0
C,39,0.72,0.49,0.64,0.998407436060147,0.00038047420020060344,0.9981664732091281,0.9982849927728987,-1.4852694005407822e-05,0.998368748674526,106.3007438659668,0.028743107961443026,58.22489929199219,0.02328968989624843,55.45,0.4974937185533099,255.0,0.0,58.0,0.0,60.0,0.0,82.0,0.0,133.0,0.0,207.0,0.0,73.0,0.0,6.511973481965434,0.0010418968052730386,0.02727192814927548,6.865356091086461e-05,1.550487132352941,0.0022405010056287637,0.8304933717404929,0.0002839899966254961,0.3404897372613388,0.00036884621506689326,0.9845373980174006,2.201600369853352e-05,0.5477374443062932,0.00010206054645313091,5.817692065677838,0.0035448815891298245,18.0,0.0
C,40,0.73,0.49,0.64,0.9984470470957814,0.00038459806742203995,0.9980581366361185,0.9984102076043746,-9.166171070744306e-06,0.998407149374365,106.32447204589843,0.04021379832362817,58.62575740814209,0.027356384688573734,55.0,0.0,255.0,0.0,58.0,0.0,59.0,0.0,82.0,0.0,134.8,0.4000000000000001,208.0,0.0,75.8,0.39999999999999997,6.510444057871399,0.000969309940427907,0.028375949990004302,4.84613480390967e-05,1.558829656862745,0.0028207720754616595,0.8277612743388296,0.00027939528520163384,0.32428095326139666,0.000562855817736828,0.9846986268241794,2.2364538347706025e-05,0.5513853499186163,0.0001020911672181269,5.809391306983343,0.0021317926959520794,18.0,0.0
C,41,0.74,0.49,0.64,0.9983622799223173,0.00038922697833387924,0.9981253202200037,0.9981923027852055,-1.9945509614229833e-05,0.9983236551080654,105.95379638671875,0.02693823933734611,58.47614498138428,0.017981840634235528,55.0,0.0,255.0,0.0,57.0,0.0,59.0,0.0,82.0,0.0,134.1625,0.3559757716474536,207.0,0.0,75.1625,0.3559757716474536,6.522542718878169,0.0009677862731449753,0.02743887163233012,7.478234554208282e-05,1.5382858455882356,0.0022990095845723244,0.8277309778165526,0.00027317650333312033,0.3162287439844581,0.0005103613815759994,0.9848457570393169,2.2626743796371065e-05,0.5519023065095489,7.237060891760346e-05,5.805805112182685,0.003488105754739469,18.0,0.0
C,42,0.74,0.5,0.65,0.9979848381391643,0.0005872035092362289,0.9972806533649768,0.9983399165711125,-1.3392210741792191e-05,0.9979224633945911,106.14669952392578,0.04342229180579503,58.62113037109375,0.03720923637660271,55.0,0.0,255.0,0.0,57.0,0.0,59.0,0.0,82.0,0.0,134.95,0.21794494717703367,207.325,0.4548351349665063,75.95,0.21794494717703367,6.524772761207023,0.0011900338968357127,0.027458850666880606,7.69363694346839e-05,1.5467907475490195,0.003980378137558485,0.8271458440433503,0.0003333704199991013,0.3162443069657385,0.0005792520847167495,0.9848346659588711,2.8283264450907492e-05,0.5522651792111986,0.00016343365192100738,5.802172366371361,0.00478683991922891,18.0,0.0
C,43,0.75,0.51,0.66,0.99802839059115,0.0005052996114738959,0.9975022039665871,0.9975022039665871,-2.378689204606076e-05,0.9979903531494319,105.10928802490234,0.0710109690354564,58.61840953826904,0.059420372971463936,54.0,0.0,255.0,0.0,57.0,0.0,58.0,0.0,81.0,0.0,133.1,0.30000000000000004,206.25,0.4330127018922193,75.1,0.30000000000000004,6.511952024811505,0.0008307317447202331,0.02843937771394849,6.680732955843755e-05,1.5683049938725493,0.0031704358759172147,0.825207015053322,0.00042627155643670453,0.2944476647241589,0.0005437482057746823,0.9847056073292665,3.5221847725314906e-05,0.5576899968087307,0.0002463048527132476,5.831144519146954,0.0044258203659216415,18.0,0.0
C,44,0.76,0.51,0.66,0.99812532223427,0.0005294806565218844,0.9976072617091002,0.9977630196270537,-1.9169132695568755e-05,0.998085522887967,105.41317214965821,0.04343932929101106,58.835280418395996,0.03203426251593464,54.0,0.0,255.0,0.0,57.0,0.0,58.0,0.0,81.0,0.0,134.0,0.0,206.8,0.4000000000000001,76.0,0.0,6.515420721650825,0.0009539467933326846,0.028366007818840445,6.75961544379889e-05,1.5695312499999998,0.001956813006893404,0.8252391040467526,0.00047390961759378905,0.29451492834680243,0.0005866429016845321,0.9848064081448793,1.7490088480169772e-05,0.5581397117268984,9.34261050708638e-05,5.81665429308218,0.0015863990495333365,18.0,0.0
C,45,0.77,0.52,0.66,0.9983028707668851,0.00041746378885165275,0.9979875437976015,0.9983209243788576,-8.49929322989226e-06,0.9982577343761985,105.56055068969727,0.03805993882325256,58.94070949554443,0.03139578472350401,54.0,0.0,255.0,0.0,57.0,0.0,58.0,0.0,81.0,0.0,134.05,0.2179449471770337,207.4,0.4898979485566356,76.05,0.21794494717703367,6.517621829589703,0.0010162091825933217,0.02836289450060576,6.55937920165907e-05,1.574769454656863,0.002003173252556399,0.825020624427288,0.00035838062278437246,0.29455531904254506,0.0005247584589113185,0.9848087700595144,3.210243431633764e-05,0.558359223565388,0.00015111387522959282,5.813362071670446,0.004770101116023543,18.0,0.0
C,46,0.77,0.52,0.67,0.998098934877501,0.0005022410053178833,0.9976998504528514,0.997745266633381,-3.257106429291071e-05,0.9980582139069909,104.78016052246093,0.07185099844987505,58.69735317230224,0.04969082964034241,54.0,0.0,255.0,0.0,56.0,0.0,58.0,0.0,80.3,0.45825756949558394,133.0,0.0,206.0,0.0,75.0,0.0,6.520401440732394,0.0014014301092603477,0.027492032502777874,7.89084923452608e-05,1.5911749387254903,0.002481418591478015,0.8195721153696598,0.0003502284563036043,0.2868118865584443,0.000720873852912427,0.9846570876799147,2.6970863456640654e-05,0.5601952461687678,0.00014173536145415462,5.8558538822229576,0.00489353568229108,18.0,0.0
C,47,0.79,0.52,0.68,0.9981358300303873,0.0005049182793357121,0.9977832633276241,0.9982913524233726,-5.22848725751119e-06,0.998082680231345,104.80734710693359,0.054175267232611034,58.71697578430176,0.04431944469415561,54.0,0.0,255.0,0.0,56.0,0.0,58.0,0.0,80.05,0.21794494717703367,132.5,0.5,206.2,0.4000000000000001,74.5,0.5,6.516615643281557,0.0008555630948070886,0.027511083893477915,5.6136720650270794e-05,1.584305300245098,0.002843140865836878,0.8194080561004101,0.0004176867856870697,0.28684588079568196,0.0005099981816343821,0.9847349121353245,1.7268617540430526e-05,0.560237148555714,0.0001597286714459873,5.864129843717356,0.0048632697409725445,18.0,0.0
C,48,0.79,0.53,0.69,0.9981081566322569,0.0004529997903789195,0.9977593368963532,0.9980942907846232,-1.3743756931183418e-05,0.9980587361711749,104.55857925415039,0.04517969812814697,58.47610511779785,0.03041965741531277,53.7,0.45825756949558394,255.0,0.0,56.0,0.0,58.0,0.0,80.0,0.0,132.0,0.0,205.0,0.0,74.0,0.0,6.519452189176802,0.0013004095208199392,0.02750018402002752,6.038624796978865e-05,1.5898552389705884,0.00330620156915646,0.81962245368833,0.00036354528214172546,0.28703746873156344,0.000711475707863346,0.9845560436580811,3.846054933956869e-05,0.5592664331908284,0.00010419322583164265,5.8898071428356875,0.003669476333875083,18.0,0.0
C,49,0.8,0.54,0.69,0.9978241655093308,0.0005742192364540982,0.9972888617558624,0.9972888617558624,-1.764012886347944e-05,0.9977809936477994,104.47463760375976,0.057399510971082736,58.37403964996338,0.03626950535589309,53.85,0.3570714214271425,255.0,0.0,56.0,0.0,58.0,0.0,80.05,0.21794494717703367,131.85,0.3570714214271425,204.85,0.3570714214271425,73.85,0.3570714214271425,6.510392457016842,0.0018068120076779276,0.02758407189976424,0.00011259675913347933,1.5741099877450981,0.003698260272772683,0.8202141279018752,0.0005881796141115155,0.2868795784322642,0.0008606522985756568,0.9846679567830762,3.723330281993383e-05,0.5587388563945319,0.00015846077979397692,5.902698291829304,0.004495062831538739,18.0,0.0
C,50,0.81,0.55,0.7,0.9979367022371383,0.0005804120384717976,0.9974213588667857,0.9974213588667857,-4.1401546103145654e-05,0.997895966595204,103.74625625610352,0.04240438984242947,57.83252429962158,0.02441143101800633,53.8,0.39999999999999997,255.0,0.0,56.0,0.0,58.0,0.0,80.0,0.0,130.0,0.0,202.1,0.30000000000000004,72.0,0.0,6.5035199835141455,0.0008920663125758543,0.027563074813224377,7.609530078132192e-05,1.566142769607843,0.0046967761126453815,0.8209943029356573,0.00040546477952064564,0.2871572818805748,0.00053387370085723,0.984451482114233,3.7583988344184444e-05,0.5574420531523812,0.00015078754211125792,5.947249010065696,0.004084656948453919,18.0,0.0
C,51,0.82,0.56,0.71,0.9984247166086787,0.0003680615086025345,0.9982211665372159,0.9983676138654068,-1.0536741259983418e-05,0.998384764486335,106.1989761352539,0.031747571575827645,56.61919116973877,0.025294917915783827,57.0,0.0,255.0,0.0,59.0,0.0,61.0,0.0,83.0,0.0,131.9,0.30000000000000004,202.175,0.36314597615834876,70.9,0.30000000000000004,6.4983474719567225,0.0008736975117393083,0.027367710624821483,6.183893444915559e-05,1.500492493872549,0.0016757225394689623,0.8351069450202739,0.00014981876642364527,0.3804045392452777,0.0002513824562780313,0.9841354323719788,2.568287456447663e-05,0.5331425150721303,0.0001091151143680697,6.001034489671851,0.0028034549693070634,17.2,0.39999999999999997
C,52,0.83,0.56,0.71,0.998118652632949,0.00045923715023915394,0.9977286275372248,0.9977286275372248,-2.3662943832146094e-05,0.9980794073099929,105.88187255859376,0.04866615788611639,56.36539287567139,0.03732530543997812,57.0,0.0,255.0,0.0,59.0,0.0,61.0,0.0,83.0,0.0,131.0,0.0,201.0,0.0,70.0,0.0,6.48907876074272,0.0008936095150203716,0.027468195254914462,6.704238685487376e-05,1.481354932598039,0.0026729063667292915,0.8364711734336469,0.0002181753353323226,0.3808362407628577,0.00023849311966085484,0.9841985719533065,2.7283579800528362e-05,0.5323422004855576,0.00016037744504109847,6.022774828191684,0.0034906250071990493,17.0,0.0
C,53,0.84,0.56,0.71,0.9980568154998757,0.0005549416240494975,0.9974601833066471,0.9974782024023189,-2.9027396340221813e-05,0.9980209057260974,106.09213638305664,0.10124642252799226,56.488366508483885,0.08361495099955717,57.0,0.0,255.0,0.0,59.0,0.0,61.0,0.0,83.0,0.0,131.4,0.4898979485566356,201.3,0.45825756949558405,70.4,0.4898979485566356,6.488731812927559,0.0013905459887578434,0.02754838769324124,6.677173032684615e-05,1.4823031556372548,0.006366282009462577,0.836351977124812,0.00035598847314919973,0.3807164827289048,0.00027549438043347876,0.9842614279419294,5.0019178611067136e-05,0.532446047856314,0.000289845908106544,6.019000752744372,0.00843696511641256,17.0,0.0
C,54,0.84,0.57,0.72,0.998497068269986,0.00034931359979536807,0.9983321279941357,0.9983933098562329,-1.3624147284670637e-05,0.9984602479195314,106.30592651367188,0.06486434659683171,56.31335983276367,0.05496597482507996,57.0,0.0,255.0,0.0,60.0,0.0,61.2,0.39999999999999997,83.9,0.30000000000000004,131.0,0.0,201.0,0.0,69.8,0.39999999999999997,6.483916049516831,0.001116489498257554,0.02754694006871432,9.25215510518948e-05,1.471414675245098,0.002894975297440616,0.8380428176747244,0.0002511471278424029,0.3779893860569846,0.00023256710090203256,0.9843266664282238,4.927984013343296e-05,0.5297291472988521,0.000207123134604683,6.01087183969557,0.006690833851962346,17.0,0.0
C,55,0.85,0.57,0.73,0.9982160734883434,0.00046310397981490806,0.9978918659825923,0.9978918659825923,-2.0235845872174484e-05,0.9981776598302667,106.34753112792968,0.02314370994881181,56.28545722961426,0.011886838517526243,57.0,0.0,255.0,0.0,60.0,0.0,61.3,0.45825756949558394,84.0,0.0,131.6,0.4898979485566356,201.0,0.0,70.3,0.714142842854285,6.485823416771327,0.001279258890877505,0.027548744436353446,7.145857725599864e-05,1.455545343137255,0.0022368186158570422,0.8381159965895766,0.00023278177329201668,0.3777474033070886,0.00021741690736570813,0.9844814749572274,2.3142307005654507e-05,0.5292596712531537,0.00014305543591488893,6.013819678703438,0.0019304828598299966,17.0,0.0
C,56,0.85,0.58,0.74,0.9983940932396529,0.00038221313367640925,0.9980579955992016,0.9980818507710421,-1.8829783494909236e-05,0.9983600494424755,106.38641738891602,0.04468018985603411,56.30846405029297,0.03574629722383743,57.0,0.0,255.0,0.0,60.0,0.0,61.05,0.21794494717703367,84.0,0.0,131.2625,0.4292071178347349,201.3,0.45825756949558405,70.2125,0.5079062413477511,6.484623334668862,0.0012192408693869523,0.02768559504766017,9.020253264985463e-05,1.446407781862745,0.002557052452183515,0.83852745836954,0.00021734780319902672,0.3776785726522034,0.00023587777072971698,0.984592903941523,3.76562464055246e-05,0.5292824118877214,0.00013810181300881152,6.002544952241914,0.0059081910036220455,17.0,0.0
C,57,0.86,0.58,0.74,0.9979982193397305,0.0005239764281955218,0.9976243836171771,0.9977252991907246,-2.8300594691513925e-05,0.9979527230104606,106.1649398803711,0.06244247096669039,56.07552490234375,0.056457403175131,57.0,0.0,255.0,0.0,60.0,0.0,61.0,0.0,84.0,0.0,131.0,0.0,200.8,0.4000000000000001,70.0,0.0,6.481874928168568,0.0011551217968631027,0.027719434024766086,7.306239488635689e-05,1.4381089154411764,0.0015775425333705339,0.8392605801386873,0.0002510863820323047,0.3779901600584023,0.0002510932425483883,0.9845527645876493,2.9799074061815736e-05,0.5281923756076979,0.00023654016890546642,6.019701607066178,0.00391595661412379,17.0,0.0
C,58,0.87,0.58,0.74,0.9978356495659995,0.0005918223242371272,0.9973542743766693,0.99743907376827,-3.5370320615004145e-05,0.9977891291808081,106.08924026489258,0.03752678950968259,55.99596061706543,0.038912628563321915,57.0,0.0,255.0,0.0,60.0,0.0,61.05,0.21794494717703367,84.0,0.0,131.0,0.0,200.15,0.3570714214271425,69.95,0.21794494717703367,6.481861591578169,0.001400610571902647,0.02771408362314105,9.039801177141622e-05,1.4300268075980394,0.004442693203244696,0.8391116158306413,0.0004064031143853374,0.37796023369747805,0.00023698829773630852,0.9845906376376135,4.6591232678967803e-05,0.5278193697214972,0.00023030191063293283,6.026790990513367,0.004403222829767577,17.0,0.0
C,59,0.88,0.59,0.75,0.998169495586523,0.0004753724677726589,0.9978127878673376,0.9981763670091581,-6.980453643019419e-06,0.9981211435908095,106.259619140625,0.06598341737396006,56.11972064971924,0.04006612806193266,57.0,0.0,255.0,0.0,60.0,0.0,61.05,0.21794494717703367,84.0,0.0,131.55,0.49749371855331,200.4,0.4898979485566356,70.5,0.5,6.482380225067187,0.0013481315749396363,0.027691909670829774,4.919998404947492e-05,1.4512262561274512,0.003181835920719543,0.8400543772023685,0.0003260933203822673,0.37783700403839593,0.00023476847648353497,0.9844395350762459,1.959048897023132e-05,0.5281377683129657,9.711221787685592e-05,6.0189788424035955,0.0033748903092416685,17.0,0.0
C,60,0.89,0.61,0.76,0.9984548057945913,0.00035992527619043785,0.9982178888665509,0.9982178888665509,-1.4539206031194724e-05,0.9984203774451607,106.40719985961914,0.04803354241992528,56.19388618469238,0.037729143902615864,57.0,0.0,255.0,0.0,60.0,0.0,61.1,0.3,84.0,0.0,132.0,0.0,200.45,0.49749371855331,70.9,0.30000000000000004,6.48354453593133,0.0008405756242675471,0.027703404403291644,6.905170221799564e-05,1.4406188725490192,0.0023359445269288586,0.8389931307753326,0.0002891452147396581,0.37748282051251064,0.0002573978480682739,0.9845934889854313,2.8152998881661535e-05,0.5281022464788193,0.0001424246290468095,5.9897380841242445,0.004096084289811341,17.0,0.0
C,61,0.9,0.61,0.77,0.9983376267154049,0.0004233302912147311,0.9978654644392905,0.9978654644392905,-2.1242831601726833e-05,0.9983063053730503,106.74931182861329,0.05768578613987852,56.49803352355957,0.05205677937802106,57.0,0.0,255.0,0.0,60.0,0.0,61.45,0.4974937185533099,84.0,0.0,133.05,0.2179449471770337,201.35,0.47696960070847283,71.6,0.5830951894845301,6.488741792365394,0.00124295748282508,0.0275078542297706,7.01426608933257e-05,1.4248606004901962,0.002872080877797378,0.8388447964090847,0.0003662901374333082,0.3772869796882333,0.00018454617852382382,0.9849275311045202,1.9241142684474764e-05,0.5292588945504815,0.0002221304137394761,5.944694851531447,0.0033273418319270756,17.0,0.0
C,62,0.91,0.62,0.78,0.9983503673839463,0.00041198757126929483,0.997908773538945,0.9984068971781095,-7.83808832792518e-06,0.9983054683731245,106.97951278686523,0.07173109791222078,56.734334754943845,0.04717069930219709,57.0,0.0,255.0,0.0,60.0,0.0,61.15,0.3570714214271425,84.0,0.0,134.55,0.49749371855331,201.95,0.2179449471770337,73.4,0.6633249580710799,6.486329495657934,0.0012561621707430103,0.02765855323523283,7.444827901952832e-05,1.4322947303921567,0.002048860551805771,0.8385965058430143,0.00019646572782809713,0.37748607120406014,0.00018646414317507955,0.9849759952710485,3.945573801819631e-05,0.5303289171000071,0.00011212267562543732,5.914289250574353,0.005463421752845039,17.0,0.0
C,63,0.92,0.62,0.78,0.9981947879046331,0.00045916286080650924,0.9977987247819761,0.9980965585417977,-2.5513982291903018e-05,0.9981498673063824,106.91609268188476,0.042517402497455455,56.6768383026123,0.02795281833874663,57.0,0.0,255.0,0.0,60.0,0.0,61.2,0.39999999999999997,84.0,0.0,134.0,0.0,201.95,0.21794494717703367,72.8,0.39999999999999997,6.4861582185602655,0.0012156676380737433,0.027632719604298472,8.374959858457476e-05,1.4404856004901958,0.002878096159574062,0.8385864370184688,0.00024332379619869076,0.3774181831502008,0.00021139761334698265,0.9848587562382587,3.349693559929362e-05,0.5301057646326723,0.00010783503295227601,5.926800416316618,0.004059342296967514,17.0,0.0
C,64,0.93,0.62,0.78,0.998456811090292,0.00037720721697402285,0.9980314822710415,0.9984789957891167,-1.259774884382269e-05,0.9984156170479358,107.33175506591797,0.02793732514522705,57.01529045104981,0.021564641483281896,57.0,0.0,255.0,0.0,60.0,0.0,61.35,0.4769696007084729,84.0,0.0,135.3,0.45825756949558405,202.9,0.30000000000000004,73.95,0.4974937185533099,6.491775055193598,0.0011524913944420691,0.02760349689051509,8.473934747111609e-05,1.4431816789215688,0.0023797619631853164,0.8378535342691119,0.00022044131433759506,0.3769849113287286,0.00025553950815615365,0.9850127510541388,1.7547443195563704e-05,0.5312061582293996,9.748417998249259e-05,5.88574677974608,0.0020306239648014103,18.0,0.0
C,65,0.93,0.63,0.79,0.9984288109153692,0.0004014604560644609,0.9980219033235715,0.9980219033235715,-2.030215435385309e-05,0.9983981719286894,107.39692306518555,0.048553732428312624,57.1017951965332,0.048935964113823116,57.0,0.0,255.0,0.0,60.0,0.0,61.5,0.5,84.0,0.0,136.0,0.0,203.0,0.0,74.5,0.5,6.491171487193713,0.0010219201308365004,0.027587104751728476,8.402644476671342e-05,1.4411917892156862,0.0026224309060354782,0.8379986708393871,0.00024100165501432774,0.3771822598605489,0.00018202486869734692,0.9850781211898235,1.8357880851638023e-05,0.5316892248131316,0.0002576913669667592,5.871863737200322,0.003915017202657075,18.0,0.0
C,66,0.94,0.64,0.8,0.9984113015320304,0.00037229116797969034,0.9981682083211214,0.9983036517956903,-1.1162300509525612e-05,0.9983723265653821,107.20624618530273,0.05730248992176163,56.90582675933838,0.04098897964088306,57.0,0.0,255.0,0.0,60.0,0.0,61.45,0.4974937185533099,84.0,0.0,135.3,0.45825756949558405,202.5,0.5,73.85,0.5722761571129799,6.490001534605851,0.0013313678560372404,0.027631405484862627,7.930556717730477e-05,1.4361795343137254,0.0019654676567527705,0.8377033745575527,0.00035119347438421656,0.37708498472321517,0.00030174947232518615,0.9850277466102085,2.1831861530044894e-05,0.5308069616863234,0.00012922207011054765,5.887195778990689,0.0042263019950248455,18.0,0.0
C,67,0.95,0.64,0.81,0.998165055284846,0.0005029456061615213,0.9975919490341782,0.9976690838333248,-1.1641000922428736e-05,0.9981298191463029,106.60753021240234,0.049202259291759885,57.25261344909668,0.039041538181679554,56.1,0.3,255.0,0.0,59.0,0.0,61.0,0.0,83.0,0.0,135.05,0.2179449471770337,202.575,0.48153400710645555,74.05,0.21794494717703367,6.497302180338944,0.0012255280601260398,0.027052243892103433,8.164819299947277e-05,1.4578584558823529,0.0025421076482980117,0.8355315456960003,0.00026977305818550525,0.37560337512484915,0.00038800706695728016,0.9849152701125723,2.538202199964602e-05,0.5370409496057433,0.00017461719564518258,5.88671410595,0.004873277163593146,18.0,0.0
C,68,0.96,0.65,0.81,0.9983946841506681,0.0003717337441516264,0.9982103593373978,0.9982103593373978,-1.5318871795903837e-05,0.998357289649693,106.47711868286133,0.03186207670715173,57.25822868347168,0.018037345423177507,56.15,0.3570714214271425,255.0,0.0,59.0,0.0,61.0,0.0,82.125,0.3112474899497183,136.0,0.0,202.0,0.0,75.0,0.0,6.499640553523983,0.0009583830594782323,0.02704252116382122,7.279170649630025e-05,1.4596461397058822,0.0017766378752835568,0.8343711834186773,0.00023074008351989565,0.37561057966007694,0.0003576051892005612,0.9849074599392116,1.560783412679977e-05,0.5377514890116549,8.478194523183084e-05,5.874229730844993,0.002773289107080199,18.0,0.0
C,69,0.97,0.65,0.81,0.9981153656728823,0.0005329951431526195,0.9974966122105379,0.9974966122105379,-3.8570678008270016e-05,0.9980820530185202,106.83947677612305,0.049157592851673565,57.59572505950928,0.02880802274889222,56.2,0.39999999999999997,255.0,0.0,59.0,0.0,61.0,0.0,82.0,0.0,136.9,0.3,203.0,0.0,75.9,0.3,6.503107514028839,0.000948283185559647,0.027070776303298773,8.153745137730217e-05,1.479162837009804,0.002446192833940029,0.8336631641274577,0.00031461919369978086,0.3761226264371346,0.0003718724357030825,0.9848775499726112,3.30563689516891e-05,0.5390865458797474,7.433957822722074e-05,5.8620301710758,0.006219126852522072,18.0,0.0
C,70,0.98,0.67,0.83,0.99791790530487,0.000616876711226701,0.9973527653737639,0.9973527653737639,-2.466815018371726e-05,0.9978779854426324,106.39026107788087,0.14363348026912434,57.77674388885498,0.1250351499581734,56.0,0.0,255.0,0.0,59.0,0.0,60.0,0.0,81.0,0.0,136.1,0.30000000000000004,203.15,0.7262919523166974,76.1,0.30000000000000004,6.491678480345368,0.0010472113652151244,0.02846835816744715,5.478894432431147e-05,1.500988817401961,0.0027068516436130133,0.8295112294334483,0.00036118463666623857,0.3624177285193625,0.000628923517946035,0.9847599583420891,5.758851043507084e-05,0.5430636519682286,0.0004789437822301832,5.854539131045339,0.012861473979975899,18.0,0.0
C,71,0.99,0.68,0.84,0.998076680901274,0.0005080658243850039,0.9975433204228102,0.9975433204228102,-3.401707755812794e-05,0.9980401030428199,105.75610733032227,0.05922973173890745,57.79633140563965,0.042249060436784266,55.95,0.21794494717703367,255.0,0.0,58.0,0.0,60.0,0.0,80.0,0.0,135.0,0.0,203.0,0.0,75.0,0.0,6.505667732813096,0.0010671193224413135,0.026892633480019867,3.170666025121103e-05,1.4924448529411765,0.002920039802392508,0.830706961533701,0.00025782402857207605,0.34452083471848277,0.0004350814722002755,0.9848954412461663,2.7656545010041072e-05,0.54650580505822,0.0001265633984732711,5.850104148710044,0.0036366862133063987,18.0,0.0
C,72,1.0,0.68,0.85,0.9982630081142556,0.0004251444019163688,0.9979563704340307,0.998025047692252,-1.2451190842827655e-05,0.9982235599178151,106.00229187011719,0.05736573347189063,58.0471908569336,0.04284758333532985,55.85,0.3570714214271425,255.0,0.0,58.0,0.0,60.0,0.0,80.0,0.0,136.0,0.0,204.0,0.0,76.0,0.0,6.510659185300374,0.0007997178487801303,0.026846019993536176,3.08585789482982e-05,1.5115632659313727,0.0034998597742244807,0.8305242982328667,0.00033279475038243986,0.34457551253885227,0.0003506852234643434,0.9848309372269369,4.011012820318741e-05,0.5476031203237196,0.00015229177921177188,5.83817877347955,0.004862686529124544,18.0,0.0
C,73,1.01,0.68,0.85,0.9982576568259093,0.0004260829511686724,0.9979202476598071,0.9979202476598071,-2.171821773164466e-05,0.9982206848783042,105.7709976196289,0.04490758183873731,58.10613384246826,0.027676946009904443,55.2,0.39999999999999997,255.0,0.0,58.0,0.0,60.0,0.0,80.0,0.0,135.0,0.0,204.0,0.0,75.0,0.0,6.502081500528098,0.0012901459893381291,0.027693745866417884,9.6473540988499e-05,1.5132988664215687,0.005053764189474203,0.8311949864803909,0.000303764452605318,0.33971569630453113,0.00045120955533044054,0.9848606321374656,6.339756841789017e-05,0.5493579015281745,9.153243186523742e-05,5.828547919633374,0.008474062166643311,18.0,0.0
C,74,1.02,0.69,0.87,0.9979380394822144,0.0005774511220808654,0.9974989224539481,0.9975561330222853,-3.984763968230889e-05,0.9978938275332971,105.56100616455078,0.06745003234330947,58.0558277130127,0.06549098262641943,55.0,0.0,255.0,0.0,58.0,0.0,60.0,0.0,79.0,0.0,134.4,0.4898979485566356,204.7,0.45825756949558405,74.4,0.4898979485566356,6.50597352583083,0.0011591581065547294,0.027720805048011242,7.863216869524931e-05,1.5241099877450979,0.0021240805730195927,0.8324034099647415,0.0003978276576470169,0.3393125741120696,0.00045629701545034466,0.9847210250033174,4.51551747881135e-05,0.5499740128869522,0.00028015063395618844,5.832674538354957,0.01241178206979751,18.0,0.0
C,75,1.03,0.69,0.86,0.9982495437382258,0.00044461632733269844,0.9977535208582345,0.9982349334362671,-1.358111000025259e-05,0.9982038635813621,105.87733535766601,0.04414599649562629,58.21634216308594,0.03708000557303144,55.35,0.4769696007084729,255.0,0.0,58.0,0.0,60.0,0.0,80.0,0.0,135.2,0.4000000000000001,205.0,0.0,75.2,0.39999999999999997,6.505682061147529,0.0007259624119939004,0.027573811821639538,7.178966545045875e-05,1.5147189031862744,0.0029209022610411587,0.8316184773439774,0.0003110077344988527,0.33983125034666667,0.0003506259720109251,0.984899474842476,3.811945825832266e-05,0.5498470206058712,0.0001434092885538397,5.809581077038986,0.0041102680161079,18.0,0.0
C,76,1.03,0.7,0.88,0.9981082720794667,0.0005497150850068524,0.9976017107654918,0.9976017107654918,-2.3741018569814657e-05,0.9980718203266365,105.75160369873046,0.06854400257720228,58.594495582580564,0.055287708493720285,55.0,0.0,255.0,0.0,58.0,0.0,59.0,0.0,79.0,0.0,135.0,0.0,205.75,0.4330127018922193,76.0,0.0,6.507192092232863,0.0012271010020748299,0.02845714068971574,8.49883463222929e-05,1.5487469362745099,0.00666652974094804,0.829382949245276,0.00035967254647831335,0.32403196755723557,0.0006033574048827148,0.9847923088413794,8.384626119088871e-05,0.5540765664572187,0.0001962341754381634,5.78841573193314,0.009147169177578773,18.0,0.0
C,77,1.04,0.7,0.88,0.9982341362455859,0.0004239070036184144,0.997882251423386,0.9982584988401111,-1.3566617797002573e-05,0.9981870250258508,105.70959396362305,0.09314372783379087,58.59056205749512,0.07607306791352161,55.0,0.0,255.0,0.0,58.0,0.0,59.0,0.0,79.0,0.0,135.2,0.4000000000000001,205.35,0.47696960070847283,76.2,0.39999999999999997,6.499704601656591,0.001596905635528251,0.028683015331625938,6.996871490616617e-05,1.5316023284313725,0.0030176529662936163,0.8294030118952229,0.0003438870526194418,0.32278466124587185,0.0006221927217476245,0.9849670686406423,3.51831659605855e-05,0.5542594527459699,0.00025643895293348825,5.764341119593139,0.007763750799951142,18.0,0.0
C,78,1.05,0.71,0.89,0.9983222502961431,0.0004216387977499162,0.9979401366054432,0.9984621109012919,-2.1086494375959266e-05,0.9982744184458795,105.53610687255859,0.043625723079088186,58.433214378356936,0.03193868938279039,55.0,0.0,255.0,0.0,58.0,0.0,59.0,0.0,79.0,0.0,134.9,0.30000000000000004,205.0,0.0,75.9,0.30000000000000004,6.499476364550506,0.0008757035382232356,0.028657795931212603,5.1885643060558195e-05,1.5390594362745098,0.0026275112467823588,0.8298443494363251,0.0003565647873413371,0.32453967679355944,0.000526638816101943,0.9848058832826556,2.1691845481494016e-05,0.5536798137883701,0.00011930053050130003,5.7858311977480845,0.0027585395480590894,18.0,0.0
C,79,1.06,0.71,0.89,0.9984491393963528,0.00036741011911333593,0.9981733693019231,0.9984598033839909,-9.92671539577779e-06,0.9984080466439244,105.65094833374023,0.013989356903570714,58.45101127624512,0.013474187850138784,55.0,0.0,255.0,0.0,58.0,0.0,59.0,0.0,79.0,0.0,135.0,0.0,205.0,0.0,76.0,0.0,6.504032655521709,0.0008965224781345697,0.028599537163972854,5.798220189227893e-05,1.5538311887254905,0.0022470390159956815,0.8296703678243926,0.00032562723423168856,0.32469603721299845,0.0006186328478825511,0.9846633253011181,2.26829813546378e-05,0.5532464471440603,0.000128124471074242,5.8089134934281015,0.0014807348768187908,18.0,0.0
C,80,1.06,0.72,0.9,0.9983378136809586,0.00039147245757018684,0.9980935581445002,0.9981555360610231,-1.585323381917697e-05,0.9982988687151666,105.53221588134765,0.07038902997155748,58.461189651489256,0.06017892552707247,55.0,0.0,255.0,0.0,58.0,0.0,59.0,0.0,79.0,0.0,134.1625,0.3559757716474536,205.95,0.2179449471770337,75.1625,0.3559757716474536,6.500521160830099,0.0015783458999190062,0.02858154671266675,8.104280439446518e-05,1.5468206188725486,0.0020960868991870924,0.8305993206836455,0.0003640647693951228,0.3219001075682975,0.000633791549282432,0.984753815513843,4.0130720363868725e-05,0.5539652132842912,0.00022459607218786067,5.776417194558083,0.007981575851635427,19.0,0.0
C,81,1.07,0.73,0.92,0.998384193875195,0.0003861925763720511,0.9981642876512943,0.9981897832887847,-1.9098405643440783e-05,0.9983467887294215,105.4024673461914,0.047950569437779735,58.32220268249512,0.0384347468975628,55.0,0.0,255.0,0.0,58.0,0.0,59.0,0.0,79.0,0.0,134.0,0.0,205.8,0.4000000000000001,75.0,0.0,6.499732966223948,0.0012957061252869624,0.028559587290510537,5.984369278295184e-05,1.5579955575980393,0.001657093719341058,0.830292223448059,0.000374180787383584,0.32222795277856037,0.0005810507397751791,0.9845641891148876,2.450820616386082e-05,0.5533285962600447,0.00018472658462499516,5.791194590075191,0.004926748525265084,19.0,0.0
C,82,1.08,0.73,0.93,0.9979636769560072,0.0005490804174541307,0.9974099396448782,0.9975662290468157,-9.331297439834553e-06,0.9979205486629598,105.68257293701171,0.09569089029163068,58.54685935974121,0.0962789787544373,55.0,0.0,255.0,0.0,58.0,0.0,59.0,0.0,79.0,0.0,134.15,0.3570714214271425,206.875,0.5889609494694873,75.15,0.3570714214271425,6.501394811347997,0.0009632226388584699,0.02857933207415044,4.2674592903114895e-05,1.561958486519608,0.0028770783435359327,0.8304600918684129,0.0003606781476198768,0.32279571364554405,0.0004913594979956441,0.9846381084174475,5.521935500254113e-05,0.5539874835648391,0.0004397134819421984,5.764644716546055,0.010400313371969755,19.0,0.0
C,83,1.09,0.75,0.95,0.9983381717119706,0.0004169343220451742,0.9980306308145929,0.998304181286326,-1.6800208643085686e-05,0.9982953338734601,105.61161956787109,0.04458621764654838,58.420663833618164,0.03399601822228051,55.0,0.0,255.0,0.0,57.95,0.21794494717703367,59.0,0.0,80.0,0.0,133.7625,0.41438961135626945,207.95,0.2179449471770337,74.7625,0.4143896113562694,6.498965518391556,0.0009453758344446835,0.028547269734553994,6.00069100606418e-05,1.5548399203431373,0.0013762870344408685,0.8313577344881715,0.00041728505584767884,0.3198901552900144,0.0007133813144610676,0.9846534968537852,2.5905547902904118e-05,0.5531650844986247,0.00011735316740107515,5.768111985379287,0.005157270509372679,19.0,0.0
C,84,1.11,0.75,0.95,0.9982056412869229,0.0004439033520392013,0.997836466579266,0.9978551107482307,-2.2553892770368506e-05,0.9981676458086236,105.62868728637696,0.04187371271198912,58.45256309509277,0.02796322325748491,55.0,0.0,255.0,0.0,58.0,0.0,59.0,0.0,80.0,0.0,133.75,0.4330127018922193,208.0,0.0,74.75,0.4330127018922193,6.4977664382835885,0.001182084693389085,0.028624002751894296,7.412197396175981e-05,1.558218443627451,0.0027337613278526785,0.8315261347130862,0.00033404195928124155,0.3215007512055753,0.0005828472638505572,0.9846319050746362,2.5596260460967996e-05,0.5533777173245218,9.466844899040232e-05,5.76725661893945,0.0024917952430884936,19.0,0.0
C,85,1.11,0.75,0.96,0.9981465430411591,0.00047552275940705577,0.9978400811143137,0.9982407520211468,-1.7771154286394214e-05,0.9980952886743217,105.47130279541015,0.04628229411152068,58.28982810974121,0.03754140311887385,55.0,0.0,255.0,0.0,58.0,0.0,59.0,0.0,80.0,0.0,133.0,0.0,207.95,0.21794494717703367,74.0,0.0,6.497039014327615,0.0014146684090784256,0.028615704574622213,8.301935610629515e-05,1.549597886029412,0.003707667611253352,0.8319396956730148,0.0003565566539305031,0.32121855395651244,0.0006543195426225701,0.98463122357564,2.0451185146996497e-05,0.5526605089863236,0.00015365609818472322,5.777299735713586,0.0037088636531763634,19.0,0.0
C,86,1.11,0.76,0.97,0.9977441548010939,0.0007169350768308973,0.9971214629711734,0.9979848775960471,-7.418692899341315e-06,0.9976784556433346,105.49236907958985,0.04701674010109504,58.27621059417724,0.027573787606799304,55.0,0.0,255.0,0.0,58.0,0.0,59.0,0.0,80.0,0.0,133.0,0.0,207.925,0.2384848003542364,74.0,0.0,6.496467625736466,0.000940437426823524,0.028661154420115055,6.104954849721215e-05,1.566511182598039,0.004454487962193518,0.8323799934887353,0.00044551576094925695,0.3227909598711184,0.0005967938245896512,0.9844527038892583,4.3128966574472544e-05,0.5524210986860199,7.732271043885308e-05,5.803325847681878,0.008563066286586861,19.0,0.0
C,87,1.13,0.76,0.97,0.9982187139774353,0.0004567086878846525,0.9976791662013466,0.9983054017141071,-9.849812172665215e-06,0.9981695567732186,104.63274383544922,0.05198112583372179,57.54224491119385,0.05715007494063679,55.0,0.0,255.0,0.0,58.0,0.0,59.0,0.0,80.0,0.0,130.2,0.4000000000000001,205.375,0.4437059837324712,71.2,0.39999999999999997,6.486800381433662,0.0009484457319923915,0.028656207816675307,6.109980975142446e-05,1.5588602941176473,0.0030347333810798118,0.8334777598423495,0.0002923692436898519,0.32300377333422764,0.0004314246473107716,0.9841350221582686,3.929457131786051e-05,0.5499447853145614,0.0002935498093082041,5.880203063900599,0.011203482708149559,18.45,0.49749371855331004
C,88,1.13,0.77,0.98,0.9983741948415782,0.0003905156187162235,0.9980301643143816,0.9984330699903249,-1.397843746797972e-05,0.998329861149258,104.32659225463867,0.02150886422781741,57.34804458618164,0.0158083201176567,55.0,0.0,255.0,0.0,58.0,0.0,59.0,0.0,79.425,0.48153400710645555,129.3,0.45825756949558405,205.0,0.0,70.3,0.45825756949558394,6.482735356558344,0.0012100704706677976,0.028644475224427878,7.3882984861911e-05,1.5468543198529412,0.002479433663424523,0.8346864061169672,0.000316484705862832,0.32371845892474244,0.0005268235190950196,0.984145888542626,2.4956629460873524e-05,0.5496972869544763,0.00010735642639002395,5.89511535314683,0.002098322754288075,18.0,0.0
C,89,1.14,0.77,0.99,0.9984420560991237,0.0004283490117757995,0.9974883074429026,0.9974883074429026,-2.1020040484301297e-05,0.9984261562242379,104.4933479309082,0.05930204125902384,57.292754554748534,0.05297420506249745,55.0,0.0,255.0,0.0,58.0,0.0,59.0,0.0,80.0,0.0,130.0,0.0,204.8,0.4,71.0,0.0,6.490958569060882,0.0008773855779978689,0.02860098599921912,5.045908883525051e-05,1.553243719362745,0.004619433324990504,0.8366280573065399,0.0004234558708330835,0.3330926283377543,0.0006187276760328827,0.9840225103514616,6.090367411447868e-05,0.5482908201178883,0.00020857179501759189,5.904421620622507,0.007235668692500372,18.0,0.0
C,90,1.15,0.78,1.01,0.9984522603059247,0.0003674298368507336,0.9982282375234727,0.9982699592976407,-1.2656275957778454e-05,0.9984163277089038,104.43761444091797,0.04008041418404145,57.13357028961182,0.03224976715831005,55.0,0.0,255.0,0.0,58.0,0.0,60.0,0.0,81.0,0.0,128.0,0.0,204.25,0.4330127018922193,68.0,0.0,6.482956340914377,0.001237728032534801,0.027908003097400068,9.029364962992785e-05,1.5458708639705883,0.002189173225850023,0.8369700548500745,0.0003104603637949136,0.339171715586692,0.0006206358257953479,0.9839949286869786,2.7412222330418078e-05,0.5470592877952732,0.00012861900187967015,5.972033102297686,0.0031139677787816364,18.0,0.0
C,91,1.16,0.78,1.01,0.9982775126888338,0.00040398408681842417,0.9980764289392522,0.9982291921683657,-1.369444934984492e-05,0.9982334556679995,105.29026336669922,0.048189952912570395,57.411617851257326,0.043261151221846324,56.0,0.0,255.0,0.0,58.0,0.0,60.0,0.0,81.0,0.0,129.35,0.47696960070847283,205.95,0.15,69.35,0.47696960070847283,6.4948296077827905,0.0012905660311363543,0.027335294336080552,8.471981512706922e-05,1.5435791973039217,0.0020504844032907883,0.834021305679544,0.0003972866318901975,0.3506403464364193,0.0005854949167824876,0.9841456756930972,2.2397144528284163e-05,0.54526989457076,0.0001831531113150992,5.934569054375957,0.0050915769994455875,18.0,0.0
C,92,1.16,0.79,1.02,0.9981461515628542,0.00043914302211160803,0.9978207188840894,0.9978207188840894,-1.6561771357936098e-05,0.9981059300955017,105.30512619018555,0.03065239685739625,57.39626350402832,0.02674870496191802,56.0,0.0,255.0,0.0,58.0,0.0,60.0,0.0,81.0,0.0,130.0,0.0,206.0,0.0,70.0,0.0,6.497785238802159,0.0007830761826403013,0.027233311324380338,7.020631619899866e-05,1.5547487745098039,0.0025717096813935394,0.8337873033645897,0.00039478045462230346,0.35014760021891306,0.0005866172059567731,0.9840247266835533,3.272414034988788e-05,0.5450471718606122,0.0001249069451554222,5.937346514807681,0.003875558425697741,18.0,0.0
C,93,1.17,0.8,1.03,0.9981590299969781,0.00043836281329558493,0.9978293627726895,0.9979731685762642,-2.2116305065217587e-05,0.9981154745079437,105.52124786376953,0.08102885582946126,57.74128398895264,0.06945267208337534,56.0,0.0,255.0,0.0,58.0,0.0,60.0,0.0,82.0,0.0,129.35,0.47696960070847283,206.925,0.2384848003542364,69.35,0.47696960070847283,6.498756969514017,0.0012375957444303563,0.027147356374189257,6.9416568921069e-05,1.5462446384803923,0.003440402333894485,0.8339410082466356,0.000314331918809111,0.34769876706387354,0.0005067014939763391,0.9843126454981412,2.7446864579959608e-05,0.5472003734258821,0.00026931622438880227,5.940523244567624,0.007738516479639019,18.0,0.0
C,94,1.18,0.8,1.04,0.9979214994326572,0.0005566528037541817,0.9974642275684656,0.9980192825217871,-2.5247531885347554e-05,0.9978642288100921,105.2251968383789,0.03714683784361018,57.5783332824707,0.03430726039436867,56.0,0.0,255.0,0.0,58.0,0.0,60.0,0.0,82.0,0.0,128.4,0.4898979485566356,206.0,0.0,68.4,0.4898979485566356,6.48976242495669,0.0010527629304980589,0.027174319443292915,6.0991258308315634e-05,1.5501447610294115,0.0021873073018448047,0.8344100302080409,0.0002926315578746073,0.3482051543370942,0.00039646483543353693,0.9841919765305583,2.603017290002686e-05,0.547191468209393,0.00018524816486855227,6.020292041741676,0.00393625504575898,18.0,0.0
C,95,1.18,0.8,1.06,0.9982103054807112,0.00042985175089868934,0.997927913800808,0.997999332850033,-2.3177473074311172e-05,0.9981687601678266,105.08003768920898,0.027495910385060062,57.61505699157715,0.020490070936099825,56.0,0.0,255.0,0.0,58.0,0.0,60.0,0.0,82.0,0.0,128.0,0.0,205.8,0.4000000000000001,68.0,0.0,6.479833020646737,0.0008721416107288131,0.027335912641137838,7.844446449767166e-05,1.554140625,0.0019628183622925357,0.8332204909793111,0.0003460200386451098,0.35013626974184137,0.0006559250817646055,0.9841685506161248,1.888337125139012e-05,0.5482968761360253,0.00010662191485789039,6.044519046160266,0.0026159050883240616,18.0,0.0
C,96,1.2,0.81,1.07,0.9976342132757796,0.0006935964347335518,0.9971155312778657,0.9975862270157633,-5.6671444892454535e-06,0.9975732185266954,105.0753776550293,0.05897196070560237,57.69791717529297,0.05526455419343829,56.0,0.0,255.0,0.0,58.0,0.0,60.0,0.0,82.0,0.0,128.0,0.0,205.875,0.3112474899497183,68.0,0.0,6.476964295249273,0.00115388360169579,0.027353412937372923,8.182290728620651e-05,1.5549877450980394,0.004021854219899171,0.8324317313166623,0.0004210167986082435,0.34890535694531266,0.0003842884147635503,0.9842196670767415,5.867507928295762e-05,0.5491096633898207,0.00023883995141706817,6.082468012281354,0.008542494464706214,18.0,0.0
C,97,1.2,0.82,1.08,0.9981048664416028,0.00048201567731951864,0.9976436543922474,0.9976451660295144,-1.3797451615911985e-05,0.9980670918850948,105.22135925292969,0.03837156844425561,57.80589427947998,0.028398252786772656,56.0,0.0,255.0,0.0,58.0,0.0,60.0,0.0,82.0,0.0,128.0,0.0,206.0,0.0,68.0,0.0,6.473150606497947,0.0008965996828495052,0.027526466641575098,6.830644426750915e-05,1.5600176164215687,0.003120853992749348,0.831953446752653,0.00032379605725699336,0.35115134129366493,0.000576060403264524,0.9842152563575943,3.717607512043544e-05,0.5493741269211824,0.00011320176584710163,6.0765136164588744,0.003419050757223187,18.0,0.0
C,98,1.22,0.83,1.09,0.9980409507586925,0.0005329334943327318,0.9975663725766056,0.9976027101276218,-2.4998016220375758e-05,0.9980009294794492,105.14436187744141,0.0582507458911067,57.81135578155518,0.04701298828794206,56.0,0.0,255.0,0.0,58.0,0.0,60.0,0.0,82.0,0.0,128.0,0.0,206.0,0.0,68.0,0.0,6.467978738500037,0.0014054502966045622,0.027594242710620165,9.642961287726147e-05,1.5661818321078431,0.002925129014777311,0.83121685840061,0.0003900940661974477,0.3517382812902042,0.0006215812883042082,0.9841591586445213,1.9297540514977494e-05,0.5498283240845334,0.00016932742608928906,6.110893551394541,0.004391691703345398,17.4,0.4898979485566357
C,99,1.22,0.83,1.1,0.9978843314019148,0.0005640307151858028,0.9974480315075387,0.9975151395843843,-1.3725507321400211e-05,0.9978383714866108,105.03723907470703,0.0464084598136733,57.72717552185058,0.03729238151320207,56.0,0.0,255.0,0.0,58.0,0.0,60.0,0.0,81.6,0.4898979485566356,127.95,0.21794494717703367,205.1,0.30000000000000004,67.95,0.21794494717703367,6.465029426300868,0.0013109312249302237,0.027603312046267092,9.640420250217344e-05,1.5628913909313726,0.0031897431562553794,0.8317581869642574,0.00031158365897936683,0.35187671776464474,0.000676118258459806,0.9841472136813575,4.712246638012083e-05,0.5495876789018204,0.00018584040480262585,6.127155454333533,0.0057041437318752115,17.0,0.0
C,100,1.22,0.83,1.12,0.9978980873849318,0.0006275075510883736,0.9970787923774975,0.9970787923774975,-4.5768240908473705e-05,0.9978643342899675,105.18488693237305,0.057156097811272545,57.77690753936768,0.03587851880025657,56.0,0.0,255.0,0.0,58.0,0.0,60.0,0.0,82.0,0.0,128.0,0.0,205.525,0.4866980583482946,68.0,0.0,6.467695956216114,0.0009829716748204786,0.02761091310530901,6.968551429969588e-05,1.5586841299019607,0.0013901171212500991,0.8316420414777049,0.0002933155260655262,0.35230732103625606,0.0006665992809427432,0.9842073352720911,2.3115311012485695e-05,0.5492890435836784,0.00010281841858464159,6.109479824551813,0.0070969254907822955,17.1,0.3
D,1,0.35,0.25,0.37,0.9982275833592927,0.00044070450275836113,0.9979781422405134,0.9982041051654221,-2.317164247701097e-05,0.998181558663297,107.00232315063477,0.05400817012574479,55.213590431213376,0.042547093864181505,59.0,0.0,255.0,0.0,61.0,0.0,63.0,0.0,85.0,0.0,131.0,0.0,200.825,0.36314597615834876,68.0,0.0,6.474862347805124,0.001445739888549201,0.027350802440196276,6.851344797844168e-05,1.5158417585784314,0.002017005921851835,0.8372648624160945,0.00023996235597776173,0.358466424937705,0.00032915751550230003,0.9834024882850079,3.0361917036025143e-05,0.5160035975656385,0.0001589854072766906,6.1506331711155156,0.004951077520626328,17.0,0.0
D,2,0.36,0.25,0.37,0.9980914593432406,0.0005155854421671663,0.99771107013072,0.9978875731217881,-7.928053563218457e-06,0.9980466000159693,106.95591278076172,0.06046137215750381,55.1151762008667,0.05467024656159112,59.0,0.0,255.0,0.0,61.0,0.0,63.0,0.0,85.0,0.0,131.0,0.0,200.0,0.0,68.0,0.0,6.476265666899005,0.0008100377989258969,0.027320079039782286,5.46833795884119e-05,1.5144638480392156,0.0013082645957155257,0.8358028620740455,0.00022853052978398904,0.35837302250907827,0.0003189006254382602,0.9833583999340357,3.632771678083767e-05,0.515307312219614,0.00024132597445761722,6.176713056509134,0.007336655047474957,17.0,0.0
D,3,0.36,0.26,0.38,0.9980165454506947,0.0005719808810053456,0.997428370980149,0.997597069597958,-2.635377396436576e-05,0.997975388116548,107.51604385375977,0.0609172916059401,55.109364128112794,0.05185028032809647,59.0,0.0,255.0,0.0,62.0,0.0,63.2,0.39999999999999997,86.0,0.0,131.7,0.45825756949558405,200.45,0.49749371855331,68.5,0.5,6.47805406038203,0.0020505357195653375,0.027473971713334322,8.135586680238895e-05,1.518894761029412,0.0033182936084587954,0.8355442827260783,0.00034763217146788477,0.3503324820338238,0.0003179912296664048,0.9833597627502455,5.5202292391352935e-05,0.5125686654622772,0.00024966198598602707,6.171756334026108,0.007785262277104095,17.0,0.0
D,4,0.37,0.26,0.38,0.9984286466074896,0.00037466742958843467,0.9982023313351427,0.9983227940749967,-8.39428264774794e-06,0.9983900807953575,107.54607543945312,0.05354253973559054,55.1538028717041,0.04397340734937192,59.0,0.0,255.0,0.0,62.0,0.0,63.15,0.3570714214271425,86.0,0.0,132.0,0.0,201.0,0.0,68.85,0.3570714214271425,6.477223829228106,0.0011426571974956085,0.027479211776517333,6.839104890528777e-05,1.5116276041666667,0.002048350104450697,0.8357120257440027,0.0002517271416749806,0.3504525694140121,0.00026424979523984407,0.9834639845977067,3.197524928846271e-05,0.5128387564863823,0.00018030901088013175,6.146323808503768,0.0035327179431874443,17.0,0.0
D,5,0.38,0.27,0.39,0.9980064251079724,0.0005667849765447465,0.9974520596970745,0.9977002237375354,-3.69269249975724e-05,0.9979620205415886,107.49271087646484,0.042750289311121945,55.01003837585449,0.029331589226351183,59.0,0.0,255.0,0.0,62.0,0.0,63.1,0.3,86.0,0.0,132.0,0.0,199.95,0.2179449471770337,68.9,0.30000000000000004,6.4823426186930435,0.0011564444812865275,0.027399242110550403,9.167675148457287e-05,1.5245412071078428,0.00480815449090777,0.8353784818854061,0.0003478411731955771,0.35030405506299517,0.00033702553191468273,0.983234111178845,5.324115696179359e-05,0.5117559830591155,0.00016959773865333038,6.169007781673902,0.006285715294873082,17.0,0.0
D,6,0.4,0.29,0.4,0.9984520363277933,0.00036208919382953083,0.9982219696649509,0.9982219696649509,-1.2199314964126303e-05,0.9984173548275207,107.33595733642578,0.019854265905765094,54.98925952911377,0.0175110405051107,59.0,0.0,255.0,0.0,62.0,0.0,63.8,0.39999999999999997,85.0,0.0,132.0,0.0,200.0,0.0,68.2,0.39999999999999997,6.489365950382661,0.0009426956141304069,0.027207996463403106,6.507630099541537e-05,1.5402290134803922,0.0018639772038865064,0.8346651620807295,0.0003172449976707226,0.3496120226450844,0.00022236677173896458,0.9830373971734586,1.8015950771133006e-05,0.5123097631506949,0.00010700882839902944,6.1680265747871434,0.003640856770562771,17.0,0.0
D,7,0.41,0.29,0.4,0.9983995513175528,0.000422665978582668,0.9977570625133378,0.9977570625133378,-1.788335636815472e-05,0.9983743418470467,107.72375106811523,0.11194931026467428,55.44946708679199,0.08754434760017508,59.0,0.0,255.0,0.0,62.0,0.0,63.65,0.47696960070847294,85.0,0.0,132.6,0.4898979485566356,202.4,0.4898979485566356,68.95,0.6689544080129826,6.491670922529606,0.0016923746174137754,0.027206540666520597,7.983759619245001e-05,1.5412446384803922,0.004324287295545948,0.8341347102298837,0.0003788841959295253,0.3492985892100149,0.0003391362020708586,0.9833067095456144,3.9340433398972295e-05,0.5147373380790048,0.0002923096081811618,6.101533514536837,0.008803590613893547,17.0,0.0
D,8,0.42,0.31,0.41,0.9982346500054498,0.0005021701863990207,0.9977284821822563,0.9983408781002214,-1.0407846570255595e-05,0.9981853979504413,107.69625473022461,0.03911636122365282,55.530721282958986,0.03964600188911664,59.0,0.0,255.0,0.0,62.0,0.0,63.75,0.4330127018922193,85.0,0.0,132.0,0.0,203.15,0.3570714214271425,68.25,0.4330127018922193,6.49008861263366,0.0009285803941017167,0.027232094830833376,5.881021397799786e-05,1.5261757046568627,0.003602770124173193,0.8344028049837178,0.0002551475678604935,0.3493221011612577,0.0002946127584519728,0.9835201419876658,2.0626766220822086e-05,0.5156234689051931,0.00023284740274031983,6.0634342059506485,0.005934499598116816,17.0,0.0
D,9,0.44,0.32,0.42,0.9983671938276076,0.00038194423926044913,0.9980766125063679,0.9983193867511253,-9.590907399314327e-06,0.9983254833250577,107.89723892211914,0.04874890731497639,55.8501480102539,0.039121478167270886,59.0,0.0,255.0,0.0,62.0,0.0,63.85,0.3570714214271425,85.05,0.21794494717703367,132.0,0.0,204.95,0.2179449471770337,68.15,0.3570714214271425,6.4928712267260735,0.001035370471713695,0.02714626651722938,7.449188080761069e-05,1.492195925245098,0.0025659980168215714,0.834801123009006,0.00025409322834105,0.3493234401886408,0.0003107060399581776,0.9840725154996482,2.508695163781896e-05,0.5176234663914856,0.00016424335801104554,5.9509403731640145,0.003935357774589074,17.0,0.0
D,10,0.45,0.32,0.42,0.9982765902228111,0.00041564974790488904,0.9978692430435722,0.9978692430435722,-2.1591534088090076e-05,0.998241956996523,107.99181747436523,0.024053604810187965,56.0685173034668,0.019086455261935528,59.0,0.0,255.0,0.0,62.0,0.0,63.85,0.3570714214271425,85.8,0.4,131.0,0.0,205.0,0.0,67.15,0.3570714214271425,6.484961237810768,0.0008664085978300974,0.027205107337795197,6.305250580256019e-05,1.484672181372549,0.0023614567267032996,0.8365927675343279,0.0002591942697247793,0.3495939538917028,0.00028152508629535175,0.9842812571402177,2.2992533871765117e-05,0.5191922667251051,0.00010081077952802521,5.886633892757031,0.001973074404045484,18.0,0.0
D,11,0.46,0.33,0.42,0.9981627397922281,0.0004674234242106556,0.9978088118378973,0.9978115051917701,-1.8284103247814005e-05,0.9981236338551674,107.94928512573242,0.016986159287812476,56.041410255432126,0.021217784084059117,59.0,0.0,255.0,0.0,62.0,0.0,64.0,0.0,85.0,0.0,130.95,0.2179449471770337,204.0,0.0,66.95,0.21794494717703367,6.4836892506798645,0.0008912714678044643,0.027190341055393218,6.64409113882709e-05,1.496328125,0.0022385337299657836,0.8375143118585628,0.0003109464180229276,0.3498801413339494,0.00029194373266051734,0.9841399446445804,2.1918553838146828e-05,0.5191457207007145,0.00015486092308575637,5.880345458151453,0.003126440380619276,18.0,0.0
D,12,0.46,0.33,0.43,0.998411949941632,0.000433887836745672,0.9974839310153599,0.9974839310153599,-2.18878850638016e-05,0.9983945807012872,108.18640365600587,0.06523067902810176,56.23058853149414,0.04467359370250405,59.0,0.0,255.0,0.0,62.0,0.0,63.9375,0.2218529918662356,85.075,0.23848480035423644,131.0,0.0,204.925,0.23848480035423641,67.0625,0.2218529918662356,6.487720683062475,0.0012185013404419555,0.027187758241780102,8.49703128804011e-05,1.4953523284313723,0.001884417828708035,0.8366448776718585,0.00023515378861912998,0.3495374995504731,0.00021694352381673037,0.9842515213221728,1.6013478049021227e-05,0.5197564634461455,0.00012214387168059954,5.850562716797034,0.00345198105387613,18.0,0.0
D,13,0.47,0.35,0.43,0.9983947249741266,0.0003858239340460147,0.9981191557346062,0.9984705648888793,-6.728190962664191e-06,0.9983504851072418,107.92427368164063,0.057251113533555664,55.93700981140137,0.04248140055049667,59.0,0.0,255.0,0.0,62.0,0.0,64.0,0.0,85.0,0.0,131.2,0.4000000000000001,203.9,0.30000000000000004,67.2,0.39999999999999997,6.487115649390811,0.0012071346213889057,0.02723935549147427,7.342378680860406e-05,1.4870741421568625,0.004081250351422685,0.8378288207070467,0.00027322996420756405,0.35007640491193126,0.0002994411333990083,0.9841811616707259,3.2562402120613294e-05,0.5182986388494308,0.0001579560957658474,5.843476148520866,0.008355667096165864,18.0,0.0
D,14,0.48,0.35,0.43,0.9980501845483045,0.0005294195301440055,0.9974670284456806,0.9974734366748721,-3.45149622400067e-05,0.9980140511909555,107.87919692993164,0.17782926564335078,55.91149711608887,0.15006219418113473,59.0,0.0,255.0,0.0,62.0,0.0,63.95,0.21794494717703367,84.4,0.4898979485566356,131.4,0.4898979485566356,203.45,0.5894913061275798,67.45,0.5894913061275798,6.488443744662112,0.0016373215972436742,0.02722454818431288,9.023876475279569e-05,1.5002573529411767,0.005153470872541469,0.8375616505815447,0.00038020833463470167,0.3499774443254754,0.0003505325025051424,0.984029499123601,7.1324017231723e-05,0.5182778909560358,0.000544748757602338,5.8711463355122095,0.01107551084941449,18.0,0.0
D,15,0.49,0.35,0.45,0.9982417862653203,0.0004223385312323875,0.9978942150748267,0.9982503929907601,-1.1583539902791805e-05,0.9981952909900279,107.74225234985352,0.048012829285223976,55.720845222473145,0.03536230877116194,59.0,0.0,255.0,0.0,62.0,0.0,64.0,0.0,84.0,0.0,132.0,0.0,202.95,0.2179449471770337,68.0,0.0,6.489964635879771,0.0009110484699103026,0.027233405807055532,7.128537705142646e-05,1.4989353553921567,0.0022836652010263044,0.8383133794505723,0.00026323959066024404,0.3503375289290689,0.00021939052245050145,0.9839322614090487,2.9466356196157492e-05,0.5171679652110337,0.00013428666948963255,5.863561442365602,0.009852606294607947,18.0,0.0
D,16,0.5,0.36,0.45,0.9977974201302533,0.0005877638562712952,0.9971702632992483,0.9971702632992483,-2.5919716679370242e-05,0.9977559616292075,107.83038177490235,0.07520703944192472,55.81028575897217,0.07025249843014178,59.0,0.0,255.0,0.0,62.0,0.0,64.0,0.0,84.0,0.0,132.6,0.4898979485566356,204.0,0.0,68.6,0.4898979485566356,6.491881361470961,0.0014913715722691203,0.0272480993764475,8.703376174160185e-05,1.513889399509804,0.007747130005531764,0.8382330686587058,0.0004258554439327216,0.3502021857078867,0.0003156346975227825,0.9838233439400487,4.751087364048574e-05,0.5175745923034033,0.0003213700241255948,5.862783719816127,0.005442671015721273,18.0,0.0
D,17,0.5,0.37,0.45,0.9983400597885345,0.00042570703908464985,0.997958813579542,0.9983158345494756,-5.203438358303383e-06,0.998297014657655,107.93968124389649,0.05106605581141113,55.85526695251465,0.05073892868295398,59.0,0.0,255.0,0.0,62.0,0.0,64.0,0.0,85.0,0.0,133.1,0.30000000000000004,203.5,0.5,69.1,0.30000000000000004,6.493788133770764,0.0011797645031288322,0.02726262523792684,7.762461224616696e-05,1.5155775122549018,0.0022386532303564086,0.8387008752453946,0.00025839947072755484,0.3500870286159064,0.00021776000933926198,0.9838334702726002,2.772312732559071e-05,0.5174673073929605,0.00024096658027768372,5.860758994800597,0.003323371433054196,18.0,0.0
D,18,0.5,0.38,0.46,0.9981538764422911,0.0005039967239651327,0.9977158444176485,0.9981505375340016,-5.829854313856994e-06,0.9981053821093852,108.05684890747071,0.03889456540558353,55.94090595245361,0.02414127417588082,59.0,0.0,255.0,0.0,62.0,0.0,64.0,0.0,85.0,0.0,134.0125,0.05448623679425843,204.0,0.0,70.0125,0.05448623679425842,6.496399436316187,0.0006914153594195418,0.02722124431747943,7.163371084390908e-05,1.5092807904411765,0.002192107229718932,0.8386390377688377,0.0002830578857967925,0.3498926386187571,0.000291688238271543,0.9839519256482117,2.451031064100641e-05,0.5176988386662585,8.869613345763158e-05,5.854448065765569,0.0026129696691651483,18.0,0.0
D,19,0.51,0.38,0.46,0.9983414320186546,0.0004385126444950198,0.9979075947715792,0.9984742881426353,-1.4242113609600524e-05,0.9982942892790143,107.74936981201172,0.050697864124902174,55.696980476379395,0.047410352132976785,59.0,0.0,255.0,0.0,62.0,0.0,64.0,0.0,85.0,0.0,134.0,0.0,202.0,0.0,70.0,0.0,6.4906511435767085,0.0009698171335969865,0.027330838376656175,6.80749003458924e-05,1.496642156862745,0.0015736756716125404,0.8393845830202753,0.00029307018632698887,0.35067243339576043,0.00028590996891321685,0.983959293368869,3.4034613614125304e-05,0.5169122746811862,0.00022731349261609493,5.860986657370265,0.006706549596552747,17.5,0.5
D,20,0.52,0.38,0.46,0.9980048691014346,0.0005330968450235844,0.9976607429659793,0.9982442812931057,-2.211077316060877e-05,0.997946065335876,107.49820251464844,0.04421084781786944,55.53055419921875,0.028726815740102208,59.0,0.0,255.0,0.0,62.0,0.0,63.8,0.39999999999999997,85.0,0.0,133.0,0.0,201.925,0.23848480035423644,69.2,0.39999999999999997,6.487832765917615,0.0011484505709604266,0.027367985551245512,7.614119303993544e-05,1.4917003676470586,0.0024139969776891734,0.8388140524567312,0.00023526025858805995,0.3508953998847318,0.00030812364961285026,0.9839071459600637,3.138828007423587e-05,0.5165719239519693,0.00013255796562173275,5.886364469969631,0.0026934547122159105,17.0,0.0
D,21,0.52,0.39,0.47,0.9983689004641689,0.00039251077282611175,0.99805652855853,0.99805652855853,-1.9097443503802273e-05,0.9983341971054535,107.82551574707031,0.050292483345948456,55.85436115264893,0.046328407803623226,59.0,0.0,255.0,0.0,62.0,0.0,63.5,0.5,85.0,0.0,134.0,0.0,202.9,0.30000000000000004,70.5,0.5,6.491902438165482,0.0009034453469062807,0.027417514263652264,5.7703879644122055e-05,1.4819125306372547,0.001851260247060764,0.8390780192988538,0.00026194297899495724,0.350951750483294,0.00020846318267554327,0.9841971901198983,2.4410394979747712e-05,0.5180068206112126,0.00020979576740950062,5.837391748300251,0.004364796655471545,17.1,0.3
D,22,0.53,0.39,0.47,0.9981591839938497,0.0004483546089344727,0.9978182827726311,0.9978182827726311,-2.3581952206126634e-05,0.998119712552115,107.65602798461914,0.025586836137988178,55.732892227172854,0.02112401123009819,59.0,0.0,255.0,0.0,62.0,0.0,63.9,0.3,85.0,0.0,133.6625,0.4628377145393404,202.0,0.0,69.7625,0.4143896113562694,6.488815258502709,0.0013482845196836123,0.027405360527336598,0.0001015625889371938,1.484088541666667,0.004071050544642619,0.839557435951081,0.00042108128651617197,0.3509127552324344,0.0002791387896255727,0.9841060551323431,4.157794526073752e-05,0.5176941054218853,0.00011189520309094277,5.848071659279,0.004209558075094219,17.0,0.0
D,23,0.54,0.4,0.48,0.9984355427374785,0.0004357257100921922,0.99781003511036,0.99781003511036,-2.716365056080968e-05,0.9984108335365205,107.98165664672851,0.03274341206823736,56.09414939880371,0.022910895177012575,59.0,0.0,255.0,0.0,62.0,0.0,63.7,0.45825756949558394,84.0,0.0,134.15,0.3570714214271425,203.15,0.3570714214271425,70.45,0.5894913061275798,6.491489257390953,0.0012789712159543998,0.027478497242555022,8.046252667219598e-05,1.4738733149509806,0.00310956997092912,0.8370648080117435,0.00020637953413635008,0.3509423702620252,0.00031676895786699914,0.9844130636962671,3.123211447981889e-05,0.5194785038508192,0.0001434761561552279,5.801531175354207,0.002587932095193161,17.0,0.0
D,24,0.55,0.41,0.48,0.9978196999099493,0.0005966545936086781,0.9972957691088092,0.9977797065278479,-2.4756447631538324e-05,0.9977633760491876,107.73821640014648,0.06896864677107192,55.892220687866214,0.05665017599449417,59.0,0.0,255.0,0.0,62.0,0.0,63.4,0.4898979485566357,84.0,0.0,134.0,0.0,202.7,0.45825756949558405,70.6,0.4898979485566356,6.489172740576278,0.001303794053363577,0.027495099487714468,8.767099558947385e-05,1.4704901960784313,0.0031494047473799814,0.8373199696723003,0.0003663711336135335,0.3511632205154168,0.0002851486696443726,0.9843343998162304,3.2193744861757914e-05,0.5187779414136846,0.0002535654632544263,5.824943191970854,0.005057851942087546,17.0,0.0
D,25,0.56,0.41,0.49,0.9978444236130398,0.0005413836768190102,0.9974584504981837,0.9980204552449979,-2.1893731678605757e-05,0.9977830655072525,108.08507690429687,0.03618548761475058,56.167616271972655,0.03738567909977204,59.0,0.0,255.0,0.0,62.0,0.0,63.25,0.4330127018922193,84.0,0.0,134.35,0.47696960070847283,204.0,0.0,71.1,0.43588989435406733,6.493984711104754,0.0011128186909761498,0.027455112687312065,6.227330674554989e-05,1.4696867340686275,0.0026727483360864386,0.8363229217297313,0.0005182276965635752,0.3510210980365792,0.0002777377548222778,0.984498937353212,3.475704381758073e-05,0.5196611551556852,0.0002931858877600558,5.794958034804683,0.0032328457751738013,17.0,0.0
D,26,0.56,0.42,0.49,0.9981855540368573,0.0005369832132667779,0.9976175290106888,0.9981535294198619,-1.773187527045128e-06,0.9981386482119322,107.9875991821289,0.07891306067276829,56.069634437561035,0.04485227446099396,59.0,0.0,255.0,0.0,62.0,0.0,63.3,0.45825756949558394,84.0,0.0,134.0,0.0,203.375,0.4710360920354193,70.7,0.45825756949558394,6.493349258366649,0.0017349814207498718,0.027479302952997386,9.067108510428275e-05,1.437654718137255,0.0028343182552380518,0.835430780436669,0.00037891769404883174,0.35093670168106644,0.00027313774010721863,0.9847815083618396,3.0614442859135934e-05,0.519222893227292,0.0001457416313097064,5.765553153231027,0.006696254366271844,17.0,0.0
D,27,0.57,0.43,0.5,0.9981475622983771,0.0004916404021687408,0.9978344850701921,0.9981132746165204,-2.311231053733931e-05,0.9980997162451992,108.22695541381836,0.031121744354777905,56.26919288635254,0.04495287715115905,59.0,0.0,255.0,0.0,62.0,0.0,63.45,0.4974937185533099,84.0,0.0,134.15,0.3570714214271425,204.525,0.4866980583482946,70.7,0.6403124237432849,6.495459435959245,0.0014419010438177899,0.027467301744036377,7.795633795088369e-05,1.450496323529412,0.0019269554709133029,0.8341996750036005,0.00022775441398123283,0.3505837942180408,0.0002586109835558196,0.9847488589578541,3.022996828599198e-05,0.5199184098241268,0.00029888938868329046,5.759955896399937,0.004501194106804697,17.0,0.0
D,28,0.58,0.43,0.5,0.9982086649373143,0.0005061083394787083,0.997737339000629,0.997737339000629,-2.238050848689174e-05,0.9981739278550248,108.20103454589844,0.019880670355271045,56.314601516723634,0.03287332100157493,59.0,0.0,255.0,0.0,62.0,0.0,63.2,0.39999999999999997,84.0,0.0,134.0,0.0,205.0,0.0,70.8,0.39999999999999997,6.491410961053363,0.0009473179776998547,0.0274938435992226,6.860282765236279e-05,1.4362591911764706,0.0031191637097327395,0.8326968627846727,0.00036550957218774263,0.3504872884172983,0.00023289429088887102,0.984924746627744,5.144468137444654e-05,0.5204626660615561,0.00024105700162398164,5.740331639642437,0.008134022311716654,17.0,0.0
D,29,0.58,0.44,0.51,0.9983952290234702,0.00038370263257333766,0.9981066468830824,0.9984173488906221,-1.0424500902066331e-05,0.9983524161065048,108.08017272949219,0.04915367950139356,56.22388134002686,0.04213188873962712,59.0,0.0,255.0,0.0,62.0,0.0,63.0,0.0,84.2,0.39999999999999997,133.0,0.0,205.05,0.21794494717703367,70.0,0.0,6.489460521354024,0.0007363338144972253,0.027517932141199707,6.332667154457315e-05,1.4224195772058823,0.0017110260574515852,0.8330954171370631,0.00020033549483035863,0.3505841386583809,0.0002515541936284555,0.9850212490142514,3.844883007447913e-05,0.5202052657049497,0.00018618588361207783,5.72725394226182,0.006431213245786522,17.0,0.0
D,30,0.59,0.44,0.51,0.9983070122516322,0.0004104226440736118,0.9978887000362688,0.9982896519408166,-1.2438307501610843e-05,0.9982629167927229,107.60311889648438,0.07479370938638316,56.277242279052736,0.05654873112402186,59.0,0.0,255.0,0.0,61.0,0.0,63.0,0.0,84.0,0.0,132.4,0.4898979485566356,204.95,0.2179449471770337,69.4,0.4898979485566356,6.489400759036563,0.0012918618407389338,0.027236574701964854,8.026156723039126e-05,1.4244531250000003,0.0021003514167052435,0.8341929824773656,0.000267810735091483,0.3586948138165713,0.0001778540922103191,0.9849810943914035,4.586705402036332e-05,0.5230074316213518,0.000181252230446636,5.726298956022868,0.004773676424270091,17.0,0.0
D,31,0.6,0.45,0.52,0.9982811325683401,0.00040442477235811677,0.9980544017175547,0.9982685353213776,-1.3073444427115005e-05,0.9982362307213483,107.44022216796876,0.05225241734213613,56.09310035705566,0.034068739480235234,59.0,0.0,255.0,0.0,61.0,0.0,63.0,0.0,84.425,0.48153400710645555,132.0,0.0,203.9,0.30000000000000004,69.0,0.0,6.485431487419154,0.0011964841885101533,0.027271828008815648,7.565629069137303e-05,1.418430606617647,0.002155534331777389,0.8347437214701818,0.00020239151281117718,0.3587715486376862,0.0003270033386313138,0.9849526641378208,2.16463511523432e-05,0.5220865803404495,0.00012230757113526852,5.745183340878139,0.002170434682260106,17.0,0.0
D,32,0.61,0.45,0.52,0.9978741823388452,0.0005494710531303853,0.9974524340453478,0.9977881991688168,-1.2923621223204596e-05,0.9978205024837894,107.53538436889649,0.04293167006497159,56.194786643981935,0.031324164718973785,59.0,0.0,255.0,0.0,61.0,0.0,63.0,0.0,84.75,0.4031128874149275,132.4,0.4898979485566356,204.0,0.0,69.4,0.4898979485566356,6.485815102680526,0.0012080931124024779,0.027275019977241754,8.239271967021153e-05,1.4192095588235296,0.002292886916920067,0.8344498236656651,0.0002403046679786121,0.35875651064416847,0.00025740935427580027,0.9850030301911659,2.387546767676406e-05,0.5225701706056615,0.00013097930671420246,5.723849940822711,0.0034750713527692922,17.0,0.0
D,33,0.61,0.46,0.52,0.9982289626130685,0.00043492451355531573,0.9979518042149158,0.9979518042149158,-1.4015175201952659e-05,0.9981896500080744,107.8443717956543,0.023217484262292167,56.39169464111328,0.021012051244516827,59.0,0.0,255.0,0.0,61.0,0.0,63.0,0.0,85.0,0.0,133.0,0.0,204.775,0.40233692348577704,70.0,0.0,6.488111234955743,0.0006680397855989033,0.02723843588028103,5.694393176732825e-05,1.422208180147059,0.0019664659647945703,0.8341729897714458,0.00017944641231352335,0.35875210945924635,0.00019580643571014787,0.98506860355544,1.8612119849357514e-05,0.5228988075552758,0.00011570670753280679,5.701508813659436,0.0030384115331042734,17.0,0.0
D,34,0.62,0.46,0.53,0.9980420571668331,0.0005125305837125904,0.9976302503104832,0.9976302503104832,-2.1483175985217316e-05,0.9980013693779433,107.67384490966796,0.11179808596697252,56.336083793640135,0.0833841394361605,59.0,0.0,255.0,0.0,61.0,0.0,63.0,0.0,85.3,0.45825756949558394,132.0,0.0,204.75,0.4330127018922193,69.0,0.0,6.4813400245224075,0.0013039882021799864,0.027296878676861525,5.53272433266723e-05,1.4096767769607843,0.004552646339009317,0.8362411297693788,0.000501153979867666,0.35884490904299593,0.0002691955969543643,0.9851800362459754,4.377222660654736e-05,0.5232102456282826,0.0002489624637222319,5.724635625305285,0.007249498537125354,17.0,0.0
D,35,0.63,0.47,0.53,0.9980692017615607,0.0004634069156763047,0.9978076390623566,0.9978619406536061,-1.5243273117403984e-05,0.9980238455212582,107.69674301147461,0.04218410142564058,56.36517562866211,0.032689577668285175,59.0,0.0,255.0,0.0,61.0,0.0,63.0,0.0,86.0,0.0,132.0,0.0,205.0,0.0,69.0,0.0,6.481772362623763,0.001249953244857011,0.02728095396887511,7.112351712772275e-05,1.4230330882352942,0.0016955333371212347,0.8357127057836241,0.00022676728700403532,0.35877882139606465,0.00021468476285437907,0.9850476640006143,3.0919916193700476e-05,0.5233693295736848,0.00012912931487120256,5.744476737252195,0.004019987978560475,17.0,0.0
D,36,0.64,0.47,0.54,0.9980947061300631,0.00048828029950230214,0.9976839673165082,0.9981635447937113,-1.253270433787866e-05,0.9980427552738897,107.83611907958985,0.07898232617076824,56.512100028991696,0.06873876882328304,59.0,0.0,255.0,0.0,61.0,0.0,63.0,0.0,86.0,0.0,132.3,0.45825756949558405,205.85,0.3570714214271425,69.3,0.45825756949558394,6.483411511971136,0.001345877264815218,0.02724123392254114,7.634974273846449e-05,1.4321269914215686,0.008266570487479308,0.8353311678398736,0.0002880673839213846,0.359025336895371,0.00026514676078506934,0.9850314153350908,6.591541525878625e-05,0.5240552156451718,0.0002659851472734935,5.745589057140628,0.007513320590645497,17.0,0.0
D,37,0.64,0.48,0.54,0.9980635178721438,0.0005249100983706487,0.9974078148097858,0.9974078148097858,-3.4763599061788917e-05,0.9980298131598673,107.629345703125,0.04753565039022465,56.40237865447998,0.034921965680677854,58.95,0.21794494717703367,255.0,0.0,61.0,0.0,63.0,0.0,86.0,0.0,132.0,0.0,205.2,0.4000000000000001,69.0,0.0,6.487358197135867,0.0011405771163978048,0.02688807339873165,6.464981014660152e-05,1.4197801776960783,0.004220160576951083,0.8358085566198644,0.0002490281578641879,0.3600423724759937,0.00030484536750450343,0.9850953991504934,3.055977386739629e-05,0.5240427173350996,0.00011854549641962116,5.736070500022135,0.003673386817271517,17.0,0.0
D,38,0.65,0.49,0.54,0.9979443768985259,0.0005552265207830764,0.9974541433076841,0.9978516715854368,-2.667808184598485e-05,0.9978927211672264,107.73822555541992,0.07580769259353994,56.548987197875974,0.06324689257329787,58.85,0.3570714214271425,255.0,0.0,61.0,0.0,63.0,0.0,86.0,0.0,132.0,0.0,205.55,0.49749371855331,69.0,0.0,6.49075022175432,0.00127859077503898,0.026631499500945212,5.464182092071891e-05,1.4303102022058822,0.0029845595813152315,0.8354200987070668,0.0002482740947383223,0.3601709873117253,0.00029684321322336684,0.9850570280499416,4.6556631453350904e-05,0.5248737982373034,0.00023822269429940647,5.756531022910404,0.009532380121929031,17.0,0.0
D,39,0.66,0.49,0.55,0.9982694671675022,0.00043146986618581386,0.9979585533800062,0.9982803885305253,-2.2033252539368978e-05,0.9982236394254885,107.91288528442382,0.023582489978740885,56.49673061370849,0.026110272662054793,59.0,0.0,255.0,0.0,61.0,0.0,63.0,0.0,86.0,0.0,132.0,0.0,204.45,0.49749371855331,69.0,0.0,6.4830901964361605,0.0014680859521190128,0.0273060186766088,8.364433044233509e-05,1.4296798406862745,0.004605304016843658,0.8363983398818728,0.0002228399434356194,0.35872316095138734,0.0002210233878901971,0.9850497900174288,3.548084113840007e-05,0.5235401522829275,0.00015469485227780354,5.7935537136591595,0.004219425632227425,17.0,0.0
D,40,0.66,0.5,0.56,0.9980116765213453,0.000518711867260405,0.9976246422497296,0.9980301437913763,-9.53263788635222e-06,0.9979588662384588,107.55531311035156,0.04708074082211025,56.210161972045896,0.03478038369637865,59.0,0.0,255.0,0.0,61.0,0.0,63.0,0.0,86.0,0.0,131.35,0.47696960070847283,202.925,0.2384848003542364,68.35,0.47696960070847283,6.478124722456437,0.0008467506238383015,0.027366644353605807,4.924717316498938e-05,1.4245833333333333,0.002769426521589291,0.8365918231043773,0.0003761065122380489,0.3590200369275957,0.0002247979154453327,0.9849530798860258,2.9113090112391813e-05,0.5226162923143421,0.00015140049637463613,5.8335974789291205,0.0035928691416755305,17.0,0.0
D,41,0.67,0.51,0.56,0.9984112420701459,0.00036994607514103707,0.9982262890369126,0.9983379076445579,-1.235565159603213e-05,0.9983713625042178,107.91061706542969,0.07745039395855662,56.44652557373047,0.05721058307616483,59.0,0.0,255.0,0.0,61.0,0.0,63.0,0.0,86.0,0.0,132.2625,0.4292071178347349,204.0,0.0,69.2625,0.42920711783473486,6.482532385222792,0.0009399959813701647,0.02731133212801069,5.847707688483663e-05,1.4450781249999998,0.0020427612275654037,0.8360941132113877,0.0002495901528877764,0.35867833722847264,0.0002044969022067022,0.9848575897893801,2.0790400369956886e-05,0.5230858264163919,0.00017567537560216355,5.831805625879165,0.005015755956862003,17.0,0.0
D,42,0.68,0.51,0.56,0.9984082879881815,0.0003713184498023444,0.9982085903259055,0.9983184456843253,-1.3156802424719866e-05,0.9983687651011033,107.87792587280273,0.03962692973859705,56.36412811279297,0.033163633795384936,59.0,0.0,255.0,0.0,61.0,0.0,63.0,0.0,85.0,0.0,132.9,0.30000000000000004,204.0,0.0,69.9,0.30000000000000004,6.484393345416343,0.0011850375122028102,0.027288329158909618,6.549616372706328e-05,1.4398039215686276,0.005434433735510176,0.8360500516658421,0.0003006747139094708,0.35884509359062455,0.00022165170014711467,0.9848695962726914,5.060426931859262e-05,0.5224806088984888,0.00014715032054949976,5.837361947925376,0.0035572245572563525,17.0,0.0
D,43,0.69,0.52,0.57,0.998192916332165,0.0005366351847966408,0.9973235420279626,0.9973471179787785,-3.779602257366315e-05,0.9981676193501794,107.81198501586914,0.043524861942097,56.27840175628662,0.03812326551536438,59.0,0.0,255.0,0.0,61.0,0.0,63.0,0.0,85.0,0.0,132.25,0.4330127018922193,203.65,0.47696960070847283,69.25,0.4330127018922193,6.485261711544281,0.0009023999634443712,0.027224037307314576,6.940337483704835e-05,1.4379473039215684,0.0031446332745826656,0.8359001204329101,0.000249088016378558,0.3587743946745105,0.0002757161106546455,0.9848447066799556,2.9773087423625547e-05,0.5220050096980671,0.00016625066234951841,5.8459479201291895,0.005792290693716803,17.0,0.0
D,44,0.69,0.52,0.58,0.9981191460820567,0.00047145801803113335,0.9977477393417039,0.9981616376514443,-2.3049084584914965e-05,0.9980685317271006,107.75286254882812,0.05691073369310515,56.29649410247803,0.0326907446841773,58.95,0.21794494717703367,255.0,0.0,61.0,0.0,63.0,0.0,85.0,0.0,132.0,0.0,203.9,0.25495097567963926,69.0,0.0,6.485409519876114,0.0010527140968936474,0.027081645885482432,5.682653475015564e-05,1.4511511948529414,0.0028563028905763807,0.8350475325584409,0.00028729978578745374,0.3592061233123475,0.00027459332626416706,0.9847156812592445,2.3092489279713077e-05,0.5224593748825321,8.502062089724057e-05,5.871238084989122,0.002813319280576962,17.0,0.0
D,45,0.7,0.53,0.59,0.9983952251130235,0.0003714212111501805,0.9982365513404559,0.9983912130190152,-1.2460768821101935e-05,0.99835309977634,107.90745239257812,0.022018721612314565,56.36605701446533,0.020950480516573743,59.0,0.0,255.0,0.0,61.0,0.0,63.0,0.0,85.325,0.4548351349665063,132.0,0.0,203.9,0.30000000000000004,69.0,0.0,6.484331168854037,0.0009421292114282372,0.02716584096197039,6.750755755849407e-05,1.4515885416666667,0.0032240783704429146,0.8351710488936741,0.00025467971348894377,0.35889895632437546,0.00020467565799819315,0.9847467820115667,4.04227674505379e-05,0.5223555437531331,0.00012735474667586782,5.858970045420932,0.005778384701767648,17.0,0.0
D,46,0.71,0.53,0.59,0.9981706159724926,0.0004506292283539713,0.9978517209176297,0.9979792321813362,-9.95490425734663e-06,0.9981275107030886,107.9403793334961,0.06395832277866687,56.35718955993652,0.044746792148446075,59.0,0.0,255.0,0.0,61.0,0.0,63.0,0.0,85.0,0.0,132.05,0.2179449471770337,204.0,0.0,69.05,0.21794494717703367,6.485370359756708,0.0010218275355368814,0.027158523513935506,4.732015588711706e-05,1.4498567708333332,0.00280464062087669,0.8355154527460679,0.00025876639211768414,0.3588251777358259,0.00027417650028330014,0.9847652239487823,3.268044059218396e-05,0.5221140033835306,0.00013510804131269035,5.863099803409207,0.005653093444109738,17.0,0.0
D,47,0.73,0.55,0.59,0.9979195343355629,0.0006098302594377521,0.9970769054142445,0.9971049627836908,-3.9768164198039635e-05,0.9978862213325744,108.02434005737305,0.14433118678443133,56.345601081848145,0.11523646537954635,58.95,0.21794494717703367,255.0,0.0,61.0,0.0,63.0,0.0,85.575,0.48153400710645555,132.55,0.49749371855331,203.95,0.8046738469715541,69.55,0.4974937185533099,6.480590045037137,0.0014365643139887959,0.027401088946498932,6.998281365929095e-05,1.4532291666666668,0.009145335541366996,0.8347257121526008,0.0002902063639060865,0.35824107400367805,0.00029541974395844563,0.9847204735599273,4.7688818174248005e-05,0.5216004844738531,0.00037525734682434804,5.8773069781110765,0.005291074355406895,17.0,0.0
D,48,0.73,0.55,0.6,0.9982982847921054,0.00042963494609275473,0.9978910858459275,0.9982584518954962,-9.556267194503529e-06,0.9982545510470453,107.76771392822266,0.025966511257117235,56.147427558898926,0.022100480917415375,59.0,0.0,255.0,0.0,61.0,0.0,63.0,0.0,85.0,0.0,132.0,0.0,203.025,0.10897247358851685,69.0,0.0,6.477675560463636,0.0008148189641198505,0.027333230897784232,7.135504201125016e-05,1.441764705882353,0.002444516023335374,0.8355730403368696,0.0002821531889444783,0.3587842933866868,0.0001542894486418846,0.9847310474051847,2.8714842775211682e-05,0.5210041477791381,0.00010378349007945676,5.882880179287531,0.004086045406298597,17.0,0.0
D,49,0.74,0.55,0.6,0.998154864620234,0.0004511717815508269,0.9978449454991208,0.9980329961671479,-1.493625403333821e-05,0.9981095154905582,107.69553298950196,0.030362216870734676,56.05491333007812,0.020077162913627516,59.0,0.0,255.0,0.0,61.0,0.0,63.0,0.0,85.0,0.0,132.0,0.0,203.0,0.0,69.0,0.0,6.477564746455582,0.0009140528279816873,0.02730759629048407,6.0664601949842043e-05,1.4420526960784312,0.0031432039291658265,0.8357910445609626,0.00017067660041299954,0.35886463788752127,0.00021358025580494938,0.9846750454642244,3.116956966010947e-05,0.5204943148042938,8.157404882044571e-05,5.899531682096958,0.00417931589767411,17.0,0.0
D,50,0.75,0.56,0.61,0.9981878418641743,0.00043321152170372967,0.9977990820336188,0.9977990820336188,-1.994393238623472e-05,0.9981503840140092,107.66365432739258,0.04921537258915419,56.023912239074704,0.03534395888087207,59.0,0.0,255.0,0.0,61.0,0.0,63.0,0.0,85.0,0.0,131.95,0.2179449471770337,203.0,0.0,68.95,0.21794494717703367,6.477539660025949,0.0009614432177861517,0.02731422637589276,6.062235832105665e-05,1.442329963235294,0.004145901265885956,0.8362895536262096,0.00029406231977151335,0.3588733823525472,0.00027402960216505227,0.9846568265569688,3.851690632870115e-05,0.5203604590150099,0.00012607222353233372,5.890168359568381,0.0031320679063802323,17.0,0.0
D,51,0.76,0.57,0.61,0.9980675024147827,0.0005114100750669347,0.9976411967578503,0.9976716644416759,-3.461489972139731e-05,0.9980270640039114,107.73669204711913,0.03708573305878211,55.92789421081543,0.029297867472547093,59.0,0.0,255.0,0.0,61.0,0.0,63.0,0.0,85.0,0.0,132.05,0.2179449471770337,202.8,0.3674234614174767,69.05,0.21794494717703367,6.474845265131032,0.0010714112728419608,0.027401612116955222,6.67756442355512e-05,1.4317095588235296,0.00414115513905444,0.8368469055792775,0.0002403719729947717,0.35870554537399196,0.00020552430267404995,0.9847206776178494,4.0318924323473226e-05,0.5191164703991158,0.00011856604473826302,5.9100531718999845,0.0023883904931237434,17.0,0.0
D,52,0.77,0.57,0.62,0.9980773215767176,0.0005321865017662913,0.9974378569100926,0.9981240208997719,-1.2759735493156809e-05,0.9980254958465244,107.87385177612305,0.047297352906908605,55.92887706756592,0.03244096510738626,59.0,0.0,255.0,0.0,61.0,0.0,63.0,0.0,85.0,0.0,132.45,0.49749371855331,202.2,0.4000000000000001,69.45,0.4974937185533099,6.475674945644732,0.001124940985420677,0.027383515471592547,7.507151867906372e-05,1.4501945465686275,0.001453657033545296,0.8356487093954111,0.0002622129352397092,0.35858484005317265,0.00017145262444458263,0.9845313637789562,1.664689265851376e-05,0.5184655358166015,0.00011302809730964895,5.917898105188175,0.005662965644235941,17.0,0.0
D,53,0.77,0.58,0.62,0.9979140920096402,0.0005753504117103138,0.9974354411744668,0.9974354411744668,-2.9516548681409477e-05,0.9978717957686879,107.77804946899414,0.037678876958712686,55.75928802490235,0.024820202735017883,59.0,0.0,255.0,0.0,61.0,0.0,63.0,0.0,85.0,0.0,132.0,0.0,201.325,0.4548351349665063,69.0,0.0,6.476146257534438,0.0015359164425285791,0.027345828828401864,5.8275773834752895e-05,1.4468566176470588,0.002571420412685066,0.837116750505108,0.00028516523622649587,0.3584242965237622,0.0003294988487225779,0.9844692497713208,2.1404495507149604e-05,0.5173529035828289,9.435771830069077e-05,5.941942895466671,0.002472040484347651,17.0,0.0
D,54,0.77,0.58,0.63,0.9977435533158749,0.0006222547404604735,0.997065722805462,0.9974478876317673,-3.5661944667498065e-05,0.9976919538158484,107.63580093383788,0.03281291817891074,55.61094932556152,0.03654947569724052,59.0,0.0,255.0,0.0,61.0,0.0,63.0,0.0,85.0,0.0,132.0,0.0,200.65,0.47696960070847283,69.0,0.0,6.475124458335183,0.0012133431865668464,0.027363073476590217,6.874555986571682e-05,1.4419898897058823,0.00359632601465538,0.8375678636748154,0.00022556083514550256,0.3586207995535798,0.00021511537950188333,0.9844420157562521,4.308764565251809e-05,0.5166584518264944,0.0002472647058996484,5.970795783213559,0.006695305855053677,17.0,0.0
D,55,0.78,0.58,0.63,0.9980272615076569,0.000512508170390598,0.9975801328115581,0.9980786756061633,-2.0222701489152638e-05,0.9979739943341872,107.48605194091797,0.04697008396033091,55.52036685943604,0.02925712209208426,59.0,0.0,255.0,0.0,61.0,0.0,63.0,0.0,85.0,0.0,132.0,0.0,200.0,0.0,69.0,0.0,6.472251990242708,0.0008355459278828047,0.027402956830337645,5.2376500867699964e-05,1.434808517156863,0.003056943704175703,0.8386226294295047,0.00037079809666214865,0.3586501352020216,0.0002762201344482066,0.984471663060998,3.054274857238042e-05,0.516535545797073,0.00014042867253153337,5.983701295596234,0.003831531645946271,17.0,0.0
D,56,0.79,0.59,0.63,0.9982623253019629,0.00044708198949367097,0.9975916408576868,0.9975916408576868,-1.5682122228167942e-05,0.9982342466110481,107.50783081054688,0.02315429590161666,55.50337505340576,0.02471386329690996,59.0,0.0,255.0,0.0,61.0,0.0,63.0,0.0,85.0,0.0,132.05,0.21794494717703367,199.25,0.4330127018922193,69.05,0.21794494717703367,6.472262882247142,0.0009686488694280093,0.027378476620651782,6.86011572011782e-05,1.437209712009804,0.002790352114924148,0.8397234280320183,0.00016595609032832263,0.3589501197356755,0.00019946077318182102,0.9844404916277842,3.58626207513165e-05,0.5162728413017226,0.00015294249179022688,6.0000798955715435,0.005984128061469505,17.0,0.0
D,57,0.8,0.6,0.64,0.9983239790625417,0.00043665806531653325,0.9977002054957952,0.9977002054957952,-2.516087348201617e-05,0.9982962883422335,107.8595947265625,0.04552655540104513,55.745076751708986,0.03633008749401197,59.0,0.0,255.0,0.0,61.0,0.0,63.0,0.0,85.225,0.40233692348577704,133.3125,0.45328660911171864,200.5,0.5,70.3125,0.45328660911171864,6.477197136870569,0.0012000849383606163,0.02735202251933515,6.294336885618069e-05,1.444076286764706,0.003435050126286956,0.838635252795988,0.00018979228825105135,0.35826410115079266,0.0002269176921046526,0.9844990380378222,4.294909878467754e-05,0.5168299792523403,0.00014611343415120749,5.973155551577603,0.004776705971505446,17.0,0.0
D,58,0.8,0.61,0.64,0.9982019110484279,0.0004620530474754864,0.9977965698822707,0.9983439657620928,-6.784196414439792e-06,0.9981508546361586,107.73243103027343,0.0821096137380895,55.68929500579834,0.06784490132535281,59.0,0.0,255.0,0.0,61.0,0.0,63.0,0.0,85.0,0.0,133.5,0.5,200.0,0.0,70.5,0.5,6.474094931841412,0.001461068132684418,0.027413099189288914,8.13504788939597e-05,1.4464391850490197,0.003122504000524605,0.8390771282183522,0.0003247677277799651,0.3583083339076523,0.00020531858398515826,0.9844428791181666,5.772470796741204e-05,0.5169221162210466,0.0002474330759108364,5.992369138166376,0.010364327062316232,17.0,0.0
D,59,0.8,0.61,0.65,0.9980121077284843,0.0005293486883565408,0.9974836598733602,0.9974836598733602,-1.548159569482111e-05,0.9979737012964474,107.88773040771484,0.03429468703106724,55.76625862121582,0.017982789641083973,59.0,0.0,255.0,0.0,61.0,0.0,63.0,0.0,85.05,0.21794494717703367,134.0,0.0,200.15,0.3570714214271425,71.0,0.0,6.47539991410073,0.0015354392702595365,0.02742811539210379,7.18794469425464e-05,1.4527366727941178,0.0038694721798706003,0.8394123184473681,0.0003362363001758356,0.3582444882498336,0.0003545725584857669,0.9844192981789155,4.2446853191345014e-05,0.5168915926036305,0.00014693457393009124,5.9890928245679085,0.0035894796635950257,17.0,0.0
D,60,0.81,0.61,0.65,0.9982658970123323,0.0004055155648922361,0.9980715135267052,0.9982402567431791,-1.3700207105483826e-05,0.9982209374670818,107.96527938842773,0.05333937971152643,55.864224433898926,0.046753147265345685,59.0,0.0,255.0,0.0,61.0,0.0,63.0,0.0,85.0,0.0,134.5,0.5,200.675,0.4548351349665063,71.5,0.5,6.476528453717013,0.0009612847825900428,0.027504448196850717,7.197845980025596e-05,1.4562859987745098,0.0023618585240544427,0.838749322044497,0.00035282688993654203,0.35796487085854395,0.00020699768453633167,0.9844377538398232,2.8182312394801995e-05,0.5174276022944875,0.00019489641013238916,5.989967148319986,0.004591475777735272,17.0,0.0
D,61,0.82,0.61,0.65,0.998352526545433,0.00039278039340823315,0.9979625749033125,0.9979625749033125,-1.4907687865063213e-05,0.9983194338661319,107.76627655029297,0.016429966646785202,55.60966033935547,0.016312770947419303,59.0,0.0,255.0,0.0,61.0,0.0,63.0,0.0,86.0,0.0,134.0,0.0,200.0,0.0,71.0,0.0,6.472358591816449,0.0009033538462494976,0.027561478107236324,7.793375275448601e-05,1.4548115808823527,0.001629551351102125,0.8402292058981293,0.000158263285795002,0.3576006798171279,0.0002680167331738125,0.9843162372781397,1.7777307903846817e-05,0.5160209830412671,0.00011459241076333424,6.008869068533113,0.0021867449814802907,17.0,0.0
D,62,0.82,0.62,0.66,0.9979922543880768,0.0006166492372502173,0.9973247783339718,0.9981438112651768,1.5337889821951726e-07,0.9979354306383394,107.79275970458984,0.0453565943324655,55.68307628631592,0.03659753461399283,59.0,0.0,255.0,0.0,61.0,0.0,63.0,0.0,85.35,0.47696960070847283,134.0,0.0,199.225,0.40233692348577704,71.0,0.0,6.472745975858277,0.0009170305698548577,0.027577818254940212,6.401771431626683e-05,1.458483455882353,0.0028579099091369615,0.8394196328744293,0.00042883382609940486,0.3576773082839008,0.0003593973156379847,0.9843222842508295,2.395264474378124e-05,0.5165752490623079,0.00015480339875483678,6.030293512600626,0.0031612106450248753,17.0,0.0
D,63,0.83,0.62,0.65,0.9983560752592041,0.0003906345909684049,0.9980602874813211,0.9980736905529287,-1.955391204820702e-05,0.9983202452582696,107.73305740356446,0.03002505787145058,55.615847969055174,0.025541073051928827,59.0,0.0,255.0,0.0,61.0,0.0,63.0,0.0,85.0,0.0,134.0,0.0,199.475,0.4602988159880492,71.0,0.0,6.471704334722337,0.0011267926363698905,0.027525747660547495,7.607148510369834e-05,1.4552642463235297,0.0019451416461936863,0.8397413077732766,0.0002786874581424862,0.3577726584360085,0.00022715259399907125,0.9843160383500436,1.8980324008304783e-05,0.5162375150460985,0.00012297180947821494,6.027605842990801,0.0021983961022736804,17.0,0.0
D,64,0.83,0.62,0.67,0.9983465254560467,0.000393784208105084,0.9979514076429339,0.9983519710448749,-1.523593993514299e-05,0.9983028696630525,107.85095443725587,0.06710208091211224,55.81773357391357,0.06203772718547196,59.0,0.0,255.0,0.0,61.0,0.0,63.0,0.0,85.875,0.3112474899497183,134.2,0.4000000000000001,200.05,0.2179449471770337,71.2,0.39999999999999997,6.472986606808911,0.0014061649965628274,0.027530124108307064,7.997827570246764e-05,1.459473039215686,0.0029541582822703747,0.8394428590929056,0.0003199744256323804,0.357941800861577,0.00027395215042077474,0.984388552692826,3.3805155358319944e-05,0.517544961466885,0.0002798119156030776,6.014952341303553,0.006090349404582862,17.0,0.0
D,65,0.83,0.63,0.67,0.9979845906702873,0.0005368843381680125,0.9975643574911432,0.9978316857618533,-2.1553655395188917e-05,0.9979355773960169,107.74009552001954,0.028645579926677635,55.69108257293701,0.031622335383770545,59.0,0.0,255.0,0.0,61.0,0.0,63.0,0.0,86.0,0.0,134.0,0.0,199.475,0.4866980583482946,71.0,0.0,6.471358994605543,0.0011346261081567465,0.0275827617617324,7.577659371266814e-05,1.4573284313725492,0.003648684829853209,0.8399580724700495,0.0003169131091757941,0.3576211686360551,0.0002448672267665853,0.9843400535228503,5.5561361806385415e-05,0.5169020865298755,0.0002104644728658682,6.0311027844878975,0.007424704712398762,17.0,0.0
D,66,0.84,0.63,0.68,0.9976190438075468,0.0007151222109446905,0.9971061453285809,0.9972200983422062,-4.962917182977485e-05,0.9975668856304913,107.37631225585938,0.04891721703806919,55.42779769897461,0.031899686178576324,59.0,0.0,255.0,0.0,61.0,0.0,63.0,0.0,85.475,0.4866980583482946,133.0,0.0,198.0,0.0,70.0,0.0,6.46663994544339,0.001013087172302204,0.027552605513483285,6.298634925611731e-05,1.4498215379901962,0.002824894772353466,0.8403778852165849,0.0003032937573714727,0.35809845521165273,0.00023950146643185365,0.984270492938726,2.5607853792243154e-05,0.5162013446702743,0.0001550757945159113,6.066619023931792,0.0031503307117515134,17.0,0.0
D,67,0.85,0.64,0.69,0.998359120390958,0.00038346540806504843,0.9981843288924235,0.9982261430556492,-1.1512009261066412e-05,0.9983194387521492,107.54908599853516,0.020574955868105153,55.5815149307251,0.014858157032761145,59.0,0.0,255.0,0.0,61.0,0.0,63.0,0.0,86.0,0.0,133.0,0.0,199.0,0.0,70.0,0.0,6.467202893380717,0.0008507006179880918,0.02756949053145945,7.084537176613639e-05,1.451742493872549,0.0018602634586954289,0.8411141123563597,0.00028247260126587924,0.3580801576920251,0.0002526300046697576,0.9843372070357029,2.2591655784743614e-05,0.5168013675916672,8.576605109762795e-05,6.048531546768055,0.002594490615415434,17.0,0.0
D,68,0.86,0.64,0.69,0.9983337620264893,0.00039010586186284397,0.9980374346266334,0.9981835013678528,-1.3763082168017189e-05,0.9982938678865978,107.85921707153321,0.017288096411564525,55.70811786651611,0.011126553015614963,59.0,0.0,255.0,0.0,61.0,0.0,63.0,0.0,86.0,0.0,134.0,0.0,199.0,0.0,71.0,0.0,6.472253617764311,0.0010786831728122504,0.02761860080063343,6.561190341870319e-05,1.4594584865196076,0.0020509318204299594,0.8395305649077462,0.00023992136365677937,0.35720151756241847,0.00019370442077616684,0.9843282575197556,2.5785124332143452e-05,0.5164891728156078,5.663487370879307e-05,6.039281527057737,0.002543638638742091,17.0,0.0
D,69,0.87,0.65,0.7,0.9980581834182376,0.0005104574202278849,0.9975851950704027,0.9975961093473954,-3.4368056233403086e-05,0.9980192428258183,107.6617645263672,0.07152485219362627,55.72904529571533,0.04811023478521105,59.0,0.0,255.0,0.0,61.0,0.0,63.0,0.0,86.0,0.0,133.0,0.0,199.125,0.3112474899497183,70.0,0.0,6.46627844832224,0.0012035446811459302,0.02759383919183165,7.920257309551782e-05,1.4587385110294118,0.0018552336202548895,0.8395955762528715,0.0003238823857609562,0.3581424532869872,0.0001643489108233171,0.9843436477635613,3.801408934644733e-05,0.5176307355729814,0.00012155967808404863,6.038440897969186,0.005390370179692879,17.0,0.0
D,70,0.88,0.65,0.7,0.99787391952677,0.0005464434246064281,0.99743439864892,0.9975910470808577,-1.2437938895007598e-05,0.9978254140523405,107.88839111328124,0.04002548702887152,55.86792812347412,0.033368733920925174,59.0,0.0,255.0,0.0,61.0,0.0,63.0,0.0,86.0,0.0,133.1,0.30000000000000004,200.0,0.0,70.1,0.30000000000000004,6.469720742292859,0.0015956898637712199,0.02759996484965086,0.0001022085894805357,1.4612890625000001,0.0021907858611061627,0.8396259198950171,0.0003474122407643669,0.35791568571840926,0.000244689212212449,0.9843947837781126,2.285190012192673e-05,0.5178307309997634,0.0001528507232393353,6.019226244090575,0.004674491882302079,17.0,0.0
D,71,0.89,0.66,0.7,0.9980004384216666,0.0005154049633010562,0.9975340792878602,0.9975340792878602,-1.8340042547901187e-05,0.9979600909888896,107.48814849853515,0.06970176965573836,55.75557174682617,0.05681568947524251,58.4,0.48989794855663565,255.0,0.0,61.0,0.0,63.0,0.0,86.0,0.0,132.0,0.0,199.25,0.4330127018922193,69.0,0.0,6.486159038161361,0.0011628278767401787,0.026446172199212015,4.640072926134951e-05,1.465595894607843,0.002101506328715456,0.8402500282826619,0.00034874799296101175,0.3601109167138297,0.0002608211046069614,0.9842592176767095,2.5264611742132137e-05,0.5187135513190511,0.00021319756733421356,6.039498232914275,0.005202201932165777,17.0,0.0
D,72,0.89,0.66,0.71,0.9980858351623244,0.00047778287237127,0.9977865556366258,0.9978059918725293,-2.701253750151961e-05,0.9980428267005118,107.56738662719727,0.023346846756405363,55.89836444854736,0.015706766066331805,58.6,0.4898979485566357,255.0,0.0,61.0,0.0,63.0,0.0,86.0,0.0,132.0,0.0,200.0,0.0,69.0,0.0,6.484587852507237,0.0008518414307171054,0.026435005106031896,4.321566659572437e-05,1.469733455882353,0.0018539311518583138,0.8398367914601785,0.00023492573322529337,0.36092326793535395,0.00021933892774661507,0.9842859007753691,2.1475397238191787e-05,0.519659033801432,7.893072484692656e-05,6.023046840483314,0.0032293200070023717,17.0,0.0
D,73,0.89,0.67,0.71,0.9977522441887017,0.00059370468684381,0.9973701840453121,0.9976512369970607,-1.8386891004010366e-05,0.9976957508039476,107.82900543212891,0.025411939431955455,56.15455169677735,0.015150124608479653,58.25,0.4330127018922193,255.0,0.0,61.0,0.0,63.0,0.0,86.0,0.0,133.0,0.0,201.925,0.2384848003542364,70.0,0.0,6.488092179032914,0.000781945377675108,0.026509947935119273,5.085828252244647e-05,1.4849448529411762,0.0015471176700145447,0.8402038133406211,0.00031811504544948245,0.360273756304004,0.0002462247693275688,0.9842772870957734,1.4440748806703512e-05,0.5207740946405378,0.00011906636446757484,6.0036977055949095,0.002720080616438734,17.0,0.0
D,74,0.89,0.67,0.72,0.9978278156680312,0.0005443744204564505,0.9975268798187046,0.9977899892829503,-1.9903189730653744e-05,0.9977716483536132,107.7999397277832,0.039921206877372675,56.15093212127685,0.029066255559450024,58.85,0.3570714214271425,255.0,0.0,61.0,0.0,63.0,0.0,86.0,0.0,132.55,0.49749371855331,201.65,0.47696960070847283,69.55,0.4974937185533099,6.486418674437166,0.0009680430662076665,0.02659692745655775,5.964569977623401e-05,1.4864774816176471,0.001774058935464767,0.8401791699196293,0.00033360633809767585,0.35989466951771704,0.00028736416641867216,0.9842589656679783,1.839708165371275e-05,0.520880901980738,0.00011591606475014323,6.008454692779052,0.004313826290837439,17.0,0.0
D,75,0.9,0.67,0.73,0.9978126027633778,0.0006629519753675883,0.9971305924760313,0.997887866308251,-1.4519701961721517e-06,0.9977530590585754,107.6426872253418,0.0744557032125922,56.03674507141113,0.059750238862231464,58.55,0.4974937185533099,255.0,0.0,61.0,0.0,63.0,0.0,86.0,0.0,132.05,0.21794494717703367,201.55,0.49749371855331,69.05,0.21794494717703367,6.48457290200295,0.0017489207947101201,0.02658430316951126,5.8404311026050115e-05,1.4827588848039215,0.0033850094162154827,0.840231293051685,0.0002815814984208907,0.36010857635792115,0.0002688160617815986,0.9842377676037891,2.8157640529971275e-05,0.5205809380545432,0.00020779798181449214,6.012965461722403,0.006474461665376418,17.0,0.0
D,76,0.9,0.68,0.73,0.9976714508673392,0.0006469699606473257,0.9971073827895446,0.9972868877107568,-3.281868561471752e-05,0.9976202933416268,107.77881774902343,0.059920597174695715,56.140747451782225,0.03219704831851329,58.65,0.4769696007084729,255.0,0.0,61.0,0.0,63.0,0.0,86.0,0.0,132.2,0.4000000000000001,202.0,0.0,69.2,0.39999999999999997,6.4854308012817885,0.001453828338435032,0.026642577024176717,5.691118739907219e-05,1.4919569546568627,0.0025148198129968844,0.8402526177545198,0.0002272457190566983,0.35999666696953925,0.0003055409691482324,0.9842026539920642,2.0215788288135788e-05,0.5208885052799594,6.082971654234823e-05,6.012748918650792,0.003317601415099519,17.0,0.0
D,77,0.91,0.68,0.73,0.9981890621969777,0.0004521727125718347,0.9977149668866249,0.9977149668866249,-2.3815588440409492e-05,0.9981538821313548,107.95219955444335,0.0384642591856584,56.39521312713623,0.022810944594228465,58.85,0.3570714214271425,255.0,0.0,61.0,0.0,63.0,0.0,86.0,0.0,132.1,0.30000000000000004,203.05,0.2179449471770337,69.1,0.30000000000000004,6.4844097850079,0.0011299576742671204,0.0268227283610031,6.222942563463091e-05,1.4983356311274512,0.001895096092439386,0.8401544307790954,0.000290781371274353,0.35976294146442783,0.00023194220988214433,0.9842826909592262,1.9210459047132985e-05,0.5224091129010817,8.29680897157523e-05,5.981302574839293,0.003022946852000563,17.0,0.0
D,78,0.91,0.68,0.74,0.9981100074134155,0.00047794396009035654,0.997718082049543,0.997718082049543,-2.7857229962588747e-05,0.9980705845917386,108.00514678955078,0.04217685058963523,56.379699897766116,0.03452756205684332,58.5,0.5,255.0,0.0,61.0,0.0,63.0,0.0,86.0,0.0,132.0,0.0,203.0,0.0,69.0,0.0,6.487538146536866,0.0008794622584630157,0.026597016188316048,4.915412388075594e-05,1.5007153799019608,0.003983538601139832,0.8403875493132658,0.00022715256698802643,0.36020727909795375,0.0002746929832664044,0.9842427887652511,4.3868539808888494e-05,0.5220093512348316,0.00016972629221309195,5.983985773850703,0.007791157132216236,17.0,0.0
D,79,0.91,0.68,0.75,0.9983674027370559,0.00037923811717565926,0.9981717380923169,0.9982867506500716,-1.560199975787818e-05,0.9983265620745045,107.67262802124023,0.03339555330364304,56.39128456115723,0.024929638497317476,58.0,0.0,255.0,0.0,61.0,0.0,63.0,0.0,85.15,0.3570714214271425,132.0,0.0,203.15,0.3570714214271425,69.0,0.0,6.487822498807039,0.0008744978061861756,0.02655690258834511,4.941520475857614e-05,1.5059566482843139,0.0016316479466290212,0.8405106091809167,0.00018585861773787947,0.36350941150327026,0.00024627990455642517,0.9841703854045531,1.9868591988421286e-05,0.5237290460278625,9.830762660237623e-05,5.988652812274154,0.002403879392101396,17.0,0.0
D,80,0.92,0.68,0.74,0.9978804023512053,0.0005698940124718321,0.9973421723886392,0.9973421723886392,-1.8038872032417494e-05,0.9978387874120679,107.62841339111328,0.1295834044647574,56.42935676574707,0.09003846008137137,58.0,0.0,255.0,0.0,61.0,0.0,63.0,0.0,85.0,0.0,131.9,0.30000000000000004,203.65,0.47696960070847283,68.9,0.30000000000000004,6.4860073327730445,0.0016698779010890146,0.026654581516049804,5.4179755482418016e-05,1.5015801164215687,0.002459273247546531,0.8401676564405545,0.0003267707791708697,0.3640175266995859,0.00022092206335281979,0.9842295941926548,4.1257055079543684e-05,0.5242977096751423,0.00021619046779146824,5.978975129681478,0.008498634143698346,17.0,0.0
D,81,0.92,0.69,0.75,0.9981012080273416,0.0004867696958546595,0.9977266497901175,0.9982333564745296,-1.966306036355508e-05,0.998047762226793,107.45333862304688,0.05164638391591806,56.2721607208252,0.04031133875895759,58.0,0.0,255.0,0.0,61.0,0.0,63.0,0.0,85.0,0.0,131.45,0.49749371855331,203.0,0.0,68.45,0.4974937185533099,6.487993010328961,0.0010067864619311465,0.02664078075904399,5.427865455380907e-05,1.5047579656862746,0.0027323570882506858,0.8405878371724095,0.00025031366763475786,0.3641480335425849,0.00021922935305284703,0.9841044170821605,2.9080352425806585e-05,0.5236892170624866,0.00013939284141064982,6.003903898610337,0.004653942578767195,17.0,0.0
D,82,0.93,0.69,0.74,0.9981454486269209,0.0004778228524939775,0.9977721461951581,0.9979724289104879,-2.9880324798188977e-05,0.998101197793825,107.46784210205078,0.04817384735024295,56.29175205230713,0.0452665737127982,58.0,0.0,255.0,0.0,61.0,0.0,63.0,0.0,85.0,0.0,131.45,0.49749371855331,203.25,0.4330127018922193,68.45,0.4974937185533099,6.484369864081688,0.0010493690780486542,0.0266834745882079,5.9389226490320066e-05,1.5079580269607844,0.0015276942364101597,0.8400613148920391,0.00023615826634814562,0.3641444120269593,0.0002744485593419427,0.9840872772152244,3.802162329711816e-05,0.523800822565743,0.00021136447687217062,6.003419584799852,0.0054832066204697095,17.0,0.0
D,83,0.93,0.69,0.75,0.9983342259888135,0.0003990480660057504,0.9979774411248994,0.9979774411248994,-1.975642880033996e-05,0.9982997789059643,107.59892578125,0.03935463640596512,56.441929244995116,0.042403019465190914,58.0,0.0,255.0,0.0,61.0,0.0,63.0,0.0,85.0,0.0,132.0,0.0,204.05,0.21794494717703367,69.0,0.0,6.496562265851651,0.00100053172513331,0.02646505308803171,6.664234074989669e-05,1.5119898897058826,0.0018464259161323506,0.8408184942184367,0.00031243107312407554,0.3637791787796322,0.00020832153277675872,0.9841212468202309,3.0303888573556295e-05,0.5245584131611736,0.00021339277216277585,5.980101369430667,0.004289012954784122,17.0,0.0
D,84,0.94,0.69,0.75,0.9981544242519604,0.00047431005525533577,0.9977265804891163,0.9977265804891163,-3.06210273198521e-05,0.9981171155154817,107.85380325317382,0.031027008441242197,56.72777061462402,0.025595556345128175,58.0,0.0,255.0,0.0,61.0,0.0,63.0,0.0,85.0,0.0,132.65,0.47696960070847283,205.825,0.3631459761583488,69.65,0.47696960070847283,6.498595885727321,0.0009580611665728475,0.02650296564679593,5.864932793130609e-05,1.522414981617647,0.003095609502248612,0.8403684222439276,0.000267018757084922,0.3635586816050631,0.00020059902276428786,0.9841754006175206,3.352042943069708e-05,0.5259691071218133,0.00011723234001033365,5.955952564733913,0.0028885916452494457,18.0,0.0
D,85,0.94,0.7,0.76,0.9982331636327297,0.00046526482683374715,0.9976995353743451,0.9983229474972053,-9.064118858149637e-06,0.9981843052055525,107.32845001220703,0.08137294882979106,56.7062328338623,0.07470434104623588,58.0,0.0,255.0,0.0,61.0,0.0,62.0,0.0,84.0,0.0,132.0,0.0,205.05,0.21794494717703367,70.0,0.0,6.493057521752109,0.001011457750743111,0.02791732393670827,7.058640649162261e-05,1.5258961397058823,0.0023974092428453533,0.8400397614168563,0.00023079476718073784,0.3700517375084928,0.00016586230600449813,0.9840769253295475,4.208338817499943e-05,0.5283427582531246,0.00030391723488357544,5.972407621875709,0.0037260613939496274,18.0,0.0
D,86,0.95,0.7,0.76,0.9977781029040276,0.0006438477530574904,0.9971815886340804,0.9973895934584323,-3.511842112310872e-05,0.9977298558605703,107.51944198608399,0.033958775739947086,56.91705112457275,0.02335134788063884,58.0,0.0,255.0,0.0,61.0,0.0,62.0,0.0,84.0,0.0,133.0,0.0,206.0,0.0,71.0,0.0,6.494405239611751,0.0013471108440738535,0.027855365071445704,6.628244371917478e-05,1.5345243566176472,0.002249434298369843,0.8395722743953652,0.00022869418002668777,0.37024131173992547,0.00022258734736993715,0.9840990073636526,1.964094630878241e-05,0.5293651935081305,0.00010114203289678834,5.947106439317682,0.0032366162618088505,18.0,0.0
D,87,0.96,0.71,0.76,0.9976762889374845,0.0006570256153878782,0.9971397172501596,0.9971397172501596,-1.6960476580716714e-05,0.9976292589539004,107.34281768798829,0.061369336971267396,56.79391937255859,0.04093846484052356,58.0,0.0,255.0,0.0,61.0,0.0,62.0,0.0,84.0,0.0,132.2,0.4000000000000001,205.5,0.5,70.2,0.39999999999999997,6.496613217837026,0.0014101532718620664,0.027800072496756912,8.553108988077966e-05,1.529169730392157,0.002293918299848126,0.8400408743728175,0.00028828956806102026,0.3699186401235711,0.0003067801002018279,0.984088019826609,2.227792304865294e-05,0.529089111573076,0.00014523841792350397,5.947481309899986,0.004060702341483089,18.0,0.0
D,88,0.96,0.71,0.78,0.9978426311696735,0.0005723848039824179,0.9973201691940816,0.9980825113692992,-1.8613271182763358e-05,0.9977795456688588,107.3707405090332,0.046962611031161075,56.84854526519776,0.025881147272850596,58.0,0.0,255.0,0.0,61.0,0.0,62.0,0.0,84.0,0.0,133.0,0.0,205.4,0.4898979485566356,71.0,0.0,6.494100446792966,0.000920155923010306,0.02790702343918383,5.1687737339535364e-05,1.529397212009804,0.003237853734826777,0.8404191228891686,0.0002468534290413269,0.3700133311948503,0.00021337174269440287,0.9841154015271922,2.7728921690617728e-05,0.5294603148139791,0.00011145874428507658,5.929407018188316,0.0032875193348784106,18.0,0.0
D,89,0.96,0.71,0.79,0.9980897313177669,0.0005491209046123884,0.9974341718467701,0.9974341718467701,-1.6347657007102275e-05,0.9980567126542869,107.5239761352539,0.043308275656728894,57.03917808532715,0.04894448051513533,58.0,0.0,255.0,0.0,61.0,0.0,62.0,0.0,84.0,0.0,133.15,0.3570714214271425,206.0,0.0,71.15,0.3570714214271425,6.50216739788894,0.0010767419814566581,0.0277360497508198,4.957151162772057e-05,1.5370052083333334,0.002083367687324904,0.8397131932451372,0.00031425445244312455,0.3704901733733469,0.00020351890866481554,0.9841305225324513,3.0433766925543598e-05,0.5304786043463466,0.00026445040260690127,5.916120750366385,0.0042949410532918215,18.0,0.0
D,90,0.97,0.71,0.77,0.9983522813711989,0.0004063212139067011,0.9978160150342404,0.9978160150342404,-2.055341915498621e-05,0.9983230326266505,107.63907089233399,0.05453362621356076,57.04992122650147,0.03247702168878903,58.0,0.0,255.0,0.0,61.0,0.0,62.0,0.0,84.0,0.0,133.7,0.45825756949558405,206.15,0.3570714214271425,71.7,0.45825756949558394,6.499175781228348,0.0007528026252853171,0.027817645110189915,6.340465384477702e-05,1.5367264093137254,0.002644030154920633,0.8399005588421348,0.00032533082263960127,0.37016801504173397,0.00023992794509022743,0.9841464609009375,2.0819138642959176e-05,0.5300112750364112,0.0001368450149711593,5.9235064045894585,0.0026448947589008836,18.0,0.0
D,91,0.98,0.71,0.79,0.9980336136341412,0.000579090188652459,0.9973975711701597,0.9982326558843424,-5.805018573092488e-06,0.9979766286705345,107.38787155151367,0.08307569287438245,57.09820346832275,0.062348329126947176,57.9,0.3,255.0,0.0,60.0,0.0,62.0,0.0,84.0,0.0,133.85,0.3570714214271425,205.75,0.4330127018922193,71.85,0.3570714214271425,6.5005508153071245,0.0009798016418772538,0.02704189217183739,6.474439330571993e-05,1.5480093443627452,0.0026623072690593746,0.8385032620655432,0.00038712245292610417,0.3738588838524466,0.00021478534835749633,0.9840280999803204,2.6796736980748708e-05,0.531700549224953,0.00019330199717051676,5.903852793697743,0.006783456691640059,18.0,0.0
D,92,0.98,0.72,0.8,0.9983241692804319,0.0003950776707690818,0.9980789737393009,0.9980789737393009,-1.5153206883845086e-05,0.9982865209862358,107.4907325744629,0.0627044257545711,57.01663684844971,0.041041028028065064,58.0,0.0,255.0,0.0,61.0,0.0,62.0,0.0,84.0,0.0,133.9625,0.16345871038277526,206.0,0.0,71.9625,0.16345871038277526,6.49309266096235,0.0010689008241274215,0.02785311369225383,5.241125744571235e-05,1.5454113051470588,0.0029887520550642465,0.8395359437722585,0.0002055290999339688,0.3705103668589981,0.00024365693957917615,0.984036351570446,2.118766194540331e-05,0.5304330123961137,0.0001135163711661312,5.9094496144131465,0.002852395095009454,18.0,0.0
D,93,0.99,0.72,0.79,0.9982855747258214,0.0004035915066036004,0.9980888800317934,0.9981706643575482,-1.784871186716272e-05,0.9982434822282714,107.15818328857422,0.046244979466895896,56.93875427246094,0.04778366128761596,57.5,0.5,255.0,0.0,60.0,0.0,62.0,0.0,84.0,0.0,133.0,0.0,205.65,0.47696960070847283,71.0,0.0,6.507744835293268,0.0008694707944928404,0.02687399343121797,8.105064346452069e-05,1.5371231617647059,0.0029317803983152655,0.8397882791971437,0.0002849892155245094,0.3735543581226728,0.0002380163906298745,0.9840463063738429,4.122033601036237e-05,0.5313522850962514,0.00024459145511609705,5.933205690395033,0.00562203224647941,18.0,0.0
D,94,1.0,0.73,0.8,0.998127435976626,0.00045121017942833136,0.9977319549798271,0.9980988741799962,-1.2527535706117074e-05,0.9980789096022118,107.19553833007812,0.03642970254516536,56.98063774108887,0.030557828492669768,58.0,0.0,255.0,0.0,60.0,0.0,62.0,0.0,84.0,0.0,133.7125,0.4421184795956849,205.15,0.3570714214271425,71.7125,0.4421184795956849,6.4993526895713245,0.0011117598410189267,0.02718726540915668,8.340851697620585e-05,1.519998468137255,0.0017533873892929877,0.8398242334786264,0.0002654197531834329,0.37355963108546086,0.0003146414402696141,0.9842512927468661,1.9154398825250355e-05,0.5315578997899331,0.00015371647683809278,5.88727448248069,0.0027567374827695977,18.0,0.0
D,95,1.01,0.73,0.8,0.9982772618757221,0.00040477718671738113,0.9980712553554941,0.9981711686088625,-1.678819661550042e-05,0.9982347185899739,106.99504699707032,0.03575165419986299,56.8082691192627,0.017630283921549195,58.0,0.0,255.0,0.0,60.0,0.0,62.0,0.0,84.0,0.0,133.0,0.0,205.0,0.0,71.0,0.0,6.495518106418615,0.001246958422139223,0.027303279750049113,7.078152639464928e-05,1.5220534620098038,0.0018112311017556087,0.840317300328042,0.0002848491524904468,0.37342093375020263,0.00024187065020966165,0.9841344604481923,1.6246105736035155e-05,0.5309429919182727,9.009913097623868e-05,5.90261154963734,0.0018462928589435105,18.0,0.0
D,96,1.02,0.73,0.8,0.9983158349091111,0.00039082266294940683,0.9981115095838633,0.9982239579145219,-1.4274782647135804e-05,0.9982739325907608,107.19739074707032,0.06636350051597341,56.957899475097655,0.05372066026977424,58.0,0.0,255.0,0.0,60.0,0.0,62.0,0.0,84.0,0.0,133.5,0.5,205.5,0.5,71.5,0.5,6.5005593326637,0.0009367418664346013,0.02717468284536153,7.041950721354045e-05,1.5260133272058822,0.0018649274484140877,0.8397886009996638,0.00028386277944159554,0.3735462700801228,0.00020756694870535645,0.9841698550244772,3.5484759970496365e-05,0.5313365241939192,0.00019775320391445095,5.893693821182685,0.004802233630486512,18.0,0.0
D,97,1.03,0.74,0.81,0.9978080189222919,0.000578914292002154,0.99732907229255,0.9978953156407273,-1.741208184789052e-05,0.9977480379276302,106.74752502441406,0.0625265403365163,56.72560901641846,0.05031561541951242,58.0,0.0,255.0,0.0,60.0,0.0,62.0,0.0,84.0,0.0,132.2,0.4000000000000001,204.95,0.21794494717703367,70.2,0.39999999999999997,6.491780652315664,0.0009711201270591346,0.027025719964876772,5.066892990095547e-05,1.5305070465686275,0.00213579520321322,0.8406941050546246,0.000377776709508817,0.37553340261633295,0.00022472493702363608,0.9839825441588432,1.9639749384289102e-05,0.5313996859037344,0.00021935374131067193,5.910467575487758,0.004075103456355216,18.6,0.48989794855663565
D,98,1.03,0.74,0.81,0.9979048070278965,0.0005715760596450587,0.9974229453601997,0.9981019623813507,-9.056498611724237e-06,0.9978444820719344,106.9357810974121,0.02619478379366145,56.89325580596924,0.030346779089351142,57.65,0.4769696007084729,255.0,0.0,60.0,0.0,62.0,0.0,84.0,0.0,133.0,0.0,205.05,0.2179449471770337,71.0,0.0,6.502224520661954,0.0006115112397997745,0.02668945861514658,3.1664115200083577e-05,1.5366046262254904,0.002216523742474596,0.8409780575412444,0.0002111676482936793,0.37598646046930184,0.00024595841174199933,0.9840123564760936,3.334790008683009e-05,0.5320319731871553,0.00022750228065294474,5.892952059000729,0.0032645106908310837,19.0,0.0
D,99,1.05,0.74,0.81,0.9978362655835141,0.0006065681802970654,0.9972386859415215,0.9981153031614809,-2.5903440968637296e-05,0.9977719821099498,106.82236557006836,0.0338668472537353,56.80962696075439,0.03388965940897378,57.95,0.21794494717703367,255.0,0.0,60.0,0.0,62.0,0.0,84.0,0.0,132.0,0.0,205.05,0.2179449471770337,70.0,0.0,6.491513412092559,0.0006555322075101683,0.027058444055728614,5.334231217720036e-05,1.5365900735294118,0.003826961060979087,0.8407148485260463,0.0002743032550271157,0.375317536926252,0.00024776528866222135,0.9839778295376611,5.304598646572272e-05,0.531813955341095,0.00022417381791045186,5.8976405845269895,0.008011667828450595,19.0,0.0
D,100,1.05,0.75,0.82,0.9977998864377197,0.0006524382666597303,0.997018793865949,0.9980752907588294,-2.827653246290106e-05,0.9977347412302359,106.67057037353516,0.05083250693620672,56.714369201660155,0.05073812236038449,58.0,0.0,255.0,0.0,60.0,0.0,62.0,0.0,83.0,0.0,131.9625,0.1634587103827753,205.0,0.0,69.9625,0.1634587103827753,6.490877814539678,0.0011498067440144984,0.02703959841746837,7.077667840860998e-05,1.5286864276960785,0.0019060723515314146,0.8401771561346498,0.0003431039677713227,0.37526088538828056,0.00024325934662483833,0.984003115961565,3.379762137782108e-05,0.5316776620678771,0.000255021876932415,5.915964975994048,0.008471571677802341,18.6,0.4898979485566357
D,101,1.05,0.75,0.82,0.9983076688969328,0.0004025905119971477,0.9978445548143793,0.9980670542836997,-1.794298105367515e-05,0.9982694658313847,106.86508636474609,0.058154796871242705,56.90613327026367,0.05626904678194097,57.45,0.4974937185533099,255.0,0.0,60.0,0.0,62.0,0.0,84.0,0.0,132.0,0.0,205.25,0.4330127018922193,70.0,0.0,6.502741278230273,0.0011465200299305952,0.02666632633190602,4.4629537160777626e-05,1.5265287990196081,0.002066207452870538,0.8407348939087976,0.00023482531727592466,0.37584589494445414,0.00015877025975077408,0.9841271486230578,2.4382798066458677e-05,0.5325043192914348,0.0002485136111552449,5.875622959724539,0.004957411327288892,19.0,0.0
D,102,1.06,0.75,0.82,0.998240390002359,0.00041354324208242414,0.9978664929227166,0.9978664929227166,-1.8661420345716123e-05,0.9982039238729116,106.9274299621582,0.14449898792047647,56.897522354125975,0.13129945918405805,58.0,0.0,255.0,0.0,60.0,0.0,62.0,0.0,84.0,0.0,132.3,0.45825756949558405,205.7,0.45825756949558405,70.3,0.45825756949558394,6.490823219191496,0.001470925882960247,0.027103907987475397,5.3109669137501494e-05,1.5320879289215685,0.002598474983253074,0.8405927413008266,0.00019158238739650047,0.3752578790170615,0.0002392523223106958,0.9840716498631344,6.493391345184965e-05,0.532112757721468,0.0005179879227369488,5.887967285095415,0.013974130979362051,19.0,0.0
D,103,1.06,0.75,0.84,0.9982088614898668,0.000431454296270909,0.9978902351012746,0.9978902351012746,-1.3169488032069357e-05,0.9981701111708526,106.85126037597657,0.0607814345795224,56.931732177734375,0.05083284104297173,57.2,0.39999999999999997,255.0,0.0,60.0,0.0,62.0,0.0,84.0,0.0,132.2,0.4,205.1,0.30000000000000004,70.2,0.4,6.5037472203521975,0.001163381648584729,0.026706937025301157,4.2758660254984434e-05,1.5167945772058822,0.002351582826955454,0.8409582604673325,0.00029171401597149034,0.3762911589377831,0.0001990877976152088,0.9842357452693203,3.791117158068691e-05,0.5328128322439992,0.00019882400565979417,5.8752769604060076,0.006060537592844536,19.0,0.0
D,104,1.07,0.76,0.84,0.9983147252671689,0.00038993019561127406,0.9981648119046188,0.9982150146046669,-1.1871330575905935e-05,0.9982729998968707,106.6698486328125,0.04559736184881591,56.79453392028809,0.03830297667819607,57.65,0.4769696007084729,255.0,0.0,60.0,0.0,62.0,0.0,84.0,0.0,132.0,0.0,204.975,0.10897247358851685,70.0,0.0,6.501127848366626,0.0008028122197689393,0.026674270955845715,4.96217276268161e-05,1.5056257659313723,0.0015131351797669718,0.8414452227055473,0.00022418145140312693,0.37630765726816684,0.00018653731725741375,0.9842763453057461,2.431427331531779e-05,0.5324328231136917,0.0001565490175956395,5.884404828339787,0.004354584201807469,19.0,0.0
D,105,1.07,0.77,0.86,0.9982257915455998,0.00041574174601561757,0.9979933470811753,0.9981773197995211,-1.140551274018015e-05,0.9981803774216704,106.71553421020508,0.04682526330866962,56.85750846862793,0.029913603387462438,57.35,0.4769696007084729,255.0,0.0,60.0,0.0,62.0,0.0,83.85,0.3570714214271425,131.9,0.30000000000000004,205.0,0.0,69.9,0.30000000000000004,6.503592104374505,0.000681781296681621,0.02656396634411067,5.140520367095025e-05,1.540227481617647,0.002006035386209619,0.8399043977780908,0.00026235140793992356,0.37626439760598884,0.0003637661910851291,0.9839461573119209,2.2966325094057746e-05,0.5327950414531182,0.00011820478893532696,5.924963640599503,0.002922989828241039,19.0,0.0
D,106,1.08,0.77,0.87,0.9981630463114273,0.00048524947283504346,0.9976216060399059,0.9976216060399059,-2.91123925607989e-05,0.9981289538530573,106.69071578979492,0.049754036802382426,56.82445812225342,0.03790119141628843,57.4,0.4898979485566357,255.0,0.0,60.0,0.0,62.0,0.0,83.45,0.4974937185533099,131.5625,0.4865375114007141,205.0,0.0,69.5625,0.4865375114007141,6.502509249100643,0.0008751279090441809,0.026646426832303404,5.428304380541515e-05,1.5386266850490196,0.001960410138499673,0.8405720225313992,0.00028205212552013983,0.376469878090913,0.00023273343000697528,0.9839411701486599,3.873785293148337e-05,0.5326091710338272,0.00014247406809870473,5.923945836632907,0.006037537299121835,19.0,0.0
D,107,1.09,0.77,0.9,0.9981292835488442,0.0004549186453428267,0.9978293797506271,0.9980674107502022,-2.070891631448293e-05,0.9980816824000676,106.5011199951172,0.022577094463734494,56.789443016052246,0.025462545006572114,57.85,0.3570714214271425,255.0,0.0,60.0,0.0,62.0,0.0,83.0,0.0,130.05,0.2179449471770337,205.0,0.0,68.05,0.21794494717703367,6.499332643628574,0.0007155020159709503,0.026553025003522635,3.167554487160807e-05,1.543359375,0.0021212316908805324,0.8403948245871524,0.00023404685203289973,0.3767338675565608,0.000254780586537808,0.9838738662759547,2.9827182807097365e-05,0.5332285797499486,0.0001541426762331246,5.956800188701812,0.004112392278998166,19.0,0.0
D,108,1.09,0.78,0.89,0.9979085237226494,0.0005152980463591345,0.9974562802980421,0.9976225060107351,-1.242390041723496e-05,0.9978610116551118,106.58078994750977,0.03690271628149033,56.827257347106936,0.031968883032835835,57.4,0.48989794855663565,255.0,0.0,60.0,0.0,62.0,0.0,83.0,0.0,131.0,0.0,205.0,0.0,69.0,0.0,6.500831664979276,0.0009148004776479708,0.026616770471446217,4.1677770886143e-05,1.5423200061274511,0.004033212429584489,0.8404294657363011,0.000292624818816804,0.37654340251694574,0.00031361233831185504,0.983906046287842,3.442091710638002e-05,0.5331847720682954,0.00015595928035209804,5.9475664871283955,0.002811795995970397,19.0,0.0
D,109,1.1,0.79,0.93,0.9980730691460821,0.0004978969523153719,0.997518607525867,0.9980232333185924,-1.8052270374969168e-05,0.9980236719085184,106.48963775634766,0.02789300125581908,57.07773704528809,0.02199954540331917,57.3,0.45825756949558394,255.0,0.0,60.0,0.0,62.0,0.0,83.0,0.0,130.0,0.0,207.0,0.0,68.0,0.0,6.502013275031774,0.0009375166309015746,0.02654636304359883,4.141638308388997e-05,1.5528439031862744,0.0021901902351540506,0.8402154895443408,0.00036240599307763705,0.37739504292434467,0.00016178043337982927,0.9839231506397625,2.5177486784934613e-05,0.5359933413586232,0.00014178470214840577,5.991178528482575,0.00261817886408393,18.0,0.0
D,110,1.1,0.79,0.94,0.9980253360223982,0.0005050286164965613,0.9975859584904396,0.9975859584904396,-1.8696370317191058e-05,0.9979849337474866,106.23114242553712,0.05181706098008253,56.96488304138184,0.03540285576877846,57.35,0.4769696007084729,255.0,0.0,60.0,0.0,62.0,0.0,82.5,0.5,129.05,0.21794494717703367,206.0,0.0,67.05,0.21794494717703367,6.496508394752813,0.0008844249598450849,0.026644419296644628,5.200925709342881e-05,1.5515954350490195,0.0028316153430649146,0.8396083982898321,0.00021640602883891234,0.37734677075477624,0.0002124040030531181,0.9838774994862115,1.9800662223095042e-05,0.5362352468079938,0.00020252906882236167,6.0320081985618295,0.004224908207145625,18.0,0.0
D,111,1.11,0.8,0.95,0.9980031280375321,0.0005174744255503256,0.9975354934976102,0.9981664509760697,-1.9215799050066864e-05,0.997946280803269,106.38951416015625,0.08291477762244759,57.0205738067627,0.03679341789941976,57.5,0.5,255.0,0.0,60.0,0.0,62.0,0.0,82.65,0.47696960070847283,129.9,0.30000000000000004,206.1,0.30000000000000004,67.9,0.30000000000000004,6.499599761237692,0.0017843290339459978,0.02659249338321388,6.10609959665513e-05,1.5517133884803922,0.004280075704087466,0.8393493571934563,0.0003310053480598288,0.3773211756523524,0.00023224901510904451,0.9839091466216955,5.2384145068998005e-05,0.5359605631465927,0.00021685255449471955,6.01924369072643,0.006220551425098109,18.0,0.0
D,112,1.12,0.81,0.96,0.9980753312773718,0.00046832241984340854,0.9977142728856678,0.998061406071019,-1.8734314074814517e-05,0.9980250485532327,106.35021514892578,0.023669509681000962,57.063180160522464,0.02722778294926079,57.45,0.4974937185533099,255.0,0.0,60.0,0.0,62.0,0.0,82.65,0.45,130.0,0.0,206.125,0.3112474899497183,68.0,0.0,6.500767920992651,0.0010628661708593056,0.02658293196000159,6.155787546782175e-05,1.5437170649509804,0.00176807937140369,0.8400160302534433,0.0002705017172336382,0.3770347995444898,0.0002773815176641129,0.9840115198865798,2.6588872689437018e-05,0.5365591235988665,0.00017847946357598752,6.020359680760725,0.0033309675255746803,18.0,0.0
D,113,1.13,0.79,0.97,0.9979955036835808,0.000498759177482012,0.9975290388593882,0.9978487836514696,-1.4747559172652979e-05,0.9979466148339675,106.31645278930664,0.02689279237393179,57.13058929443359,0.029831386806610967,57.6,0.4898979485566357,255.0,0.0,60.0,0.0,62.0,0.0,82.0,0.0,129.3,0.45825756949558405,206.0,0.0,67.3,0.45825756949558394,6.497172597849894,0.0007377955622648557,0.026566604478284718,4.431444430457336e-05,1.5321507352941182,0.0025225300617676494,0.8390864504599664,0.0002102617606795209,0.3775016705658688,0.00021527573582965615,0.984170408533201,2.733862721266421e-05,0.5373635603347011,0.00020750914475750027,6.022823052081474,0.0037336373267617914,18.0,0.0
D,114,1.13,0.81,0.99,0.9982152691945906,0.0004224513115646589,0.9978939834231503,0.9978939834231503,-1.9666869298711446e-05,0.9981767574831443,106.44101943969727,0.03462622482434746,57.114387893676756,0.030545091931509956,57.7,0.45825756949558394,255.0,0.0,60.0,0.0,62.0,0.0,82.75,0.4330127018922193,130.0,0.0,206.0,0.0,68.0,0.0,6.4989782551438235,0.000759824006356912,0.02660580282099545,3.6592989501517234e-05,1.5320389093137257,0.0021319462764760044,0.8394211110620076,0.00030042221510419634,0.37635667295726927,0.00020201397101550337,0.9841729593841178,2.1316003567083183e-05,0.5365824655340161,0.0001383149106744789,6.025833463003116,0.0031568853584506952,18.0,0.0
D,115,1.15,0.82,1.0,0.9982391654078056,0.00045468304823828207,0.9978327534711616,0.9983948851323325,-2.2330460348218124e-05,0.9981887297678654,106.14567718505859,0.07619075264597819,57.060438537597655,0.05634247914991659,57.5,0.5,255.0,0.0,60.0,0.0,62.0,0.0,82.0,0.0,129.0,0.0,206.0,0.0,67.0,0.0,6.490440591211687,0.001063370189375029,0.026652676542289554,4.3559356144400945e-05,1.5298805147058823,0.00221693619477594,0.8392022599757933,0.0002743885877859708,0.3768938284902029,0.00025960961595617105,0.984162392436636,4.246447748068814e-05,0.5375671424902527,0.00017290632408949378,6.055192731732417,0.006306333708341285,18.0,0.0
D,116,1.16,0.82,1.01,0.998193044302649,0.0004708384858650249,0.9976223932268466,0.9976223932268466,-2.00724995960308e-05,0.9981605099704765,106.08157882690429,0.04807083030736549,56.98035316467285,0.028874711238044838,57.6,0.48989794855663565,255.0,0.0,60.0,0.0,62.0,0.0,82.0,0.0,128.6125,0.477460731369607,205.975,0.10897247358851685,66.6125,0.4774607313696069,6.489425482363531,0.0014395349580958825,0.02666532495059073,5.474209365501157e-05,1.5233999693627451,0.0020695657026498816,0.8398346551925548,0.0003760985311617451,0.37695020608246727,0.00027166547048120774,0.9841848550945193,2.664301623891171e-05,0.5371371114733823,0.0001070867177558504,6.048192456604589,0.003835210510268805,18.0,0.0
D,117,1.17,0.83,1.03,0.9983547594867954,0.0003842621220325802,0.9981271618006785,0.9981536509954294,-1.585675119509558e-05,0.99831675601251,105.84678192138672,0.04175221246717422,56.95011749267578,0.034634499789630416,57.55,0.4974937185533099,255.0,0.0,60.0,0.0,62.0,0.0,82.0,0.0,128.0,0.0,205.5,0.5,66.0,0.0,6.48031578555031,0.0006849523251756698,0.026749666896648705,3.5056776460509554e-05,1.5091842830882354,0.0034492381486758627,0.8390953676119233,0.00024216653565693172,0.3780763245818484,0.0001819427128331175,0.9843186628572314,2.3437037677047445e-05,0.5380429346035653,0.00013421169165462032,6.0803471099167865,0.0019583410589595457,17.0,0.0
D,118,1.19,0.84,1.03,0.998330507068124,0.00042354515878801957,0.9977453401621472,0.9977453401621472,-1.8913677256988287e-05,0.9983019721726789,105.65185623168945,0.07550913198837617,56.86336441040039,0.05359880953647809,57.0,0.0,255.0,0.0,60.0,0.0,62.0,0.0,82.0,0.0,127.2,0.4,205.0,0.0,65.2,0.4,6.475834618731381,0.0011291486501069693,0.0271532571176067,6.527423811170978e-05,1.5033578431372547,0.003251807984688826,0.8388472318950484,0.0003303518392146407,0.37850211532399713,0.00025502825150627097,0.9843268109315941,2.1724578084288793e-05,0.5382144522977427,0.00015183845630099932,6.0922390835482005,0.004233231353947454,17.0,0.0
D,119,1.19,0.84,1.04,0.9981719972383232,0.0004348161611698123,0.9978832990686166,0.9980294277572247,-1.9879481660425443e-05,0.9981276437309132,106.03310165405273,0.07543910718965069,57.10300254821777,0.06041695785266561,57.95,0.21794494717703367,255.0,0.0,60.0,0.0,62.0,0.0,82.0,0.0,128.0,0.0,206.325,0.4548351349665063,66.0,0.0,6.472794831808974,0.0009869470944120523,0.026859035319648682,6.58696782407647e-05,1.4996323529411766,0.0019003681943289517,0.8396235890391847,0.00033825630907276645,0.3772487455032258,0.00025130212866292056,0.9845151392203715,2.8405338115696757e-05,0.5385392750097788,0.00021715980150497366,6.062725967687606,0.006430519330304514,17.0,0.0
D,120,1.2,0.85,1.06,0.9981289871687469,0.0004895303704836035,0.9976775797831675,0.9978088731998787,-3.0734528235826555e-05,0.9980881740407629,105.95807647705078,0.034940337226841506,56.982132530212404,0.027818219734574857,57.95,0.21794494717703367,255.0,0.0,60.0,0.0,62.0,0.0,82.0,0.0,128.0,0.0,205.7,0.45825756949558405,66.0,0.0,6.4723051498939315,0.0009627147156840484,0.026907413708977403,4.5832676112661034e-05,1.4907230392156865,0.0015961789284729515,0.8395056006757701,0.00038082066018483223,0.37733716840461307,0.00021342272272531365,0.9845414229502675,1.8515224146094624e-05,0.5377799637327753,0.00013088368097479832,6.0680665466819415,0.002155867177360227,17.0,0.0
D,121,1.2,0.86,1.09,0.9983314236838451,0.00040322162135987815,0.9980245921454168,0.9980245921454168,-1.6386676860223e-05,0.9982955882949311,105.97515182495117,0.07522918066567631,56.9638765335083,0.06404450386444023,57.25,0.4330127018922193,255.0,0.0,60.0,0.0,62.0,0.0,82.0,0.0,127.75,0.4330127018922193,205.65,0.47696960070847283,65.75,0.4330127018922193,6.4767399814016855,0.0010221565859280587,0.026646058075129986,2.727745450355119e-05,1.5024563419117647,0.0020134718785528426,0.8386826234627922,0.00023709883178352415,0.3777576894417819,0.00024054339696459755,0.9843942165482634,4.60108258292738e-05,0.5375209150379308,0.0002407119243523241,6.063080220700685,0.007404651670357065,17.0,0.0
D,122,1.22,0.86,1.07,0.9977631284236088,0.0006624485246786726,0.9972190640719756,0.9979033982815985,-4.1250246608212285e-05,0.997700572070046,106.06534271240234,0.09864501524732741,57.11402072906494,0.08148211370472343,57.6,0.4898979485566357,255.0,0.0,60.0,0.0,62.0,0.0,82.0,0.0,128.0,0.0,206.5,0.5,66.0,0.0,6.4786379520046395,0.0009651190424634616,0.0267527028452605,3.057251557816745e-05,1.493366268382353,0.004160011476368827,0.8398595717551766,0.00025215909009278475,0.3772149504314215,0.00023636074760381758,0.9845838286876438,3.0107139560150767e-05,0.5384793338704965,0.0002812242745880604,6.053282313485762,0.006423064143954379,17.0,0.0
D,123,1.23,0.87,1.09,0.9982326645493623,0.00048713860451039104,0.9977086312182142,0.9977086312182142,-2.7651178656652565e-05,0.9981999460725073,105.78074417114257,0.06233191337679341,56.796025085449216,0.038909545459141805,57.1,0.3,255.0,0.0,60.0,0.0,62.0,0.0,82.0,0.0,127.35,0.47696960070847283,205.0,0.0,65.35,0.47696960070847283,6.475775315785119,0.0012537056350874134,0.026708469679579138,5.157466852819535e-05,1.4903538602941178,0.002150721655695293,0.8395698576290533,0.00022757466166237208,0.37744744879933545,0.00020503529696930077,0.9844402021092554,3.414769230401526e-05,0.5369221326057673,0.00010705898690625709,6.076194807272228,0.0019007934529019707,17.0,0.0
D,124,1.25,0.88,1.09,0.9976291522279039,0.000653264990470614,0.9971218170459231,0.9977897559376965,-2.17063280838944e-05,0.9975625350836176,105.71992950439453,0.030638153716023575,56.683747100830075,0.034320624209791824,57.55,0.4974937185533099,255.0,0.0,60.0,0.0,62.0,0.0,82.0,0.0,127.0,0.0,204.675,0.4548351349665063,65.0,0.0,6.471231175725467,0.0009428076629774232,0.02671941798180342,3.5607452896144917e-05,1.4965333946078432,0.0021730330206697714,0.8394454225932233,0.00031594608262081573,0.3774219105953992,0.00022315485532439653,0.984316287643383,1.9617791523450077e-05,0.5361689559171008,0.00022810581127632613,6.080544639694276,0.002584869250548822,17.0,0.0
D,125,1.25,0.88,1.12,0.9979629885817906,0.000529700757142472,0.9974239143807535,0.9979931769158945,-1.3861724468850257e-05,0.9979085885882822,105.81389541625977,0.049839596219092425,56.677001762390134,0.037693683082160555,57.85,0.3570714214271425,255.0,0.0,60.0,0.0,62.0,0.0,82.0,0.0,127.0,0.0,204.25,0.4330127018922193,65.0,0.0,6.467080126482662,0.001394819643895837,0.026890003611333667,5.078308115693266e-05,1.4987216605392157,0.002856751423156047,0.8392606613386396,0.0002552782322251153,0.3768559927049553,0.00024195688223404028,0.9842978972194576,2.6178537201961272e-05,0.535629063947628,0.000150514583182781,6.078427540905198,0.004253255232223722,17.0,0.0
D,126,1.26,0.88,1.12,0.9982284253037278,0.0005194261680365722,0.997176282529024,0.997176282529024,-2.9016866918678443e-05,0.9982094928847126,105.72831268310547,0.028257034616478834,56.585055351257324,0.020894776203333288,58.0,0.0,255.0,0.0,60.0,0.0,62.0,0.0,82.0,0.0,127.0,0.0,204.05,0.2179449471770337,65.0,0.0,6.466996128903119,0.0005959333860198306,0.02683685962110758,3.303540312866937e-05,1.5055813419117647,0.0026025724782711016,0.8390852798446437,0.00021816307431461144,0.37689468851619,0.00021091087553525625,0.9841732996524065,3.132440974988897e-05,0.535193015741441,0.00010060334470372787,6.09105113475359,0.005056604262498053,17.0,0.0
D,127,1.26,0.88,1.13,0.9981099342965869,0.00048645758515011704,0.9977369564635612,0.9977369564635612,-1.4181969299017702e-05,0.9980700109315505,105.75051803588867,0.04304948084782578,56.610423469543456,0.03288666128701818,57.9,0.3,255.0,0.0,60.0,0.0,62.0,0.0,82.0,0.0,127.0,0.0,204.725,0.4322904116447646,65.0,0.0,6.4659782356986515,0.0009591045003659846,0.02684922281187028,3.309376572076612e-05,1.5045726102941177,0.0020909702020629416,0.8387755549563956,0.0003618847687239439,0.3772014908409929,0.0002618235472447149,0.9841862984903702,1.7576962680872856e-05,0.5353204980298898,0.00011796238484014462,6.067617918082243,0.002869220067959745,17.0,0.0
E,1,0.26,0.26,0.3,0.9980383908156609,0.0006122415908094153,0.9975257061095305,0.998571169418224,-3.0360618644443437e-05,0.9979727490317689,106.9708625793457,0.0814793829179359,55.74568767547608,0.06396812265482135,53.0,0.0,255.0,0.0,56.0,0.0,61.0,0.0,91.525,0.4866980583482946,127.0,0.0,204.275,0.43229041164476456,66.0,0.0,6.848963838247792,0.0012183272365934158,0.0156916624866426,3.311729735091892e-05,1.5408616727941176,0.0018169885987686296,0.8093361023813989,0.0003947533747799267,0.23898802694686352,0.0003631847248367693,0.9835357738084785,2.9007387376987433e-05,0.5211295083759746,0.00023947734410423427,6.450093306813484,0.008504562787815402,14.0,0.0
E,2,0.26,0.27,0.3,0.9985594770763303,0.0003687100864385551,0.998253580416572,0.9985160012346972,-1.7392070368706883e-05,0.9985227126794083,106.87633590698242,0.1679452018445824,55.337168502807614,0.11759154894538294,53.0,0.0,255.0,0.0,57.0,0.0,61.0,0.0,92.15,0.3570714214271425,125.75,0.4330127018922193,203.375,0.4710360920354193,64.75,0.4330127018922193,6.839896056103946,0.0023947910263083373,0.01545520038343966,3.149987431870792e-05,1.5220856311274509,0.003364578378000609,0.8106268688129997,0.00042367464884210897,0.2341865323973872,0.0003956416690935465,0.9834439723694646,6.253440535162985e-05,0.5177677606747111,0.00029895006301826945,6.43121377357849,0.01182176910054673,14.0,0.0
E,3,0.27,0.27,0.3,0.9978503838341943,0.0006428784372648122,0.997263192291259,0.9983151366764214,-2.632513248400197e-05,0.9977815846497459,107.03545455932617,0.07241231304736184,55.350409507751465,0.05952743250735303,53.0,0.0,255.0,0.0,57.0,0.0,61.0,0.0,92.95,0.21794494717703367,125.6125,0.4774607313696069,204.15,0.4769696007084729,64.6125,0.4774607313696069,6.840116793402632,0.0012857677535318241,0.015425592893734574,2.3524129981827646e-05,1.5270603553921571,0.002296182543515674,0.8101718042181447,0.0003608795412065852,0.23334809368422654,0.00034889347646793945,0.9833927937436426,3.543265019629324e-05,0.5171220676388034,0.00022874765837362486,6.420360479172419,0.005951827136613423,15.0,0.0
E,4,0.27,0.28,0.3,0.9984956499129403,0.00036402061804986915,0.9982112939132025,0.9983162424350555,-1.7173359480564012e-05,0.9984607830021461,107.29230880737305,0.10166616512240818,55.262601661682126,0.0711457995141107,53.6,0.48989794855663565,255.0,0.0,57.0,0.0,62.0,0.0,92.85,0.3570714214271425,125.9,0.30000000000000004,204.025,0.33447720400649134,63.9,0.3,6.8468143268519865,0.001331751742444317,0.015228347689844667,2.888636853560243e-05,1.5147204350490198,0.0026230056530129595,0.8104424120547538,0.0004872932708361788,0.23383931226138266,0.00035651782697289364,0.983399095659467,2.985314415926791e-05,0.5150656758850604,0.00021625909716173596,6.402104023353099,0.0071533275734743315,15.0,0.0
E,5,0.28,0.28,0.3,0.9975305877416663,0.0009710641606884817,0.9964005963873103,0.9964005963873103,-7.998529025348234e-05,0.997495339823114,107.22406997680665,0.09644115785077413,55.100498580932616,0.05647950100071104,53.5,0.5,255.0,0.0,57.0,0.0,62.0,0.0,93.0,0.0,125.0,0.0,204.45,0.49749371855331,63.0,0.0,6.8374573957892455,0.0015441478819764104,0.015317475236952306,3.1768216495964674e-05,1.5110952818627452,0.002198183541354456,0.8103980518045832,0.0002718563929750544,0.23313332245301513,0.00031330952315957323,0.9833478853291627,4.250555269333105e-05,0.5138817542114273,0.00010958400138842869,6.392480008685203,0.00447882240260782,15.0,0.0
E,6,0.28,0.29,0.3,0.9762993968986111,0.016168718355621135,0.9474131753093143,0.9474131753093143,-0.001273170300628692,0.9764358605430038,107.38328475952149,0.04612698227724221,55.06900482177734,0.026414825218502743,53.0,0.0,255.0,0.0,57.0,0.0,62.0,0.0,93.2,0.4,125.0,0.0,205.0,0.0,63.0,0.0,6.8487608373999596,0.0027871066882560035,0.014790138020180166,2.5446708342732922e-05,1.5034198835784311,0.006810596773930134,0.8144714116080637,0.0012511475938158125,0.23408333233450115,0.00042260291133858663,0.9834068173743022,6.316334549663998e-05,0.5128265945224063,7.967880702081608e-05,6.38690530753537,0.0029963185447744838,15.0,0.0
E,7,0.29,0.29,0.3,0.9979470199810695,0.0005576111025359723,0.9973709855046291,0.9976670426553726,-3.6255940597279566e-05,0.9979003620154318,108.0404426574707,0.10844901183917523,55.133320808410645,0.08882319064795553,54.0,0.0,255.0,0.0,57.0,0.0,62.0,0.0,95.0,0.0,125.0,0.0,206.3,0.45825756949558405,63.0,0.0,6.838901230030378,0.0012813057148770466,0.014974049548618496,3.0308693313602406e-05,1.4625298713235293,0.003417360477710249,0.8195714186966863,0.00044485656560386543,0.23926132900266847,0.00036156952816826293,0.9838724013043354,3.167748313868459e-05,0.5103023156828518,0.0003226491483348949,6.338263210829013,0.006577114751927788,15.0,0.0
E,8,0.3,0.3,0.31,0.9979907440447967,0.0007108578502621975,0.9971102167001774,0.9982592007370071,-2.6826280673917075e-05,0.9979308042382594,108.49596862792968,0.06298141138923088,54.72898712158203,0.030417093771028723,54.3,0.45825756949558394,255.0,0.0,58.0,0.0,63.0,0.0,95.0,0.0,124.85,0.3570714214271425,205.1,0.30000000000000004,61.85,0.3570714214271425,6.830951387233374,0.0024959225211793677,0.01498406594619155,3.91330852013109e-05,1.4415203737745097,0.005271579024118654,0.8186353663131045,0.0005286306561704885,0.24971296196293696,0.0005219620165225246,0.9837857432024192,5.331173972778812e-05,0.5044334156965842,0.00019660789847413497,6.296065345229797,0.009077608180193684,15.0,0.0
E,9,0.3,0.31,0.31,0.9978161256895719,0.0008427230615990199,0.9962305793229157,0.9962305793229157,-2.428008385572159e-05,0.997800380217341,108.36477203369141,0.07658250333618127,54.586927032470705,0.0561481349653151,54.35,0.4769696007084729,255.0,0.0,58.0,0.0,63.0,0.0,95.0,0.0,124.2,0.39999999999999997,205.05,0.21794494717703367,61.2,0.39999999999999997,6.8310881775954995,0.0017680107539634249,0.014956510555930436,3.090799276528738e-05,1.4398820465686273,0.002461973184580949,0.8189451760073801,0.0004282816279565505,0.24939142867999844,0.0005577411962924809,0.9837199008010243,4.340337914819745e-05,0.503733040009696,0.00019902235026933468,6.322264869685401,0.006433383011032122,15.0,0.0
E,10,0.31,0.31,0.31,0.9981479671061677,0.0005339675756816536,0.9976546057160073,0.99836630260636,-2.2294310891674834e-05,0.9980934837273514,108.57927856445312,0.08540512328668749,54.69379062652588,0.057583644421499346,54.2,0.39999999999999997,255.0,0.0,58.0,0.0,63.0,0.0,95.0,0.0,125.0,0.0,205.15,0.3570714214271425,62.0,0.0,6.832214365436549,0.0011875312785650663,0.015009789052419365,1.2450893805751057e-05,1.449860600490196,0.0018465962074841712,0.8186855689857431,0.0003618701671393647,0.2504953024454416,0.00037916110500778967,0.9836701741098356,3.457370294011034e-05,0.5037220764514584,0.00014995162722440507,6.318793889066415,0.009072729087584072,15.0,0.0
E,11,0.31,0.32,0.31,0.9985434814970511,0.0003373642410663374,0.998412541367285,0.998412541367285,-1.3858776426859282e-05,0.9985085978556253,108.82776184082032,0.06738517912564804,54.44705753326416,0.04444977402959576,55.0,0.0,255.0,0.0,58.75,0.4330127018922193,64.0,0.0,96.0,0.0,125.0,0.0,204.55,0.49749371855331,61.0,0.0,6.836903195951976,0.001300527122239773,0.014608946884982288,2.3463387294719243e-05,1.4283348651960783,0.0023641416956378695,0.8231222242950647,0.0002996878018823025,0.2580717494645812,0.0002591325532929928,0.9837498698276372,2.3788857814544976e-05,0.500304813806056,0.0001740751854538681,6.298774533841402,0.006317679706009618,15.0,0.0
E,12,0.32,0.32,0.31,0.9982705530683633,0.0004795785943369474,0.9975557010062422,0.9979210422890848,-1.845426598791162e-05,0.9982342389590644,109.0362449645996,0.11646044789485917,54.38101081848144,0.0770165966495852,55.0,0.0,255.0,0.0,59.0,0.0,64.0,0.0,96.9,0.30000000000000004,125.45,0.4974937185533099,203.4,0.4898979485566356,61.45,0.4974937185533099,6.840146102287908,0.0018188140117621793,0.014538714336231351,1.956957793560477e-05,1.4335546874999998,0.004152767949029305,0.8229082981849614,0.0003042922150946231,0.25887148911241437,0.00023492580992740778,0.9836619926647885,5.169453300786564e-05,0.49874234553864777,0.00021908695560119438,6.30663633991703,0.007452586193044875,15.0,0.0
E,13,0.32,0.32,0.32,0.9984096943621609,0.0004900064035855649,0.9976675791871584,0.9976675791871584,-3.4991429286285635e-05,0.9983873735604809,108.88847045898437,0.02836740032117262,54.110466194152835,0.01598348792670063,55.0,0.0,255.0,0.0,59.0,0.0,64.0,0.0,96.0,0.0,126.0,0.0,200.85,0.32015621187164245,62.0,0.0,6.857499776427451,0.0006482785964162358,0.014378196466714144,1.756624628122068e-05,1.4704863664215684,0.00208911639565786,0.8197974827678853,0.00029466542957702987,0.2573670667079382,0.00019820964927572989,0.9830685773451278,2.82163291089909e-05,0.4969347669607684,9.660868611214948e-05,6.378953898580171,0.0012284028979602823,15.0,0.0
E,14,0.32,0.33,0.32,0.9982000794631303,0.00047985861391840065,0.9976957240598328,0.9981656050610226,-2.7971845681724142e-05,0.9981536203542943,109.0801902770996,0.07322184077808123,54.17939643859863,0.059614483173628115,55.0,0.0,255.0,0.0,59.0,0.0,64.0,0.0,96.0,0.0,127.0,0.0,200.2,0.4000000000000001,63.0,0.0,6.865087224441976,0.0010478566289951548,0.01434967217501253,2.1836042953005474e-05,1.4813618259803922,0.002681919829547472,0.8175163741330611,0.00034515231536289426,0.25650340221174434,0.0002459498394838151,0.9829884629215548,4.2472359719959294e-05,0.49669313770674395,0.00023604184700952053,6.381076483277443,0.008591585494548906,15.0,0.0
E,15,0.33,0.33,0.32,0.9984038511370802,0.0003978133368712063,0.9981842708209328,0.9982097553881514,-9.124721708733905e-06,0.9983669550024749,109.13082809448242,0.09681180580431506,54.240523719787596,0.07196917455976731,55.0,0.0,255.0,0.0,59.0,0.0,64.0,0.0,96.0,0.0,127.0,0.0,200.95,0.2179449471770337,63.0,0.0,6.8654052724114125,0.0008144969216191224,0.014335467084310948,1.6087817441407234e-05,1.4741858149509803,0.0037326257828126748,0.8181315708267041,0.00046661293518761966,0.2564190490852388,0.00022639290888934422,0.9831076600109286,3.503268104567355e-05,0.49702274223080317,0.00023623938949523333,6.361558228906587,0.006439913749599682,15.0,0.0
E,16,0.33,0.34,0.32,0.9982247664607081,0.000462006855448155,0.9974829589225053,0.9981864946605581,-2.0858523253538567e-05,0.9981790569412308,108.85791244506837,0.1091034278993349,53.878699493408206,0.08206393828097637,55.0,0.0,255.0,0.0,59.0,0.0,64.0,0.0,95.0,0.0,128.0,0.0,197.45,0.49749371855331,64.0,0.0,6.875937475851616,0.0012442062131371079,0.014218659000471234,1.4705410377523066e-05,1.4770343137254902,0.0026425214010364524,0.8173069407008574,0.00036661181327711886,0.25562036425579937,0.00021354268430447148,0.9828440348185037,5.680687928543558e-05,0.49494493184776606,0.0002696274733270306,6.413040735457332,0.0052324013249856974,15.0,0.0
E,17,0.34,0.34,0.33,0.9980119764110535,0.000613322585198721,0.9971539796281694,0.9982663798131981,-2.2127839916101825e-05,0.9979529651744196,109.05355606079101,0.07835137149091509,53.84488983154297,0.05934532199606276,55.0,0.0,255.0,0.0,59.0,0.0,64.0,0.0,95.0,0.0,130.0,0.0,196.3,0.45825756949558405,66.0,0.0,6.888744989205724,0.0012306508747548031,0.014128663577139378,1.8956651715479637e-05,1.4690402879901958,0.002138474219706756,0.8171926642155356,0.00045407938951804984,0.25472498615369804,0.0002054334503608973,0.9829180900967837,4.3776031999976544e-05,0.4937470968345015,0.00022663366599495703,6.43305958214619,0.006625899089262705,14.0,0.0
E,18,0.34,0.35,0.33,0.9978695593675726,0.0006708976804387763,0.9973178020542809,0.9980707572484177,-2.6651307174976803e-05,0.9978082004593023,109.00523300170899,0.07670157969796255,53.64541225433349,0.04901429275247221,55.0,0.0,255.0,0.0,59.0,0.0,64.0,0.0,95.0,0.0,131.0,0.0,194.95,0.2179449471770337,67.0,0.0,6.888837961315342,0.001552139831384311,0.014083572360686959,1.7732926992021876e-05,1.4552588848039216,0.003001970671741007,0.8167060329229077,0.0003906665974461085,0.25416858735297987,0.00024532275327472024,0.9829471450985332,5.9130219335573234e-05,0.49213605869543053,0.00015357763327341739,6.494382252358889,0.007176174637478833,14.0,0.0
E,19,0.35,0.35,0.34,0.9985595657162742,0.0003702870176086654,0.9981149279925445,0.9981149279925445,-2.3164136063754627e-05,0.9985333605436162,109.16669006347657,0.04680725497187436,53.720648002624515,0.032039082511823566,55.0,0.0,255.0,0.0,59.0,0.0,64.0,0.0,95.0,0.0,131.15,0.3570714214271425,195.2,0.4000000000000001,67.15,0.3570714214271425,6.891194385785072,0.0009401039756950887,0.014099725941196083,1.632554336482877e-05,1.4659168198529413,0.0017550325908132314,0.8151550997891771,0.0003272777786034018,0.2538696247691433,0.000265980166241308,0.982871186588177,2.6348392219848413e-05,0.49209740926975065,0.00013333800423390434,6.515214649596447,0.0031384342597394785,14.0,0.0
E,20,0.35,0.36,0.34,0.9984802353730643,0.00038693323276651375,0.9979575375283104,0.9985797613483041,-9.237734252448413e-06,0.9984376224624545,108.75458297729492,0.05661934363908831,53.30777530670166,0.037668198943277706,55.0,0.0,255.0,0.0,59.0,0.0,64.0,0.0,95.0,0.0,131.0,0.0,193.55,0.4716990566028302,67.0,0.0,6.88281145109506,0.0011854664050346476,0.014142507058568298,2.2707451972743406e-05,1.434869025735294,0.0026140728316103373,0.8177605948995461,0.00026929424853696374,0.25426651412604956,0.0002104455343702707,0.9829777546667925,4.758153081045604e-05,0.4901657493745725,0.00014829857007915524,6.537287908002604,0.004728304042042711,14.0,0.0
E,21,0.36,0.36,0.34,0.9979303196100832,0.0005939533639761163,0.9971820934537897,0.9982054652211835,-5.78548621005517e-06,0.9978686136626614,108.80090713500977,0.0916563019036358,53.246878433227536,0.059760354659089604,55.0,0.0,255.0,0.0,59.0,0.0,64.0,0.0,95.0,0.0,131.05,0.2179449471770337,193.5,0.5,67.05,0.21794494717703367,6.885242345497528,0.0014822504929860837,0.014127494581043721,2.370846146083499e-05,1.435837162990196,0.0024148710858519274,0.8180022601890338,0.0004969090478840696,0.2541684810788047,0.00025384029687687705,0.9829261897701411,4.317253407061304e-05,0.4893973187064666,0.0002756932780304536,6.551172277450002,0.005885919960084116,14.0,0.0
E,22,0.36,0.37,0.35,0.9981349810021294,0.0005729084861404258,0.9971164558076964,0.9971832445171688,-3.314382947999059e-05,0.9981109472517636,109.8419174194336,0.07611619826469024,53.63462657928467,0.04021878230911644,55.2,0.39999999999999997,255.0,0.0,59.0,0.0,64.0,0.0,96.0,0.0,132.5,0.5,196.0,0.0,68.5,0.5,6.890241708243172,0.0017324641681772206,0.014380812575109304,1.9516453534417254e-05,1.442189031862745,0.002144382975781072,0.8149863368206602,0.0003886470767094771,0.25433179467925904,0.00028613165769428625,0.9831157757586372,3.432224458012396e-05,0.48828924225642617,0.00014160463419334094,6.496097043942458,0.008407109783032668,14.0,0.0
E,23,0.37,0.38,0.35,0.998342829406981,0.000489408457109355,0.9976931339250574,0.9984697741367313,-1.652423569678503e-05,0.998295879003724,110.12562637329101,0.09754988223768093,53.57565441131592,0.06311612359075765,55.0,0.0,255.0,0.0,59.0,0.0,64.0,0.0,97.0,0.0,133.55,0.49749371855331,194.6,0.4898979485566356,69.55,0.4974937185533099,6.903467921140445,0.0013265340869218132,0.014109077001921832,2.57687422020595e-05,1.4176539522058824,0.001836980493655454,0.813732146613378,0.00034093389147778826,0.25227499452272223,0.0002488782988279189,0.9833597065797317,4.06116650269504e-05,0.4864956773636278,0.0001611900235049143,6.517320529172716,0.008880902077966909,15.0,0.0
E,24,0.37,0.38,0.36,0.9984990205043187,0.0003561855252220775,0.9982780453720491,0.9982780453720491,-1.747577087551479e-05,0.9984653361789395,110.25580368041992,0.14887205876817325,53.51311893463135,0.09805903768113261,55.0,0.0,255.0,0.0,59.0,0.0,64.0,0.0,97.25,0.4330127018922193,133.95,0.2179449471770337,193.5,0.5,69.95,0.21794494717703367,6.9059744259159315,0.002064978348723847,0.014120967942290008,2.594598006136103e-05,1.4190081188725492,0.001866939613097217,0.8137672365624649,0.00046664518870802736,0.2518979332806827,0.00026232329964104675,0.9833045262271201,5.069995772708292e-05,0.4853539035615439,0.0002445616303681209,6.515299966063777,0.01028697166412935,15.0,0.0
E,25,0.38,0.39,0.36,0.9974614237773693,0.001065450284851642,0.9961790354811065,0.9962051874240363,-1.4905857589112763e-05,0.9974276779913089,109.51476211547852,0.13482341516154903,52.77430057525635,0.10104440852495569,55.0,0.0,255.0,0.0,59.0,0.0,64.0,0.0,97.0,0.0,132.2,0.4000000000000001,191.2,0.4000000000000001,68.2,0.39999999999999997,6.891740280758768,0.0025799668399600992,0.014284358313307165,3.546522887248231e-05,1.4065701593137254,0.002379579533896668,0.8154706340862052,0.0004646997019401534,0.25352974361895503,0.0003250608261497482,0.9829886954587265,5.3252094124797824e-05,0.4818917235478007,0.00034546632853539345,6.586728274667408,0.014679142263994166,14.9,0.30000000000000004
E,26,0.38,0.39,0.37,0.9979337716171532,0.000855579989109154,0.9964414018921999,0.9970530020993591,-4.366014612623516e-05,0.9979025753312047,110.33885116577149,0.15482979827725485,53.21597843170166,0.084240406287874,55.95,0.21794494717703367,255.0,0.0,59.0,0.0,65.0,0.0,97.25,0.4330127018922193,134.1,0.43588989435406733,193.35,0.47696960070847283,69.1,0.43588989435406733,6.903726225535975,0.0017582329611465933,0.014121412509121,1.981855341628033e-05,1.408913143382353,0.003575638945147256,0.8131453830616916,0.0003753500104644893,0.25495439614032606,0.000344892853670257,0.983236683786787,3.713901755086764e-05,0.48229582743568666,0.0001718557786749329,6.506003476617468,0.005756314613499895,15.0,0.0
E,27,0.39,0.4,0.37,0.9986900179099075,0.00030817794338702185,0.9985098314079324,0.9985098314079324,-1.3449870252165128e-05,0.9986602864470361,110.02244338989257,0.13340410171255296,53.2518611907959,0.08465728840812728,55.0,0.0,255.0,0.0,59.0,0.0,64.0,0.0,97.0,0.0,134.4,0.4898979485566356,192.05,0.47169905660283024,70.4,0.4898979485566356,6.908136241983925,0.001948196817081358,0.01414010338485241,1.8432891041473233e-05,1.4272051164215687,0.0031506900521541263,0.8146632797953111,0.0004083689885341738,0.25070647645081345,0.0002355735248173511,0.9830604566451957,3.0317620352031285e-05,0.4840088585277759,0.00019243598543453827,6.5548972073533935,0.00791326797547722,15.0,0.0
E,28,0.4,0.41,0.38,0.9979547249522991,0.0007643034402770375,0.9970871928523498,0.9971437185319749,-5.832262462657024e-05,0.9979222441989204,109.73370971679688,0.2413057366564419,53.25759868621826,0.1590204938018882,55.0,0.0,255.0,0.0,59.0,0.0,64.0,0.0,96.95,0.21794494717703367,133.6,0.4898979485566356,192.15,0.7921489758877429,69.6,0.4898979485566356,6.903377560193654,0.003397534758620379,0.014188089990057051,2.8997888957943495e-05,1.424967830882353,0.003744509621853914,0.8142746908931684,0.0004740425277151288,0.2514202252725859,0.00032740040005908275,0.9830815452268927,6.806183239278644e-05,0.48533406292541387,0.0003901524557578343,6.605356439732475,0.010911251882308503,14.0,0.0
E,29,0.4,0.41,0.39,0.998407030319318,0.0004195863772895488,0.9980994781697133,0.9984083975367809,-1.5737514343354205e-05,0.9983650740851296,109.88019256591797,0.05247050227171686,53.48580703735352,0.03302358507148528,55.0,0.0,255.0,0.0,59.0,0.0,64.0,0.0,97.0,0.0,133.95,0.2179449471770337,193.0,0.0,69.95,0.21794494717703367,6.907018773804549,0.0010791127397880391,0.014085385808721184,2.3728085350491547e-05,1.4292011335784316,0.0018760839739101044,0.8132721795916735,0.00021258363033573044,0.2511992437834482,0.00027437588665582405,0.9831703842861049,2.4226916006944553e-05,0.4867647457170764,9.65859067198485e-05,6.6226146333983635,0.003112844459356119,14.0,0.0
E,30,0.41,0.42,0.39,0.9982920790201628,0.0005299927530846071,0.9974217451299663,0.998550383272002,-3.3849938324689236e-05,0.998240336250882,109.20131072998046,0.05420765186119347,53.44993553161621,0.03055480064822419,55.0,0.0,255.0,0.0,59.0,0.0,64.0,0.0,96.0,0.0,132.6,0.4898979485566356,191.9,0.30000000000000004,68.6,0.4898979485566356,6.895847309178627,0.0008891303309770382,0.014115798333659769,1.6943111277059057e-05,1.4306602328431373,0.0025288149617685883,0.815248927523563,0.00035400360458939377,0.2510050616882674,0.00022625942449401988,0.9831356409312859,3.0027494647605013e-05,0.48946238991447055,0.00010139828344728502,6.64587222656216,0.005001324815899501,14.0,0.0
E,31,0.42,0.43,0.39,0.9982711931946013,0.0004146590390898029,0.9979047411077911,0.9980788506509324,-1.8076696353945556e-05,0.9982307599245294,109.49518127441407,0.03895971681571195,53.671719551086426,0.02140412908889763,55.0,0.0,255.0,0.0,59.0,0.0,64.0,0.0,96.2,0.39999999999999997,133.0,0.0,193.0,0.0,69.0,0.0,6.898671312213175,0.0009803533518290863,0.014075194695033133,2.4285419502052987e-05,1.4424471507352943,0.002324439438564968,0.8161548383396349,0.0005201847203647539,0.2507943864108245,0.0002281804796759169,0.9831481419993823,2.2952715523868898e-05,0.49017426101543676,8.900769491919517e-05,6.6613694945237345,0.0026005147813976666,14.0,0.0
E,32,0.42,0.43,0.4,0.9985922741812209,0.000328131639804626,0.9984409850730261,0.9985328310456726,-1.0803362214051719e-05,0.9985567930579518,109.40566329956054,0.037340312841918105,53.708397483825685,0.026772927598204578,55.0,0.0,255.0,0.0,59.0,0.0,64.0,0.0,96.0,0.0,133.0,0.0,193.0,0.0,69.0,0.0,6.8949610485266035,0.0007379922798733337,0.014110340061597526,2.049952764894211e-05,1.4389813112745098,0.0019846173113704105,0.8159646999451929,0.0002722442648321764,0.25116543675113057,0.00018081938247500653,0.9832168898645219,2.513702360304327e-05,0.4909105577762638,0.00010612478603729935,6.648230591699635,0.005958236155703597,14.0,0.0
E,33,0.42,0.44,0.4,0.9977767452267299,0.000615671344326388,0.9972068519586141,0.997546899341356,-2.0031031123821055e-05,0.9977242870980747,109.15767440795898,0.14331634526609963,53.63433265686035,0.08262813503209551,55.0,0.0,255.0,0.0,59.0,0.0,64.0,0.0,95.75,0.4330127018922193,132.55,0.49749371855331,193.25,0.6020797289396148,68.55,0.4974937185533099,6.892465498658332,0.0020804025599160123,0.014104233589023352,2.113302348715515e-05,1.4547372855392156,0.003267621139739825,0.814605779754792,0.00044447570596466135,0.2508144664417102,0.00019995067533366598,0.9829762151069759,7.247977274301002e-05,0.4913472063030545,0.00016819711073556536,6.7056593962704385,0.012572442510994073,14.0,0.0
E,34,0.43,0.44,0.41,0.9978978918084855,0.0006357225885958175,0.9969911173339123,0.9975836605325886,-3.180986536527527e-05,0.9978508424159431,109.01054382324219,0.04658090951956476,53.28910179138184,0.05463712295390901,55.0,0.0,255.0,0.0,59.0,0.0,64.0,0.0,95.0,0.0,132.0,0.0,194.0,0.0,68.0,0.0,6.8907335053052865,0.001145202296172416,0.014123521908186377,2.1954219957425402e-05,1.4675582107843137,0.0028287229955092294,0.8151816207702858,0.0004436534918696742,0.25523793169322156,0.0002668577767309374,0.9825938887680087,5.534585554326149e-05,0.48884347709839365,0.00036214584986333647,6.796426949253235,0.00845000390317458,14.0,0.0
E,35,0.44,0.45,0.41,0.9984544508384646,0.00038542014597811374,0.9982224059854795,0.9983089636396083,-1.385626666936849e-05,0.9984176071025784,109.0664176940918,0.08843449310240621,53.42642192840576,0.05926597500181462,55.1,0.3,255.0,0.0,59.0,0.0,64.0,0.0,94.95,0.21794494717703367,132.05,0.2179449471770337,194.0,0.31622776601683794,68.05,0.21794494717703367,6.894603900067478,0.0014886767140849634,0.014109170460142196,1.9546292733369705e-05,1.4702504595588235,0.001969754364238121,0.8155847908868138,0.0003660144835364318,0.25535854306767686,0.0003578331158475881,0.9826495983939632,3.5282706082152225e-05,0.4898520620522854,0.00016401480941045119,6.80000489839051,0.0077294979606532,13.95,0.21794494717703367
E,36,0.45,0.45,0.42,0.9980167057993281,0.0007133518115576913,0.9970580990038115,0.9985625770359757,-1.7307086203638007e-05,0.9979501488141092,109.67794723510742,0.22432588628000993,53.545671463012695,0.1352900380604207,56.0,0.0,255.0,0.0,59.0,0.0,65.0,0.0,95.35,0.47696960070847283,133.1,0.4358898943540674,195.55,0.5894913061275798,68.1,0.4358898943540674,6.899921431687167,0.002860426635797069,0.013889428321272134,1.961094311341885e-05,1.4729917279411766,0.0042135552109268636,0.8159918038715883,0.0007123048673073651,0.26322979134572094,0.0004376348796413656,0.9826791482801586,5.5986908984705616e-05,0.48820772711909777,0.0002814853382324047,6.780677986169431,0.012713713210882825,13.95,0.21794494717703367
E,37,0.45,0.46,0.42,0.9979181075787228,0.0006710301136618784,0.9972309624035668,0.9975698698621684,-4.591813690343887e-05,0.9978724850864668,109.78012619018554,0.14505756665079392,53.67280883789063,0.1085565242052904,56.0,0.0,255.0,0.0,59.0,0.0,65.0,0.0,95.25,0.4330127018922193,133.25,0.4330127018922193,196.05,0.49749371855331,68.25,0.4330127018922193,6.90087654621392,0.002691211119282598,0.013877568137831985,2.6274194175791924e-05,1.4802581188725494,0.0039656458327247835,0.815131757343757,0.0005009218453989621,0.26273525987200713,0.0004776148138943581,0.9826713957695997,4.9497891070656515e-05,0.4889115272266321,0.00045532445762331083,6.776564416830628,0.007265432841455634,14.0,0.0
E,38,0.45,0.46,0.43,0.9983331244860167,0.000637631818342875,0.9973573726563046,0.9973748557478871,-4.977757687961414e-05,0.9983144769392577,109.96377258300781,0.07206267158714505,53.817578125,0.0450298250947013,56.0,0.0,255.0,0.0,59.0,0.0,65.0,0.0,95.1,0.30000000000000004,134.0,0.0,197.175,0.36314597615834876,69.0,0.0,6.906728319916317,0.0014962388731886906,0.013876239187084138,1.9323448936036056e-05,1.4953117340686275,0.0022217263735880384,0.8145226211882507,0.0005580089862375331,0.2631226846725639,0.00036311850056335807,0.9825929865321787,3.841372521963963e-05,0.4894118729241569,0.00021189797911433972,6.7841958881024045,0.007314648957731125,13.35,0.47696960070847283
E,39,0.46,0.47,0.43,0.9978675073038833,0.0006928332822000699,0.9972397621200499,0.9980764260835892,-2.7343961087712513e-05,0.9978058912123878,109.76785278320312,0.07494052382638877,53.70632801055908,0.05853850508675313,56.0,0.0,255.0,0.0,59.0,0.0,65.0,0.0,95.0,0.0,133.6625,0.4628377145393404,196.675,0.4548351349665063,68.6625,0.4628377145393404,6.908056910368833,0.0013468952879356485,0.013847687398083508,1.624628706372676e-05,1.4949563419117649,0.002588720569687878,0.8138559899152868,0.0004332598024449813,0.2623080273754592,0.0004061533841668729,0.9825236797959997,4.710921958717171e-05,0.48927183138023905,0.0002942657469362879,6.792174598563409,0.004002955468128407,13.0,0.0
E,40,0.46,0.47,0.44,0.9984592641359722,0.00037360403723073,0.9982565103951723,0.9983995231448728,-9.73202063144659e-06,0.9984202905866584,109.92113800048828,0.04931390682817419,53.72094898223877,0.04032672175885006,56.0,0.0,255.0,0.0,59.0,0.0,65.0,0.0,95.0,0.0,134.0,0.0,196.8,0.4,69.0,0.0,6.9166541270089255,0.0008056347387608743,0.013773909001611174,1.3701448133686238e-05,1.4959849877450981,0.0021879424576214854,0.8133350290957756,0.00034337630391814917,0.2625305254127753,0.0003107835324611812,0.9825038997189065,4.2278179981512296e-05,0.4887225840720667,0.00017267294032899397,6.776163542838364,0.007343687600371059,13.2,0.39999999999999997
E,41,0.47,0.48,0.44,0.9984714292470789,0.00045683652686539627,0.9976921584098348,0.9977231550908175,-3.1351631910163104e-05,0.9984508951260879,109.9481414794922,0.12724913789616604,53.756112289428714,0.08181082238622246,56.0,0.0,255.0,0.0,59.0,0.0,65.0,0.0,95.0,0.0,133.6,0.4898979485566356,197.3,0.6403124237432849,68.6,0.4898979485566356,6.914717574466801,0.0023815698011313813,0.01381306170951575,2.2350691713132567e-05,1.502162224264706,0.0031280144946950503,0.8131560598259885,0.0003536535176141077,0.2621226524430232,0.00038621365511406824,0.9824646316652347,4.213039396183248e-05,0.488922225772665,0.0001896025168326377,6.77428406812939,0.009611022762285976,13.5,0.5
E,42,0.47,0.48,0.45,0.9984767145044005,0.00038882500832744564,0.9981057505759577,0.9981057505759577,-1.5181621253975297e-05,0.9984463902526068,109.95387496948243,0.033952938492892396,53.78082790374756,0.022936347457554955,56.0,0.0,255.0,0.0,59.0,0.0,65.0,0.0,95.0,0.0,134.0,0.0,197.0,0.0,69.0,0.0,6.915466333586034,0.0006544272751276163,0.013806983898393809,1.4669032449992901e-05,1.5066015624999998,0.0020517039861384766,0.8132240976659894,0.0003481655740960389,0.2622437273725817,0.0003679228115807296,0.9824339973291083,2.1203391965818825e-05,0.48912170035300556,7.94294103638555e-05,6.773758710815812,0.0022800246573553137,13.65,0.47696960070847283
E,43,0.47,0.49,0.45,0.9985919621833614,0.00032924142150049464,0.9983930559387162,0.9984050299549969,-1.3691441227190079e-05,0.998559827825749,110.21008605957032,0.051920351423590326,53.86493339538574,0.03450020469738305,56.0,0.0,255.0,0.0,59.0,0.0,65.0,0.0,96.0,0.0,134.0,0.0,197.025,0.10897247358851683,69.0,0.0,6.923049485884715,0.0011697209157195115,0.0137479308526963,2.064197131148073e-05,1.508802849264706,0.0015949426148351442,0.8117462788800323,0.00032224548940340336,0.26219945455413435,0.00034619151270703474,0.9824502089840733,2.5699584051103365e-05,0.48874773183688563,0.00010585088360926289,6.767343446383924,0.0034505393529712515,13.55,0.49749371855331004
E,44,0.48,0.49,0.46,0.9984583503975981,0.00041142822056043605,0.9979918013331557,0.9985974038110088,-6.810512408884242e-06,0.9984141213708401,109.19712371826172,0.07418936428460428,53.64268074035645,0.046765568442021004,55.0,0.0,255.0,0.0,59.0,0.0,64.0,0.0,95.0,0.0,133.0,0.0,195.15,0.3570714214271425,69.0,0.0,6.91031600442941,0.001250977279612933,0.014093432389199734,2.5853975388573046e-05,1.5019967830882355,0.002449478107883762,0.8118313320200696,0.00044061955164089773,0.25161902542339437,0.00023774380548318965,0.9824095011457163,2.4214545273499332e-05,0.4912462254824693,0.00013828474225489602,6.767961864485265,0.005891695548797232,13.55,0.49749371855331004
E,45,0.49,0.5,0.46,0.9985948022591179,0.0003314364741401029,0.9984045499013988,0.9984045499013988,-1.5345726660858652e-05,0.9985628300121662,109.30911254882812,0.04762946792144025,53.72596073150635,0.03384746502489177,55.0,0.0,255.0,0.0,59.0,0.0,64.0,0.0,95.0,0.0,133.0,0.0,195.725,0.43229041164476456,69.0,0.0,6.9094079264266055,0.000867649559763763,0.014136367244645953,2.399847807086926e-05,1.5014361213235294,0.0019919745826696205,0.8116325053913307,0.0002038866610619605,0.25136663189127056,0.00026380424609183834,0.982477121936762,3.5577539632408564e-05,0.4915048274023433,0.00010919964148734787,6.748918078219636,0.00420724405450903,14.0,0.0
E,46,0.49,0.5,0.47,0.9979282407727676,0.0006000326266494542,0.9974497113820622,0.9974497113820622,-3.520298861758922e-05,0.9978863136717802,109.60342254638672,0.04163131564962074,53.77398338317871,0.015176219692786914,55.0,0.0,255.0,0.0,59.0,0.0,64.0,0.0,96.0,0.0,133.0,0.0,196.6,0.4898979485566356,69.0,0.0,6.907562656755478,0.0010278910148511736,0.014113551937043667,2.7825506949806236e-05,1.4900467218137254,0.002169459882119785,0.8112297720528071,0.0004937190124667818,0.25083896997242927,0.00028602699859230096,0.9826353387111293,2.8333460019089293e-05,0.4906232537533722,0.0001546395111618735,6.689017079878832,0.004808487588642446,14.0,0.0
E,47,0.49,0.51,0.47,0.9982354013462306,0.0005535935586484387,0.9975031995628941,0.9975493849102963,-4.196684218000763e-05,0.9982070176036295,109.54740753173829,0.07739747674222404,53.69810733795166,0.06685894565704757,55.0,0.0,255.0,0.0,59.0,0.0,64.0,0.0,96.0,0.0,133.0,0.0,196.55,0.49749371855331,69.0,0.0,6.906907167820107,0.001127655800310361,0.014119854453019798,1.9876461711393274e-05,1.4862300857843134,0.002877056423657105,0.8109349404307908,0.0003599082937394527,0.2506559133901667,0.0002606843378848484,0.9826279018894304,6.031623387841647e-05,0.4901812798449844,0.0002884844373693556,6.689916136990033,0.007524442752358054,14.0,0.0
E,48,0.5,0.51,0.47,0.9986042689018385,0.0003283251790345288,0.9984315411455976,0.9984315411455976,-1.5512880742578905e-05,0.9985720846033405,109.46820907592773,0.04674368870968827,53.69774875640869,0.031029987551367696,55.0,0.0,255.0,0.0,59.0,0.0,64.0,0.0,95.0,0.0,133.0,0.0,196.3,0.45825756949558405,69.0,0.0,6.909654542723419,0.000742030764071895,0.014104715688154102,2.3480018609281148e-05,1.5005369178921568,0.0028050681348262647,0.8116315591359538,0.00032424174219472616,0.2508935854382718,0.0002779747215837184,0.9824574065176266,2.598112375362768e-05,0.4905327874012494,9.666625377774438e-05,6.723703054197967,0.003766974685445671,14.0,0.0
E,49,0.5,0.51,0.48,0.9983982359743374,0.00041136417846396377,0.9979812642519147,0.9979812642519147,-1.973024021821075e-05,0.998367057229489,109.40754318237305,0.04887686892220202,53.58166847229004,0.03186582279683149,55.0,0.0,255.0,0.0,59.0,0.0,64.0,0.0,95.0,0.0,132.85,0.3570714214271425,196.8,0.4000000000000001,68.85,0.3570714214271425,6.908698986169152,0.000858098707627491,0.014107891730964184,2.244460014720107e-05,1.4879787071078434,0.0028152531477755554,0.811196929012613,0.00034493741407410125,0.2507092607381575,0.0002508478877169677,0.9825333625881821,5.024090411419077e-05,0.489743795733838,0.00010089245479072352,6.72141757410702,0.0031622001397228635,14.0,0.0
E,50,0.5,0.52,0.48,0.9983962953042411,0.0004394677188882501,0.9979636568985454,0.9979636568985454,-3.0974122235288154e-05,0.9983654777702659,109.4541000366211,0.1226724716696497,53.6147741317749,0.07796495876293312,55.0,0.0,255.0,0.0,59.0,0.0,64.0,0.0,95.3,0.45825756949558394,132.6,0.4898979485566356,196.6,0.4898979485566356,68.6,0.4898979485566356,6.9072142003138355,0.001359390305281434,0.01412779544480145,1.9828359891524406e-05,1.4942509191176472,0.002223060095029406,0.811125996051296,0.000474482644614678,0.2508518918285578,0.00025819861673507567,0.9824806607121561,5.276937279568571e-05,0.48983779352510287,0.00018284497348785452,6.724396863244886,0.009720935128383283,14.0,0.0
E,51,0.5,0.52,0.49,0.99828491603063,0.00045190163747577957,0.9977631488659912,0.9982709253570251,-1.2958324492745056e-05,0.998240150417557,109.80259704589844,0.0632106137687018,53.73441619873047,0.037224265789949924,55.0,0.0,255.0,0.0,59.0,0.0,64.0,0.0,96.4,0.4898979485566356,133.0,0.0,197.15,0.3570714214271425,69.0,0.0,6.904985569371848,0.0010615361033993688,0.014090348151512444,1.535775835243858e-05,1.4959145220588232,0.002078716296651251,0.8112358960109001,0.0003561383777448749,0.25051338138483825,0.00016291245130970592,0.9825478221891176,2.690563559377954e-05,0.48937287944262,8.85573287585201e-05,6.68351431990659,0.005060779578790604,14.0,0.0
E,52,0.51,0.52,0.49,0.9980167691613844,0.0005282978269861969,0.9975471725534624,0.9976159259883429,-3.1243951384091115e-05,0.9979751273806851,110.1062515258789,0.04532823815988297,53.95795440673828,0.019689960451643094,55.0,0.0,255.0,0.0,59.0,0.0,64.0,0.0,97.0,0.0,133.1625,0.3559757716474536,198.0,0.0,69.1625,0.3559757716474536,6.905176662220365,0.0011206031173601077,0.014198792050592601,2.4985017764917923e-05,1.4857506127450981,0.0028531806186790237,0.8105924338255823,0.0004827333837065764,0.25051070057635433,0.0002487118101349569,0.9828078654901711,2.9683985445237117e-05,0.4900535233484054,9.967969767828388e-05,6.63896823535053,0.0033714159484859664,14.0,0.0
E,53,0.51,0.52,0.5,0.9982774991525893,0.00044775752009133373,0.9976588310066575,0.9984600180643134,-1.0223058064099773e-05,0.9982273670536382,109.82876739501953,0.058423301796268264,53.728271293640134,0.04574097346648331,55.0,0.0,255.0,0.0,59.0,0.0,64.0,0.0,97.0,0.0,132.15,0.3570714214271425,197.15,0.3570714214271425,68.15,0.3570714214271425,6.898067839252198,0.0009322008134392664,0.014215902728028595,2.068012497143567e-05,1.485803462009804,0.003179103785830857,0.8120048799486905,0.00040615584654306146,0.2508573707081137,0.00024417548054310245,0.9826614442785626,4.016091184736804e-05,0.4892002881931604,0.00021593140741244118,6.663032567861104,0.005758623579481621,14.0,0.0
E,54,0.52,0.53,0.5,0.9979673578006375,0.0006700169991483015,0.9972764113450879,0.9973694836637913,-3.708260721597505e-05,0.9979296007463342,110.25479431152344,0.11394285443024613,53.8563325881958,0.07601879588966322,55.0,0.0,255.0,0.0,59.0,0.0,64.0,0.0,97.1,0.30000000000000004,132.9,0.30000000000000004,197.75,0.4330127018922193,68.9,0.30000000000000004,6.900282135107608,0.001458855943827744,0.014267864497378468,2.3365712010182534e-05,1.494859068627451,0.0052269940361024956,0.8112248469492995,0.0006268575226070625,0.2511857785971747,0.0003370166931653613,0.9826341970870791,3.6786710072694514e-05,0.4884713925311888,0.00021543080517662233,6.649016936652268,0.006524642026933088,14.0,0.0
E,55,0.52,0.53,0.51,0.9980902136035716,0.0007424582109725938,0.9966208165783644,0.9982633575934229,-3.3657685341948096e-05,0.9980353996460115,109.87244873046875,0.10386857852545912,53.56086673736572,0.05990408519598123,55.0,0.0,255.0,0.0,59.0,0.0,64.0,0.0,97.0,0.0,132.0,0.0,196.3,0.45825756949558405,68.0,0.0,6.893900834852907,0.0017959705278007352,0.014286254439502955,3.085892688976596e-05,1.4948100490196077,0.003017923567785557,0.8118504661392546,0.0005577587689384193,0.25154105447789255,0.0002899927086865131,0.9824442608796871,5.209626612875706e-05,0.4874821752201929,0.00016654258813731103,6.678799146584547,0.006510478542081076,14.0,0.0
E,56,0.52,0.54,0.51,0.9983637714432032,0.00047361069563225206,0.9977842960873186,0.9983673768335893,-2.788922046860342e-05,0.9983206179182511,110.40752334594727,0.07761171773233787,53.92802104949951,0.04866738264956573,55.0,0.0,255.0,0.0,59.0,0.0,64.0,0.0,97.95,0.21794494717703367,132.3,0.45825756949558405,198.4,0.4898979485566356,68.3,0.45825756949558394,6.898902966106464,0.0011578298180268047,0.014280739775858819,2.218978268910064e-05,1.5069477634803923,0.004916824783038766,0.8117636051894092,0.0003018022842594909,0.2512117378206298,0.00026302146160552204,0.9825506151310434,3.8233714501446145e-05,0.4884451016658563,0.00011707486564511219,6.635603357849957,0.004696786902731114,14.0,0.0
E,57,0.53,0.54,0.51,0.9982752489926933,0.0005920555492790437,0.9971935066642605,0.9972285625390725,-2.1019549446979498e-05,0.9982574051886226,109.25879516601563,0.06266547875473849,53.572258949279785,0.052857378961802794,55.0,0.0,255.0,0.0,58.0,0.0,63.6,0.4898979485566357,96.0,0.0,130.1,0.3,195.925,0.23848480035423641,66.5,0.5916079783099616,6.892813959496358,0.0016204020675847336,0.014055833220481873,1.4493710845409257e-05,1.510353094362745,0.0025926625357971605,0.8148606233323445,0.000373724203806241,0.24963046041586884,0.00023137339406357926,0.982284168050712,3.497889042068212e-05,0.49032434275885156,0.0002165722145998468,6.69374469212957,0.007805056976811288,14.0,0.0
E,58,0.54,0.55,0.52,0.9983685858674616,0.00045757284281990285,0.9974681173785278,0.9983094992463089,-2.2286020906337113e-05,0.998327208827662,109.4348014831543,0.06111830869804464,53.63485832214356,0.03461132122874427,55.0,0.0,255.0,0.0,58.0,0.0,64.0,0.0,96.2,0.4,130.55,0.49749371855331,196.0,0.0,66.55,0.4974937185533099,6.8936286142043475,0.001370195101868886,0.014071187400259078,1.650203776166779e-05,1.5179679840686275,0.0035061506450243447,0.815111732585677,0.0003600255565530987,0.24993813289310157,0.0002619480298758487,0.9822280931008812,4.050066745804245e-05,0.4901078628925501,0.00010198259136920863,6.682631208846379,0.0035643956859687733,14.0,0.0
E,59,0.55,0.56,0.53,0.9979768918547489,0.0006386179465562229,0.9974298346585296,0.9974332208593931,-9.372241876161945e-06,0.9979379592981462,109.49868698120117,0.10669846469118928,53.73946208953858,0.0789735573914427,55.0,0.0,255.0,0.0,58.0,0.0,64.0,0.0,96.3,0.45825756949558394,131.0,0.0,196.625,0.4710360920354193,67.0,0.0,6.896981753185202,0.0014709396519283454,0.014050016039982438,2.088114956400352e-05,1.5166842830882352,0.002891239364291305,0.8147055428604253,0.0003687264973665846,0.24966116498788654,0.00018346310147037076,0.9823073871076486,4.2329304372081264e-05,0.4907770215268992,0.00029773887772298243,6.669588151359531,0.0030644703322999256,14.0,0.0
E,60,0.56,0.56,0.53,0.9984590848982393,0.00042816908534244324,0.9979541589619861,0.9986010226092338,-2.513384604534945e-06,0.9984147992978774,108.89293823242187,0.040204488663316815,53.75834903717041,0.03063733002059699,54.7,0.45825756949558394,255.0,0.0,58.0,0.0,63.0,0.0,95.0,0.0,132.0,0.0,195.0,0.0,69.0,0.0,6.892737625839101,0.0009499257494847428,0.014358778763562442,2.4828056380205253e-05,1.5307306985294116,0.002899180865326063,0.8152412069755902,0.00046156187073242343,0.24760433632719084,0.00026871070909299355,0.982140419993159,4.5667620273590976e-05,0.49368073991634054,0.0001459653160599061,6.712008790979001,0.005689796113988554,14.0,0.0
E,61,0.56,0.57,0.54,0.9983483045862463,0.0005096344333765317,0.9974013983933082,0.9982585161741552,-2.170264848898956e-05,0.9983072017703869,108.83484954833985,0.04218277322484417,53.67488403320313,0.0373698295858625,54.85,0.3570714214271425,255.0,0.0,58.0,0.0,63.0,0.0,95.0,0.0,132.0,0.0,195.0,0.0,69.0,0.0,6.896084479878129,0.0008243887762612974,0.014168339897878468,1.3864911086908103e-05,1.523286611519608,0.005971100522283333,0.8168381806929146,0.00046125615041159453,0.24927635900115033,0.00026526802560483947,0.982175706809018,7.57309168628429e-05,0.4931773124933484,0.00017933098829058303,6.711654909162263,0.008750543797913624,14.0,0.0
E,62,0.57,0.57,0.54,0.9983735822119358,0.0004067531304036351,0.9979176220427455,0.9981481101276588,-1.5622649945845828e-05,0.9983367152197045,109.43184356689453,0.06010247699422264,53.77762870788574,0.03676411316470744,55.0,0.0,255.0,0.0,59.0,0.0,64.0,0.0,95.55,0.4974937185533099,133.0,0.0,196.1,0.30000000000000004,69.0,0.0,6.902044063740291,0.0012308327926502482,0.01398914356250316,1.721295202616678e-05,1.5223215379901958,0.0032577260123894847,0.8166002756219148,0.000364544004762717,0.2500046725864815,0.0002237745692669757,0.9822658745949898,2.886809511590284e-05,0.4914257454677685,9.719242613208018e-05,6.693241610057614,0.0027494710774860695,14.0,0.0
E,63,0.58,0.57,0.54,0.9984276883373951,0.0003980631281385166,0.9981306681004488,0.9982203025351263,-8.018580378656875e-06,0.9983917692357811,109.47938842773438,0.04813398943155474,53.74469356536865,0.03901153602834575,55.0,0.0,255.0,0.0,59.0,0.0,64.0,0.0,95.8,0.39999999999999997,133.0,0.0,196.0,0.0,69.0,0.0,6.901377771906169,0.0011933038098477303,0.01409820131957531,2.8935796918197637e-05,1.5171323529411764,0.0015584202191875759,0.8164230773456801,0.00031939592600617147,0.250162055323859,0.0002194786985269182,0.9823038153793782,2.783951675792305e-05,0.49091146939613967,0.00015971417179673586,6.6917057228746675,0.004899123176546176,14.0,0.0
E,64,0.58,0.58,0.54,0.9982750788383947,0.0004940842579778129,0.9977924772621419,0.997996310254826,-2.679002468200116e-05,0.998237022191578,109.85904922485352,0.06537189320224875,54.08804340362549,0.043031596143553855,55.0,0.0,255.0,0.0,59.0,0.0,64.0,0.0,95.75,0.4330127018922193,134.0,0.0,197.425,0.48153400710645555,70.0,0.0,6.909959607095644,0.0013600383334454538,0.01399420015513897,2.8918259619962034e-05,1.5141482843137255,0.0015430686942486155,0.8162020440941639,0.0006188720034057489,0.24963795341204248,0.00024175893768502992,0.9825645094639428,2.1737575882041905e-05,0.4923403137713155,0.00016124784089881293,6.652804161257014,0.004699736772340081,14.0,0.0
E,65,0.59,0.58,0.55,0.9984334247343745,0.00048136769465391703,0.9976899972307695,0.9976899972307695,-2.970336404830141e-05,0.998411762951137,108.96779861450196,0.029719402978616697,53.99714336395264,0.016336038488760703,54.8,0.39999999999999997,255.0,0.0,58.0,0.0,63.0,0.0,94.0,0.0,133.0,0.0,197.0,0.0,70.0,0.0,6.8993030713370755,0.0008134832844431265,0.014254447259008884,2.083174159757368e-05,1.513910079656863,0.0030324478606706517,0.8180410828584745,0.0003570527916637649,0.24893961996726216,0.0002691010528260275,0.982495077466972,3.65477959423301e-05,0.4955330349241316,9.798060542545026e-05,6.684328153771465,0.002462968669078242,14.0,0.0
E,66,0.6,0.59,0.56,0.9980964941358748,0.0004887062042285739,0.99779389576479,0.997912845969848,-1.2554422612102372e-05,0.9980512347227405,108.78616561889649,0.029541912646506695,53.923798179626466,0.025758234695531942,54.7,0.45825756949558394,255.0,0.0,58.0,0.0,63.0,0.0,94.0,0.0,133.0,0.0,196.15,0.3570714214271425,70.0,0.0,6.895105882436985,0.0007566676801382622,0.014320397493429482,2.2954646989906512e-05,1.5069010416666664,0.0013466241110234134,0.8170557145021957,0.0003373791480077695,0.24915932492724185,0.00021697517747208878,0.9825300272959337,2.6240387001349305e-05,0.4956861715514954,0.0001894306373998809,6.691670807228988,0.0039550710999150555,14.0,0.0
E,67,0.61,0.59,0.57,0.9986768967968936,0.00031309510951397975,0.9983699075940528,0.9983699075940528,-1.5146925610711369e-05,0.9986501569547552,109.67737426757813,0.04662204913849229,54.451886367797854,0.027210407962464378,55.0,0.0,255.0,0.0,58.0,0.0,63.0,0.0,95.0,0.0,134.85,0.3570714214271425,198.775,0.40233692348577704,71.85,0.3570714214271425,6.910212553838946,0.0009327850382975756,0.014087687199935316,1.781268461657729e-05,1.5024448529411762,0.002025707631434586,0.8161728150940405,0.00021166084523105227,0.24905559210660672,0.00024649663291813535,0.982921522521244,1.838086605172892e-05,0.4964732770503745,9.185363954035316e-05,6.631826407350715,0.0035934085756729535,14.0,0.0
E,68,0.61,0.6,0.57,0.9984125493336349,0.00041041887267453947,0.9977037830490001,0.9984157050415446,-1.0440063058702221e-05,0.9983706912711275,109.35168380737305,0.04755967618618101,54.21990032196045,0.04138883552379728,55.0,0.0,255.0,0.0,58.0,0.0,63.0,0.0,94.0,0.0,134.0,0.0,196.95,0.2179449471770337,71.0,0.0,6.908286745362633,0.000757936970814963,0.014090427430346608,1.4158429578635729e-05,1.5041536458333333,0.0015301635413496988,0.8174099755485111,0.0004024793756429564,0.24920054123059576,0.0001642608621578307,0.9827591844606625,2.922450109913591e-05,0.4958304430827953,0.00019466846180281558,6.668063448014832,0.005064006497296273,14.0,0.0
E,69,0.61,0.6,0.58,0.9982702837199329,0.0004741799826360021,0.9973400653485529,0.9982456649417224,-1.4070633660445944e-05,0.9982254127330155,109.52284622192383,0.02921416563319637,54.34938259124756,0.01711131851861957,55.0,0.0,255.0,0.0,58.0,0.0,63.0,0.0,94.05,0.21794494717703367,134.7,0.45825756949558405,197.25,0.4330127018922193,71.7,0.45825756949558394,6.910422429505677,0.0008148866196219457,0.014077817252837122,2.129260125664358e-05,1.5027627144607845,0.002234568648423828,0.8166018127977072,0.00046054669754298213,0.24925329932158258,0.00017574289161126813,0.9828555206405148,2.5143325953010012e-05,0.4962378596181944,9.314973776215703e-05,6.651862517038223,0.0027750285842259295,14.0,0.0
E,70,0.62,0.59,0.58,0.9981724366487459,0.0005216648452655426,0.9971931014188151,0.9982327554283166,-8.149294354870445e-06,0.9981227555400137,109.33393325805665,0.040229826814498555,54.195742797851565,0.03792499866156039,55.0,0.0,255.0,0.0,58.0,0.0,63.0,0.0,95.0,0.0,133.0,0.0,198.35,0.47696960070847283,70.0,0.0,6.907605477187069,0.000731932126825275,0.014073102478869259,1.5066703256878109e-05,1.4969362745098038,0.0035222851311235938,0.8153800988548809,0.0004182684203472175,0.24949200535425095,0.0001437578776006189,0.9828226182781545,4.20129333427943e-05,0.495690009667028,0.000217922529167879,6.647235760692081,0.0034994726284419656,14.0,0.0
E,71,0.63,0.6,0.59,0.998481311704815,0.0003880102030883579,0.9981771286443647,0.9983008501669407,-1.9305629168939654e-05,0.9984460952111753,109.59678344726562,0.08735234993828002,54.38482475280762,0.06337045925317733,55.0,0.0,255.0,0.0,58.0,0.0,63.0,0.0,95.0,0.0,133.9,0.30000000000000004,199.0,0.0,70.9,0.30000000000000004,6.913563036777215,0.0015390726984706997,0.014046808541752397,1.8163210877173273e-05,1.4982598039215689,0.00312906130268447,0.8153800357542851,0.0003933243925892871,0.24940253546554328,0.00024401152948009828,0.9829238022572367,2.5091969142344237e-05,0.49622632872925215,0.00019909648623710912,6.629029548055558,0.00673424715968575,14.0,0.0
E,72,0.64,0.61,0.6,0.9978059317241756,0.0006248923856915446,0.996916993133913,0.996916993133913,-2.3818387180868843e-05,0.9977715862061084,109.5129493713379,0.02719361619546205,54.419793891906735,0.02126345442491372,55.0,0.0,255.0,0.0,58.0,0.0,63.0,0.0,95.0,0.0,134.0,0.0,198.45,0.49749371855331,71.0,0.0,6.910416786062437,0.0011766135081738582,0.014066339936107397,1.972339751309823e-05,1.493561580882353,0.003150569486913423,0.8166939232893624,0.0003394346103477134,0.2496021747661384,0.00015552595461459814,0.9830009697147917,4.263049396399916e-05,0.49692564807307127,0.000132133722481257,6.623539819057929,0.004480339729614578,14.0,0.0
E,73,0.64,0.61,0.61,0.998234995435068,0.0005292198902430214,0.9976535397372176,0.9976675715488043,-4.0412860213466334e-05,0.9982034801540243,109.4338264465332,0.05269455463165421,54.3783821105957,0.03436165481667778,55.0,0.0,255.0,0.0,58.0,0.0,63.0,0.0,94.575,0.48153400710645555,134.0,0.0,197.975,0.10897247358851683,71.0,0.0,6.908830850768399,0.0012148523951743223,0.014086664258502423,1.8601409634947823e-05,1.4918382352941177,0.0014791132345321313,0.8170123812656632,0.00018404587041560434,0.24975467152195815,0.000184348359927257,0.9829987937226227,2.7843809229702607e-05,0.4969064890196734,9.152422178598477e-05,6.62244888045317,0.0031315193423041543,14.0,0.0
E,74,0.65,0.61,0.61,0.9980825675738625,0.0006434388541672936,0.9972416673068301,0.9983745274464788,-2.6275335166368056e-06,0.9980244256712374,109.17091369628906,0.06691999681628516,54.23612403869629,0.048853567029252504,55.0,0.0,255.0,0.0,58.0,0.0,63.0,0.0,94.0,0.0,133.95,0.2179449471770337,196.425,0.48153400710645555,70.95,0.21794494717703367,6.908029404333263,0.0013924178310410844,0.014084035367704927,2.1366733128592222e-05,1.4836688112745098,0.002938046853495575,0.8181357206752515,0.0004598903225227278,0.2499684449722718,0.0002146200931693026,0.9830081347567416,3.09470606931135e-05,0.49680007117207614,0.00022303404880861627,6.6517136249879965,0.004930581759385678,14.0,0.0
E,75,0.66,0.62,0.62,0.9984501195227855,0.00040633464895756217,0.9980831610864516,0.9984406520502236,-6.321844004617393e-06,0.9984095823384262,109.57135467529297,0.04087844800191037,54.52809562683105,0.030414588664594754,55.0,0.0,255.0,0.0,58.0,0.0,63.0,0.0,94.0,0.0,134.3125,0.45328660911171864,197.85,0.3570714214271425,71.3125,0.45328660911171864,6.91650481171966,0.00106255099983103,0.01399955975357443,1.5947616156306442e-05,1.4894661458333334,0.0016540732664217968,0.8161552436318091,0.00033631894796056606,0.24824065114514346,0.0002540684114107684,0.9831299494824126,2.8652078710399627e-05,0.49764916266854237,0.00013373791004219558,6.628115014022815,0.0036491874724480376,14.0,0.0
E,76,0.67,0.63,0.63,0.9984540020948562,0.00043196389896313543,0.9977536563808959,0.9984886623205007,-2.5058961877601037e-05,0.99841240582823,109.60272369384765,0.058298531905030065,54.59119415283203,0.029339799157161,54.95,0.21794494717703367,255.0,0.0,58.0,0.0,63.0,0.0,94.0,0.0,135.0,0.0,197.4,0.4898979485566356,72.0,0.0,6.9180618204198865,0.00115600712576294,0.013990114303305745,1.8154456672512495e-05,1.4797954963235296,0.0026197427195132623,0.8156862347063459,0.0003589787514779436,0.2478222952276675,0.00021748808363912582,0.9832737841512944,2.7315585942985746e-05,0.49808248120109555,0.00015290645140779945,6.6190777340242235,0.004041823062947028,14.0,0.0
E,77,0.68,0.63,0.63,0.9978913612179298,0.000641140868830319,0.9973719588523612,0.9973849700554437,-4.6729169231327945e-05,0.997849196806862,109.26680526733398,0.07674894388955233,54.686756706237794,0.05850835610392218,54.0,0.0,255.0,0.0,58.0,0.0,63.0,0.0,94.0,0.0,134.85,0.3570714214271425,197.0,0.5477225575051661,71.85,0.3570714214271425,6.916208290513877,0.0012797076066988265,0.014242612291127443,2.5482624170619264e-05,1.492696844362745,0.0019221421294580608,0.8128363638057513,0.00043380416740970874,0.2415943122945549,0.00034933330291670166,0.9831945843529482,3.908821216213665e-05,0.5004881695806404,0.0002024355531330429,6.634146361322216,0.006481682263974852,14.0,0.0
E,78,0.69,0.64,0.64,0.9978677619893419,0.0006949326352579678,0.9972783012020491,0.9975512539152919,-6.51837032826429e-06,0.9978199796225631,108.99200820922852,0.11074250941454725,54.574314498901366,0.1127316078614794,54.0,0.0,255.0,0.0,58.0,0.0,63.0,0.0,93.15,0.3570714214271425,134.3,0.45825756949558405,196.15,0.7262919523166974,71.3,0.45825756949558394,6.910534413850508,0.0012981725164423633,0.014308472932316362,1.9540487127152136e-05,1.4821875,0.0015379825672610507,0.8136098249838641,0.0005504787347362636,0.24223466091310794,0.00038393054140970184,0.9832424366319893,7.147246069045407e-05,0.5007179901214116,0.0005513831695103576,6.64126160536736,0.016139199687971107,14.0,0.0
E,79,0.69,0.64,0.65,0.998118744062074,0.0005892347011895797,0.9976415863165891,0.9976727540174394,-4.31910432496961e-05,0.9980809739069609,109.48109359741211,0.08299110152875985,54.92034854888916,0.05693607160678781,54.0,0.0,255.0,0.0,58.0,0.0,63.0,0.0,94.0,0.0,135.0,0.0,197.6,0.4898979485566356,72.0,0.0,6.918273748992806,0.0014633626077580144,0.014237248012796045,2.405435981711723e-05,1.4862025122549019,0.0018988432031239598,0.8120603087551647,0.0003758701449328859,0.24127381555657715,0.0004439942116529497,0.9834068667266415,3.6155011602083154e-05,0.5016422085226291,0.00015954938397654122,6.619350375155923,0.0070636997034880696,14.0,0.0
E,80,0.69,0.64,0.66,0.9983422955735264,0.0004164911651410344,0.9980235090137982,0.9984332178918678,-1.5446628665693963e-05,0.9982962790802156,109.40808181762695,0.08472519778982858,54.94193077087402,0.05205296109466684,54.0,0.0,255.0,0.0,58.0,0.0,63.0,0.0,94.0,0.0,135.0,0.0,198.0,0.0,72.0,0.0,6.917541122972946,0.0013867068602394423,0.014270178670994938,2.1441756624647586e-05,1.4800076593137255,0.002744488902320703,0.8115025023708379,0.00044589852514522116,0.2416534741309586,0.00044623406311537507,0.983488153286596,2.8050180174595588e-05,0.5021742842729123,0.0001545838233784413,6.606533816065917,0.003193862845897723,14.0,0.0
E,81,0.7,0.65,0.67,0.9980271506063815,0.0005512214420136912,0.9975769568249061,0.997822241872903,-1.3047870274907835e-05,0.9979806258521412,108.9585678100586,0.056760027853524526,54.73901557922363,0.023090139246474843,54.0,0.0,255.0,0.0,58.0,0.0,63.0,0.0,93.175,0.3631459761583487,134.0,0.0,198.0,0.0,71.0,0.0,6.909600005681176,0.0011612552933939117,0.014342390303499996,2.3587015037204795e-05,1.4616544117647057,0.0029635807983512913,0.812178069758278,0.00028558460768708107,0.24327103449823295,0.0004554397662224641,0.9835715664457657,4.071815313824254e-05,0.5023838047898497,0.00012608744999342071,6.613219950900097,0.0059963352120168695,14.0,0.0
E,82,0.7,0.65,0.68,0.9979265894437039,0.0006338269991441657,0.9970544512823307,0.9975684098034732,-1.6751663832882892e-05,0.9978814517879918,109.17579650878906,0.06576874761969302,54.91309070587158,0.030159404197845876,54.0,0.0,255.0,0.0,58.0,0.0,63.0,0.0,93.95,0.21794494717703367,133.95,0.2179449471770337,199.0,0.0,70.95,0.21794494717703367,6.912656271104093,0.0015115575892729921,0.014325365494005381,2.7325798894882668e-05,1.46601256127451,0.0026588482137797783,0.810919928954115,0.00048050454593547194,0.2429193757396531,0.0005175123474147587,0.9836304372584612,3.380860664284324e-05,0.5029786449110285,0.00012867021454826053,6.603200759530269,0.005481844418811622,14.0,0.0
E,83,0.71,0.65,0.68,0.9978787419725921,0.0007573390704186621,0.9971096863672789,0.9971096863672789,-5.9122482028236954e-05,0.9978431576983003,109.13181228637696,0.12325581194126944,54.8756742477417,0.08088043960499337,54.0,0.0,255.0,0.0,58.0,0.0,63.0,0.0,93.8,0.39999999999999997,133.8,0.4000000000000001,198.775,0.4023369234857771,70.8,0.39999999999999997,6.913816166390452,0.002472777760235147,0.014287131768651307,2.5719828354099603e-05,1.4724747242647058,0.002481226494795167,0.8115618261469228,0.0004324456563361854,0.24271205972400506,0.00039513641818744857,0.9835384129925598,4.7822121973274956e-05,0.502838294937473,0.00020980687620508878,6.614339820325057,0.006920484855289901,14.0,0.0
E,84,0.71,0.65,0.69,0.99831571444319,0.0004326533329610391,0.9979462694850957,0.9983445728591752,-1.4679060098609265e-05,0.9982706317070374,108.85592803955078,0.06502954569845033,54.67965965270996,0.04476686520354101,54.0,0.0,255.0,0.0,58.0,0.0,63.0,0.0,93.15,0.3570714214271425,133.0,0.0,198.175,0.3631459761583488,70.0,0.0,6.909890999218054,0.0009987997055617382,0.014306586235761642,2.3829934706508863e-05,1.4652045036764705,0.0021971711664438374,0.8120308842711363,0.0002446586199168477,0.24312916140826588,0.00033487919895553727,0.9834986223240975,4.3926187126999076e-05,0.502312127828947,0.00012707206073484683,6.640518149553765,0.006763620887993082,14.0,0.0
E,85,0.72,0.66,0.7,0.9980360603749283,0.0006081096339643923,0.9970174587465369,0.9975053774958862,-3.2550398051236685e-05,0.9979983430921116,108.95839157104493,0.03334178416481947,54.82519874572754,0.022725645547389036,54.0,0.0,255.0,0.0,58.0,0.0,63.0,0.0,93.05,0.21794494717703367,133.0,0.0,199.0,0.0,70.0,0.0,6.910017190026832,0.0008783696139717316,0.014326918241567909,2.2128887638864367e-05,1.4582414215686275,0.0023902998963207475,0.8108782950403131,0.000408731604835456,0.24287117938455757,0.00045540981869737437,0.983663163356027,2.8542742411369813e-05,0.5031755429886311,0.00010698271386644342,6.6140761582772924,0.004374222741370958,14.0,0.0
E,86,0.72,0.67,0.71,0.9984497677583098,0.00038248463889514674,0.9980180612230126,0.9982241153303875,-1.8655718480852833e-05,0.9984149103947633,109.12680511474609,0.1458574420570887,54.96924667358398,0.1122378861777849,54.0,0.0,255.0,0.0,58.0,0.0,63.0,0.0,93.95,0.21794494717703367,133.15,0.3570714214271425,199.8,0.6000000000000001,70.15,0.3570714214271425,6.911988193172941,0.0022621183179327123,0.01431392841041088,2.7722870651693363e-05,1.458802849264706,0.0029169750946237104,0.810290159016058,0.0006707910108739156,0.2426112173710774,0.00046297306377936475,0.9837427477785565,5.726358654758531e-05,0.5037185467350265,0.0003652557994144525,6.600258188387362,0.013383839688995421,14.0,0.0
E,87,0.72,0.67,0.72,0.9984480163810726,0.00038316415795422464,0.9980963277858266,0.9981328390086484,-1.6862025508051663e-05,0.9984154688482436,108.2414649963379,0.02922469277997153,54.9540319442749,0.02113356125008199,53.85,0.3570714214271425,255.0,0.0,57.0,0.0,62.0,0.0,93.0,0.0,132.0,0.0,200.0,0.0,70.0,0.0,6.907448281192627,0.000862245322041359,0.014247131114825607,2.1450138339689835e-05,1.4858157169117647,0.001889684641545897,0.8086469859833556,0.0004333055005954158,0.23449552122291348,0.0003018147717851581,0.9835217626692454,1.9052248410008675e-05,0.5076985199550786,0.00012599698274800417,6.648669799360869,0.002977126471308428,14.0,0.0
E,88,0.73,0.67,0.73,0.9980135084730678,0.0005638719482536731,0.9974557637574895,0.9980149717287043,-3.489166234551855e-05,0.9979611938735001,108.21136245727538,0.08756941422940857,54.918218994140624,0.05887728659746082,53.9,0.3,255.0,0.0,57.0,0.0,62.0,0.0,93.0,0.0,131.95,0.2179449471770337,199.9,0.30000000000000004,69.95,0.21794494717703367,6.906214735003763,0.0019298895999203735,0.014255523472093046,2.2029619490311085e-05,1.4984091605392158,0.002401994366847987,0.8086592918366099,0.0003801793882650705,0.2344154622664279,0.00031712500490233166,0.9833625572540544,4.7598142703088144e-05,0.5075087183994917,0.00020462125787454083,6.664333499676024,0.006574758913219141,14.0,0.0
E,89,0.74,0.67,0.73,0.9980289067416551,0.0006689195059469407,0.9971945134917006,0.9985116887862046,-4.317255970032065e-05,0.9979643310757631,108.1882553100586,0.18154591355467087,54.92075138092041,0.11849550737949932,53.9,0.3,255.0,0.0,57.0,0.0,62.0,0.0,93.0,0.0,131.7,0.45825756949558405,200.325,0.6759252917297887,69.7,0.45825756949558394,6.906998277778814,0.003075696883849238,0.014216680475510658,3.0735899970403874e-05,1.4959696691176474,0.005376515050549227,0.8086818554646772,0.0008892734865814229,0.23418877058538237,0.0003309675460714748,0.9833977557180935,3.923826562106957e-05,0.5076402050716334,0.0002613372081109083,6.660644543879911,0.008628797407879987,14.0,0.0
E,90,0.75,0.67,0.73,0.998263063816719,0.0004883272717375065,0.9978039646662659,0.9984597805164538,-9.285224157019843e-06,0.998212178214508,108.33441467285157,0.153381092983631,54.958709144592284,0.11990859903465592,54.0,0.0,255.0,0.0,57.0,0.0,62.0,0.0,93.0,0.0,131.8,0.4000000000000001,200.2,0.5099019513592785,69.8,0.39999999999999997,6.909413781826589,0.002051484261967059,0.01422474964056164,2.1871987684054207e-05,1.4861619178921568,0.001654995152621927,0.8087636246291104,0.00038151590320140003,0.2344627303220613,0.00023903543113041416,0.9835209060742454,8.324663843528907e-05,0.5073055539335176,0.0003977110799369377,6.658188969130916,0.01393266576492661,14.0,0.0
E,91,0.75,0.68,0.73,0.998500958823701,0.0004301581795601666,0.9979919505530291,0.9979919505530291,-2.2305234050081383e-05,0.9984749053261585,108.36858673095703,0.021585666287800037,54.9639232635498,0.030723056668116526,53.9,0.3,255.0,0.0,57.0,0.0,62.0,0.0,93.0,0.0,132.0,0.0,200.7,0.45825756949558405,70.0,0.0,6.909249471866145,0.0006606883242864306,0.0142094457289204,1.3530664666731426e-05,1.4926646752450978,0.0014550621869079334,0.8068778085808249,0.00026509169921846634,0.23361651954738374,0.00017902737485132598,0.9834579039184655,3.236733039707213e-05,0.507194224906746,0.00022864932675055756,6.660866922413322,0.0019250702052466431,14.0,0.0
E,92,0.76,0.67,0.73,0.9984292133098224,0.0004246697255405532,0.9977446828127358,0.9984248837365935,-1.1152628737092804e-05,0.9983879907540868,108.7138885498047,0.0509967651564056,55.216233825683595,0.04039926369709912,53.95,0.21794494717703367,255.0,0.0,57.0,0.0,62.0,0.0,93.35,0.47696960070847283,132.55,0.49749371855331,202.0,0.0,70.55,0.4974937185533099,6.915071540092602,0.0014120479630002213,0.014130061911419033,1.9085056823622804e-05,1.508218443627451,0.003677566664124253,0.8071624606225851,0.0002926452292652311,0.23327995013435218,0.00024048805646572076,0.9834339523013963,3.853025007769343e-05,0.5079040814555065,0.00015535939824454085,6.66981286373033,0.0040503754404256475,14.0,0.0
E,93,0.77,0.68,0.74,0.9985570744072438,0.00038406920588359333,0.998204912775592,0.9982671817036048,-2.373091574151687e-05,0.9985267314364513,108.67933044433593,0.07555258785899538,55.20245418548584,0.05728953462427307,53.9,0.3,255.0,0.0,57.0,0.0,62.0,0.0,93.9,0.3,132.0125,0.05448623679425843,202.325,0.4548351349665063,70.0125,0.05448623679425842,6.910873021309241,0.0014948016998999453,0.014213500288315117,2.4214397707734498e-05,1.5241268382352942,0.002635703292125792,0.8056325630764934,0.00042689292399895987,0.23313947855627984,0.00018502980604886458,0.9832459303187331,1.4496899345364652e-05,0.5079387381694881,0.00019783694248083134,6.691850422181389,0.004552630932644696,14.0,0.0
E,94,0.77,0.68,0.75,0.9980698035374506,0.0005546144729723718,0.9975623330428638,0.9975643566034892,-2.2498950861349355e-05,0.9980323101287771,108.6989959716797,0.04815902230729107,55.18406600952149,0.0354769626237371,53.95,0.21794494717703367,255.0,0.0,57.0,0.0,62.0,0.0,94.0,0.0,132.05,0.2179449471770337,202.0,0.0,70.05,0.21794494717703367,6.9097505865058935,0.001340450900433488,0.014226282970048488,2.434531120228915e-05,1.5286167279411766,0.004011535566157887,0.8064242219207782,0.00035116514361394877,0.23309405881712345,0.00019610780079306342,0.9831894029954448,4.468391461232057e-05,0.5076777569425243,0.00015089538905857966,6.700903541465965,0.006606379888047096,14.0,0.0
E,95,0.77,0.68,0.76,0.9983465512382121,0.0005704970394267376,0.9973203693990298,0.9973203693990298,-3.0278026221090522e-05,0.998330044213907,108.28717422485352,0.08239317676214923,54.974907112121585,0.050291742144873336,54.0,0.0,255.0,0.0,57.0,0.0,62.0,0.0,93.125,0.3112474899497183,131.15,0.3570714214271425,202.05,0.21794494717703367,69.15,0.3570714214271425,6.900061715636404,0.0017361964007691353,0.014289541426114738,2.254178315722234e-05,1.5296346507352943,0.004452467770789634,0.8069068567496128,0.00046891652987746574,0.2337048593137839,0.00020867050584528845,0.9830490684315227,3.146542491851097e-05,0.5076769411187211,0.00011216022674845673,6.726823217965856,0.00523788255160149,14.0,0.0
E,96,0.78,0.68,0.76,0.9980176730229054,0.0005845001528193354,0.9975374316256277,0.997562385093668,-3.8135741855659565e-05,0.9979774877847777,108.47700119018555,0.11733389848028508,55.09806385040283,0.08688585659896304,54.0,0.0,255.0,0.0,57.0,0.0,62.0,0.0,93.0,0.0,131.9,0.30000000000000004,201.55,0.49749371855331,69.9,0.30000000000000004,6.909436751499011,0.0015442147539244406,0.014234107336960733,2.3010379513817987e-05,1.5181564031862744,0.0017848723773444216,0.8059107241812618,0.0004903962068657276,0.23328351220836896,0.00022021901041353767,0.9832484219368196,4.9470381509860696e-05,0.5079236593693018,0.0002707968482907154,6.696321206305429,0.010072745307384208,14.0,0.0
E,97,0.79,0.69,0.78,0.9985406026183622,0.000369040730463705,0.9980412226682265,0.9980412226682265,-1.6520461414630375e-05,0.9985153390017172,108.15785903930664,0.030419299559787078,54.969921875,0.01900645185881797,53.95,0.21794494717703367,255.0,0.0,57.0,0.0,62.0,0.0,93.0,0.0,131.0,0.0,202.0,0.0,69.0,0.0,6.89838220468435,0.0008345108002849722,0.014316370990127326,2.251206124914432e-05,1.5404266237745097,0.002450106476207535,0.8068647146695174,0.00030135398422843137,0.2339895670783879,0.00022029888623711588,0.9829194425226113,3.2598558923084595e-05,0.5082378835498003,7.53555971812805e-05,6.757460068753852,0.0035072732106979643,14.0,0.0
E,98,0.79,0.69,0.79,0.9986829455227231,0.0003133641684267388,0.9984047799753918,0.9984047799753918,-1.5778663000050172e-05,0.99865560634033,108.38395919799805,0.040774946658238644,55.12690353393555,0.03026084344723351,53.85,0.3570714214271425,255.0,0.0,57.0,0.0,62.0,0.0,93.15,0.3570714214271425,131.8125,0.37811208655635437,203.0,0.0,69.8125,0.37811208655635437,6.901462414079556,0.0006172166470957281,0.014294074615463614,1.689618630893679e-05,1.5408854166666668,0.002311326573057254,0.8059087693434366,0.0002875779161071374,0.23357189216685664,0.0002004811919624771,0.9830143499121492,3.749126221499206e-05,0.5086260109442828,0.00012579016012829336,6.734554171196516,0.004572450806318285,14.0,0.0
E,99,0.8,0.7,0.8,0.9982065500024774,0.0005148981132894035,0.997681857208206,0.997681857208206,-2.9748636055984944e-05,0.9981731616549973,108.27147216796875,0.09056868954109037,55.0551362991333,0.07777856919050279,53.95,0.21794494717703367,255.0,0.0,57.0,0.0,62.0,0.0,93.0,0.0,131.15,0.3570714214271425,202.65,0.47696960070847283,69.15,0.3570714214271425,6.898964566096123,0.001010249579236668,0.01431096401065588,1.8553075770371917e-05,1.543507199754902,0.0023900459856886123,0.8069643448347248,0.00024956590007601853,0.23365254409673392,0.0001696132144512533,0.9829407561997441,3.8916677005409346e-05,0.508491390314054,0.0003184696937804374,6.740824101908709,0.008654584357657922,14.0,0.0
E,100,0.81,0.71,0.81,0.9983360321511234,0.0004321703319355537,0.997854821418778,0.997854821418778,-1.0559561815825766e-05,0.99830490696382,108.41270065307617,0.044392900611878505,55.22619743347168,0.027583883902348633,54.0,0.0,255.0,0.0,57.0,0.0,62.0,0.0,93.05,0.21794494717703367,131.4125,0.48266836440769556,203.0,0.0,69.4125,0.48266836440769556,6.901707468164223,0.00063016426785179,0.014283223357051612,1.0825708541210506e-05,1.558865655637255,0.0023841605616565305,0.8059430588765364,0.0003424332067619439,0.2336731636529128,0.00021584245977738332,0.9828801128644544,3.24168296592438e-05,0.5094070715227581,0.00010529312664578683,6.747841950766743,0.0045335810854243075,14.0,0.0
E,101,0.81,0.71,0.82,0.9980409778861106,0.0005738320282896359,0.9973556390673258,0.9973556390673258,-4.187973772613398e-05,0.998007459904634,107.63057556152344,0.05043055117914283,55.090196228027345,0.02833758845156839,53.0,0.0,255.0,0.0,57.0,0.0,62.0,0.0,93.0,0.0,129.75,0.4330127018922193,202.0,0.0,67.75,0.4330127018922193,6.885840049959397,0.001243783565403951,0.0145509522408247,2.6998653824502817e-05,1.573877144607843,0.005167709171038114,0.8063167332087687,0.00028299276388167973,0.23317882546318383,0.00015267685563887616,0.982657353081329,5.034120195025834e-05,0.5118452221694704,9.115178800722633e-05,6.7874296931664135,0.008961513123711105,14.0,0.0
E,102,0.82,0.7,0.82,0.9982744537945752,0.0004937157036304856,0.9977214293851,0.9977214293851,-1.9244470067927387e-05,0.9982435979578134,108.57873992919922,0.08562346799410545,55.191589546203616,0.0580529434536775,54.0,0.0,255.0,0.0,57.0,0.0,62.0,0.0,93.95,0.21794494717703367,131.7625,0.41438961135626945,203.9,0.3,69.7625,0.4143896113562694,6.901291485579509,0.0011751268414840219,0.014209006866440176,2.0010501556384048e-05,1.5502305453431373,0.002928256811374899,0.8056331687839068,0.0004630149786215872,0.2332197807608305,0.00025226157753560223,0.9829403474929576,3.902488597790159e-05,0.5083092586712037,0.00015716702299522215,6.744026972232686,0.0076770844385228324,14.0,0.0
E,103,0.83,0.7,0.82,0.9982687452802761,0.000504869780531714,0.997595941490412,0.9984736876632513,-2.865582461510064e-05,0.9982177927249156,108.85601806640625,0.2985523257779167,55.57556591033936,0.06239829852115835,53.7,0.45825756949558394,255.0,0.0,57.0,0.0,62.0,0.0,93.6,0.4898979485566356,132.4,0.4898979485566356,204.45,0.49749371855331,70.4,0.4898979485566356,6.906223330808773,0.003167753739060566,0.014322206983342767,0.00014057231699800274,1.5717179840686275,0.0022586529193598546,0.8049271490883955,0.0012574586336758517,0.2329848466945102,0.0006702296780095946,0.9829490926211983,3.3959480941518684e-05,0.5105444300305785,0.0009384037188128016,6.719033309649435,0.01156251917355789,14.0,0.0
E,104,0.83,0.71,0.84,0.9979610192093504,0.0006055088498057771,0.9974487332419055,0.9980634766699058,-3.061653366877174e-05,0.9979046655711346,108.29901733398438,0.11667198142614807,55.318298530578616,0.08930959309239703,53.55,0.4974937185533099,255.0,0.0,57.0,0.0,62.0,0.0,93.1,0.30000000000000004,131.1,0.30000000000000004,203.325,0.4548351349665063,69.1,0.30000000000000004,6.898482274349414,0.001187335426052895,0.014474532241001726,1.9033586144087242e-05,1.5611335784313727,0.006716678557542236,0.8074252251001657,0.00031383210705512925,0.23412704840652276,0.00018725292329425754,0.9829170643491834,6.952995853601829e-05,0.5107919596627817,0.0002872609037999878,6.7471647204128,0.013460907669110567,14.0,0.0
E,105,0.84,0.71,0.85,0.9982243368633501,0.00042078947388051493,0.9979452743248006,0.9981089722899245,-1.1206739374406282e-05,0.9981806447958704,108.36381225585937,0.0788485398915111,55.327904510498044,0.0611830352174632,53.3,0.45825756949558394,255.0,0.0,57.0,0.0,62.0,0.0,94.0,0.0,130.5125,0.4903761311483258,203.4,0.4898979485566356,68.5125,0.49037613114832573,6.883312145460667,0.0008792352337879493,0.014620871911756695,2.0962735868292614e-05,1.5768818933823532,0.004273955464123179,0.8076048517697785,0.0003313449934930698,0.2345169993281171,0.00024595032885614434,0.9827567395856377,3.292074089376945e-05,0.5105753345338502,0.00020266794689565348,6.768321141159923,0.005674175385062102,14.0,0.0
E,106,0.84,0.71,0.86,0.9983321477161045,0.0005529198697370412,0.9976657236130055,0.998359889843313,-3.5370026846051695e-07,0.9982875268105228,108.58170166015626,0.033602291022227844,55.504514122009276,0.020655381238029596,53.7,0.45825756949558394,255.0,0.0,57.0,0.0,62.0,0.0,94.0,0.0,131.0,0.0,204.0,0.0,69.0,0.0,6.886046491663552,0.0009289382862042341,0.014586903410963714,2.1353631607497464e-05,1.5699080882352943,0.002017239317341269,0.8071221741122837,0.00032025618271735117,0.234285379886705,0.00021743186773695363,0.9829484765083454,2.1874667292545897e-05,0.5111774384039152,0.00017289864900312812,6.738092363286927,0.0037391470398231296,14.0,0.0
E,107,0.84,0.71,0.87,0.9978259639060403,0.0006013153263547667,0.9972174263046818,0.9975380499873511,-3.894339060094438e-05,0.9977763291119282,108.33283157348633,0.09624087911607121,55.33632583618164,0.05819395390033782,53.3,0.45825756949558394,255.0,0.0,57.0,0.0,62.0,0.0,94.0,0.0,130.45,0.49749371855331,203.3,0.45825756949558405,68.45,0.4974937185533099,6.884712861910039,0.0015102161901905267,0.014590192865580321,3.0102237402822225e-05,1.572820925245098,0.005631417636898191,0.807555731560212,0.0002432609160882949,0.23442663747906806,0.00025874938555117504,0.9828079832501209,9.002483349294886e-05,0.5107991535547467,0.00012276827976502266,6.76392192984039,0.012299084915416087,14.0,0.0
E,108,0.85,0.71,0.87,0.998420049846046,0.00046351176364869804,0.997445810719642,0.9985757974034017,-9.560569057576278e-06,0.9983743735904588,108.28570938110352,0.052076975312060465,55.33380908966065,0.033528236165298,53.3,0.45825756949558394,255.0,0.0,57.0,0.0,62.0,0.0,93.95,0.21794494717703367,131.0,0.0,203.575,0.48153400710645555,69.0,0.0,6.891827597998987,0.0009512039386474732,0.014494173601269722,2.0386918260131467e-05,1.572742800245098,0.0030701306933942347,0.8070146151049379,0.00036579852905493216,0.2342312017154422,0.00017500019343747825,0.9828023809257245,2.9328097589796068e-05,0.5109982419872011,0.00013013596608594833,6.751391237683473,0.003131747562974484,14.0,0.0
E,109,0.85,0.72,0.88,0.9981328061940165,0.0006008430704620346,0.9975268199376315,0.998089863787871,-4.334442431500322e-05,0.9980847995782048,108.31726608276367,0.030119866071990076,55.36069259643555,0.03473707975070932,53.3,0.45825756949558394,255.0,0.0,57.0,0.0,62.0,0.0,94.0,0.0,130.5,0.5,203.0,0.0,68.5,0.5,6.887043371250611,0.0005890411969112581,0.014570623426698149,1.2450960604176172e-05,1.5771086090686275,0.005140385138149139,0.8082246204277836,0.00039530132047346165,0.23465169699032074,0.00027967821647150283,0.9827795868814647,3.841317847510036e-05,0.5110975430322516,0.00021116783421592998,6.762849871431198,0.003454068495269089,14.0,0.0
E,110,0.85,0.72,0.89,0.9985372632954524,0.0004232987104164962,0.9978492665883261,0.9978492665883261,-1.6196863038080243e-05,0.9985168754007575,108.3247917175293,0.06545472297298778,55.37289047241211,0.04196165249564069,53.1,0.3,255.0,0.0,57.0,0.0,62.0,0.0,94.0,0.0,130.2,0.4,203.25,0.4330127018922193,68.2,0.4,6.886031811153319,0.0011875508912514965,0.01454389055725187,2.300522725812973e-05,1.5781272977941174,0.003356801263526858,0.8080781721901307,0.0004951266321030425,0.23464923831086462,0.00017910962358065992,0.9827741441875435,3.1244762508928944e-05,0.5111746356917546,0.00010896370890814373,6.762316147946907,0.006333454221003627,14.0,0.0
E,111,0.86,0.72,0.89,0.9982755480383462,0.0005797345320817946,0.997553394359806,0.9985212787327921,-2.339080386916996e-06,0.9982237011263173,108.321533203125,0.05718545906308742,55.386030960083005,0.03609735645970576,53.05,0.21794494717703367,255.0,0.0,57.0,0.0,62.0,0.0,94.0,0.0,130.05,0.2179449471770337,203.25,0.4330127018922193,68.05,0.21794494717703367,6.8885777703443996,0.000971027901157421,0.014485769649036228,2.2239717075835517e-05,1.5722166053921567,0.0019850074636840243,0.8083667326128096,0.000467125471945194,0.2345673025889609,0.00024221423377379726,0.9828484881155568,1.8253849157808203e-05,0.5113113411065784,0.0001188931310050932,6.762338624372207,0.010601349398750107,14.0,0.0
E,112,0.87,0.72,0.89,0.9978244490825954,0.0006524921752125199,0.9972837941335106,0.9972837941335106,-4.4556941577313526e-05,0.9977814255044553,108.69474563598632,0.06539688663083669,55.62534885406494,0.056035850251976084,53.25,0.4330127018922193,255.0,0.0,57.0,0.0,62.0,0.0,94.15,0.3570714214271425,131.0,0.0,204.1,0.30000000000000004,69.0,0.0,6.887205562375644,0.0010935066360568037,0.014579064096324146,2.5364115717433702e-05,1.5841773897058824,0.003345242075323292,0.8073495109315374,0.0005186998961725378,0.23419641841775635,0.00026198867983052017,0.9828629373478766,2.937922515640461e-05,0.5117573688432093,0.0002442437580423792,6.734443391021708,0.004317309365722628,14.0,0.0
E,113,0.88,0.72,0.89,0.9980790936147512,0.0005288624766684366,0.9973823823942696,0.9973823823942696,-3.4976495187711635e-05,0.998046877952494,108.13994522094727,0.35878520420197346,55.588382720947266,0.1525958123344237,53.05,0.21794494717703367,255.0,0.0,56.75,0.4330127018922193,61.15,0.3570714214271425,94.1,0.30000000000000004,130.25,0.6224949798994366,203.65,0.9096702699330126,69.1,0.30000000000000004,6.887945159795438,0.0018301620692812023,0.014394855056889356,3.554132197483206e-05,1.5922594975490196,0.00410349718255401,0.8055002949171085,0.0005979504575258922,0.23264777654625468,0.0004164731336781416,0.9827782151754612,9.736755732340733e-05,0.5140421989917574,0.0003997425268127417,6.7486449874688805,0.01848325347872036,14.0,0.0
E,114,0.89,0.73,0.89,0.9984293634431962,0.0003798029440739353,0.9981908083752783,0.9981908083752783,-1.5520053893640487e-05,0.9983943086671468,107.91255645751953,0.11339407012588064,55.456418418884276,0.08290925462546037,53.0,0.0,255.0,0.0,57.0,0.0,61.0,0.0,94.0,0.0,129.9,0.30000000000000004,203.2,0.4000000000000001,68.9,0.30000000000000004,6.88453273237285,0.0011953590568897171,0.01444638471584767,2.1860486283351122e-05,1.5943336397058823,0.003775533290162624,0.805975258728121,0.0002945611679720927,0.23294788610475742,0.00024267682602135542,0.9826798895226224,3.054789379494368e-05,0.5139012091858481,0.00024209807772506556,6.7668918940254255,0.006440849053948589,14.0,0.0
E,115,0.9,0.73,0.89,0.9984725103839361,0.0003895288013001299,0.9980429436775896,0.9980447730471916,-2.3257034519639965e-05,0.9984435695344539,107.63397369384765,0.08664371589931653,55.2803150177002,0.059044813210928256,53.0,0.0,255.0,0.0,56.05,0.21794494717703367,61.0,0.0,93.55,0.4974937185533099,129.0,0.0,202.25,0.4330127018922193,68.0,0.0,6.884534346188703,0.0011965018395559243,0.014373325579799711,1.5512883849942928e-05,1.5863457414215687,0.0020996595895308593,0.8067785230315062,0.0004013824667340341,0.2337132601118816,0.00025871016852692857,0.9826548664676995,3.425880764357388e-05,0.5135953091617675,0.00015746729138772065,6.767958177392304,0.00499966332528591,14.0,0.0
E,116,0.9,0.73,0.9,0.9976102047081395,0.0006006234296011456,0.9970308518323292,0.9979354400613607,-2.5105121379592325e-05,0.9975387565332426,107.83877868652344,0.07013176840141691,55.439338302612306,0.04320690556576093,53.0,0.0,255.0,0.0,57.0,0.0,61.1,0.3,93.6,0.4898979485566356,129.0,0.0,202.9,0.30000000000000004,67.9,0.30000000000000004,6.880987897292345,0.0010865708699966056,0.014530740189366042,2.287614904870712e-05,1.595683210784314,0.0042081906276836625,0.8071726446218325,0.000324215799303072,0.23318761782182484,0.0002154078516866686,0.9826454095099072,2.968781912717618e-05,0.5140946295875305,0.00019013140965106222,6.768700322793616,0.005457779429575272,14.0,0.0
E,117,0.91,0.73,0.91,0.9978758020573586,0.0005610636876160217,0.9974756380811565,0.9975350511826272,-3.3568037324552345e-05,0.9978288692397559,107.59406280517578,0.06046824858655336,55.250414085388186,0.05514269703647116,53.0,0.0,255.0,0.0,57.0,0.0,61.0,0.0,93.0,0.0,129.0,0.0,202.1,0.30000000000000004,68.0,0.0,6.880192895766609,0.0008782308109983784,0.014526093238964677,2.0618607867263938e-05,1.58883118872549,0.004091229147991368,0.8069136578033002,0.00035981546275640105,0.23343020517904614,0.00017112801183204413,0.9826052097570417,2.4954728384617034e-05,0.5135079042886705,0.0002473471243427,6.7743581420056715,0.0052842792643636284,14.0,0.0
E,118,0.91,0.74,0.91,0.9980371458714934,0.0005629559234928946,0.9975191217795494,0.998331947037622,-1.7011135916136585e-05,0.9979777338900294,107.90252075195312,0.13575994152491308,55.49157314300537,0.09183091084058426,53.0,0.0,255.0,0.0,57.0,0.0,61.0,0.0,93.8,0.4,129.6,0.4898979485566356,203.2,0.5099019513592785,68.6,0.4898979485566356,6.883261087255183,0.0015624833601018163,0.014507888862863184,1.2390891901039975e-05,1.5959949448529414,0.0030903654709509266,0.8063176538535242,0.00037333721987078234,0.23312696028643734,0.00020945245192994288,0.9826737696443304,5.94286024361186e-05,0.5142747924351556,0.0002264561371496548,6.751836512542438,0.011421272268061883,14.0,0.0
E,119,0.91,0.74,0.92,0.9981686995698015,0.0005654446083110051,0.9974295140034483,0.9974971858079109,-4.1096110229163925e-05,0.9981381788679774,107.61398239135742,0.11314137775292211,55.29223136901855,0.06752887471182407,53.0,0.0,255.0,0.0,57.0,0.0,61.0,0.0,93.05,0.21794494717703367,129.0,0.0,202.4,0.4898979485566356,68.0,0.0,6.881145879270027,0.0013467507105641915,0.014495655614882707,1.884180572709696e-05,1.5873705575980392,0.0031164070323123198,0.8066201523923316,0.0004691734176694378,0.2333430290245595,0.0002568102832851123,0.9826462545833774,5.202261547376106e-05,0.5138014892095358,0.0001884034146078388,6.767446906819939,0.009485959024762975,14.0,0.0
E,120,0.92,0.74,0.93,0.9986131952184504,0.00032156335297554265,0.9984566695969801,0.9985800386130331,-9.648041096021761e-06,0.9985775728979996,107.52261657714844,0.021854673887632983,55.276637649536134,0.013253540834594783,53.0,0.0,255.0,0.0,57.0,0.0,61.0,0.0,93.0,0.0,128.1625,0.3559757716474536,202.0,0.0,67.1625,0.3559757716474536,6.880096136880065,0.0006339636766300634,0.014453449426218868,1.6716462084074594e-05,1.5932483149509804,0.0028402605650161947,0.8070066773644349,0.0002902090168310104,0.23360907516398308,0.00021382274601174062,0.9825772889796284,3.1138848308865216e-05,0.514093124236128,8.062639410375466e-05,6.774139952516291,0.0028628341933196796,14.0,0.0
E,121,0.93,0.74,0.93,0.9979493359795896,0.0006440911730782313,0.9972313009697052,0.9985565335528567,-2.7141472902817525e-05,0.9978793922534137,107.89540481567383,0.17153593248192014,55.51046886444092,0.11078265973742017,53.0,0.0,255.0,0.0,56.0,0.0,61.0,0.0,93.8,0.4,129.2,0.4000000000000001,203.2,0.4000000000000001,68.2,0.39999999999999997,6.887167656773523,0.0022942109292112102,0.01437035675626248,2.204538507469691e-05,1.588507199754902,0.005088099748562211,0.8067978631790037,0.0005045860936640759,0.2332999169423839,0.00032724412005524133,0.9827781231545316,7.518186647532058e-05,0.514483802847763,0.00030321783993449424,6.738371507606952,0.014458195255398263,14.0,0.0
E,122,0.94,0.75,0.94,0.9984596863445733,0.0004231656581860618,0.9976919461129246,0.9984916394077367,-1.1563099546849114e-05,0.998418310904584,107.8472801208496,0.04098836193527346,55.49463329315186,0.03508544545979165,53.0,0.0,255.0,0.0,56.0,0.0,61.0,0.0,93.975,0.10897247358851685,129.0,0.0,202.925,0.2384848003542364,68.0,0.0,6.884601329204372,0.0008474908627669715,0.014417517324909567,2.3413819313404326e-05,1.5940854779411764,0.00536294601998813,0.80675503178886,0.0003161885490335714,0.23322132867172204,0.0002324856487537644,0.9827111019992634,4.400681893127314e-05,0.5145667976934829,0.00017920030399240337,6.726475864580719,0.00239698306132296,14.0,0.0
E,123,0.95,0.75,0.94,0.9983467045588641,0.00042058416431705285,0.9979750054748256,0.9980081056055394,-2.5651058311076002e-05,0.9983121072828427,107.5608901977539,0.07568319128298652,55.31739273071289,0.05086452739769467,53.0,0.0,255.0,0.0,56.0,0.0,61.0,0.0,93.0,0.0,128.25,0.4330127018922193,202.15,0.3570714214271425,67.25,0.4330127018922193,6.881213884467113,0.0012931298847457138,0.01442679069004953,1.5139335146904266e-05,1.5966689644607843,0.0011422856646761937,0.8077344882350808,0.0003920832966642896,0.23354705650302426,0.00030570457520248873,0.9825660173497115,3.071093777701949e-05,0.5142890224073234,0.00013908347876348995,6.743669622169032,0.005332201344394664,14.0,0.0
E,124,0.96,0.75,0.94,0.9978937477082723,0.000640539247705657,0.9970696800182346,0.9981918514345681,-3.9907420730695674e-05,0.9978304751814557,108.05462188720703,0.07735517288335486,55.56510066986084,0.05728157531815601,53.0,0.0,255.0,0.0,57.0,0.0,61.0,0.0,94.0,0.0,129.0,0.0,203.525,0.4602988159880492,68.0,0.0,6.883040560284949,0.0011762812270816377,0.014500044565647841,2.2849162663546045e-05,1.5897610294117646,0.0035455505124704053,0.8074141144117049,0.0004411616441562126,0.23281385210296532,0.00020623658240379478,0.9827923992883612,6.0063093108583544e-05,0.5142315003680713,0.0002169788795567427,6.704161343019969,0.009725198968955674,14.0,0.0
E,125,0.96,0.76,0.95,0.9979721103513226,0.0005783429297775821,0.9973895167475254,0.9975713555717156,-3.618583882206084e-05,0.9979292910126366,107.61406936645508,0.0829787943095315,55.295484161376955,0.058881993953308696,53.0,0.0,255.0,0.0,57.0,0.0,61.0,0.0,93.0,0.0,128.3,0.45825756949558405,202.05,0.2179449471770337,67.3,0.45825756949558394,6.8796822846074885,0.0014225540717087224,0.01450703905429691,2.317916697407314e-05,1.5904373468137256,0.0029392166090391023,0.8077277259290948,0.00041505551266342246,0.23322627577760685,0.00027706809741815855,0.9826175719100954,4.5120085212296314e-05,0.5138312548342814,0.00017078743650551879,6.730659088399939,0.00980257745437215,14.0,0.0
E,126,0.96,0.76,0.96,0.9979866952936847,0.0005505581660913765,0.9976197922475326,0.9976829275051438,-1.4394052047429561e-05,0.9979417074800327,107.99247589111329,0.05995236707922996,55.5416618347168,0.05273936881045829,53.0,0.0,255.0,0.0,57.0,0.0,61.0,0.0,94.0,0.0,129.0,0.0,203.275,0.43229041164476456,68.0,0.0,6.881969601332872,0.0009762883173388191,0.01454047195147723,2.319826178368921e-05,1.5938495710784313,0.004154092896819954,0.8077089449990762,0.00025850134377880356,0.23276976368204547,0.00021117680843137389,0.9827323029386108,3.4729527350116956e-05,0.5143103725267034,0.00022152382859117793,6.702337221604646,0.004149443052321067,14.0,0.0
E,127,0.97,0.76,0.96,0.9978137033407689,0.0005976635734788032,0.9974618188992702,0.9977218800099845,-1.626115878494473e-05,0.9977585856215732,107.91417617797852,0.038315047662587136,55.486426544189456,0.0239219448543907,53.0,0.0,255.0,0.0,57.0,0.0,61.0,0.0,93.45,0.4974937185533099,129.0,0.0,203.0,0.0,68.0,0.0,6.881863819415329,0.0007300174875849763,0.014525547390803695,1.6580251068417715e-05,1.5957398897058825,0.001991073333994518,0.8072544585731698,0.00035014494796520475,0.23295631596544708,0.0002488999842534707,0.9826783248041524,2.094651557796642e-05,0.5141718219440155,0.00018759138065433466,6.699928256358811,0.004958542058295475,14.0,0.0
E,128,0.98,0.77,0.96,0.998075110374074,0.0006081172443896469,0.997236104916136,0.997236104916136,-4.441557261179993e-05,0.99804653447489,107.61669387817383,0.11265002005308858,55.272391891479494,0.09044019073867476,53.0,0.0,255.0,0.0,57.0,0.0,61.0,0.0,93.0,0.0,128.25,0.4330127018922193,202.45,0.49749371855331,67.25,0.4330127018922193,6.881965746711407,0.0018446340612042196,0.014460917306132614,2.1960907063133713e-05,1.6012645526960785,0.0021077422445340906,0.8071969870045358,0.0004327506283187328,0.2334740180446051,0.00031776047961633677,0.9824850285759854,5.270934602044464e-05,0.5136039485523239,0.00032027444549603893,6.734245663972464,0.01078000797537856,14.0,0.0
E,129,0.98,0.77,0.97,0.9982456851710632,0.0005321704427155243,0.997602504075884,0.9976777804819759,-3.259533468155793e-05,0.9982144638515671,108.00643615722656,0.04518595580094674,55.56521167755127,0.03035104494323555,53.0,0.0,255.0,0.0,56.95,0.21794494717703367,61.0,0.0,94.0,0.0,129.0,0.0,203.725,0.4322904116447646,68.0,0.0,6.884871846677771,0.0006933703800229083,0.014467240916565061,2.2311603656085547e-05,1.602428768382353,0.0035782243913151535,0.8072674105002813,0.0004057106358164814,0.23301391095745747,0.00031357671828010096,0.9826544665227166,4.42610801046334e-05,0.5144620235279896,0.00011747741350531682,6.699520515682306,0.004503308658780612,14.0,0.0
E,130,0.98,0.77,0.98,0.9983627548337848,0.0004188061891640894,0.9979760710067284,0.9982347938046567,-1.1844427224550821e-05,0.998323036830151,108.39673767089843,0.047183943791705235,55.88114719390869,0.028672002771564304,53.0,0.0,255.0,0.0,57.0,0.0,61.0,0.0,94.0,0.0,130.0,0.0,204.85,0.3570714214271425,69.0,0.0,6.890938012568306,0.0009700918535882867,0.01445103893056512,1.84153878980157e-05,1.6175742953431371,0.0027144974165066076,0.8069168224473502,0.00048034727478438015,0.2324618344652687,0.00027130736765323466,0.9826892195189594,3.740770622463227e-05,0.5155242388349504,7.221623518438258e-05,6.666223641834303,0.001789118403099379,14.0,0.0
E,131,0.98,0.77,0.99,0.9980683887748423,0.0007650971342423683,0.9967425169627525,0.9972095315301248,-5.1889069747915265e-05,0.9980401584069097,108.14480819702149,0.03466354371259056,55.69777507781983,0.013109133721718607,53.0,0.0,255.0,0.0,57.0,0.0,61.0,0.0,93.75,0.4330127018922193,129.0,0.0,204.0,0.0,68.0,0.0,6.885342637759552,0.0005797045872449273,0.014479780290275811,1.4137888203609202e-05,1.6174433210784316,0.0030877584498271863,0.8072811719858839,0.0003465978561583992,0.2328282537454896,0.0001833019773550142,0.9825812259127625,3.6536399101563853e-05,0.5150296076189445,0.00012856653743904795,6.669168492390556,0.003847850130078953,14.0,0.0
E,132,0.99,0.77,1.0,0.9978050456881593,0.0005281556779156459,0.9973506785276086,0.9978371968999765,-1.842517818027576e-05,0.9977464376480367,107.92207641601563,0.0395720038165522,55.5782585144043,0.028150493247750548,53.0,0.0,255.0,0.0,57.0,0.0,61.0,0.0,93.0,0.0,129.0,0.0,203.675,0.4264680527307995,68.0,0.0,6.882998250148401,0.0006716417345529241,0.014491562033072114,1.5921129513008417e-05,1.6222886029411765,0.002624139455551996,0.8080424045657025,0.0003549997336362249,0.23314199178999417,0.00020413416489312747,0.9824540288883862,3.670390779129584e-05,0.5149850544464105,0.0001103444900705447,6.675597669757373,0.0030656472631051027,14.0,0.0
E,133,1.0,0.77,1.0,0.9972859337123833,0.0008995744004040776,0.9964370416443984,0.9973773120747991,-1.888048542788304e-06,0.9972121062215665,108.36294250488281,0.09422152753254083,55.82272720336914,0.06773257262024686,53.0,0.0,255.0,0.0,57.0,0.0,61.0,0.0,94.0,0.0,129.85,0.3570714214271425,204.45,0.49749371855331,68.85,0.3570714214271425,6.890363057966257,0.001416328180787977,0.014442513114772737,1.662065404845858e-05,1.6360600490196078,0.003751081159024869,0.8066644428007832,0.00030768465229084115,0.23245144263539422,0.00027153614693445506,0.982451858761546,2.765440462488968e-05,0.5151457718140697,0.00020583707724198977,6.6680130102000446,0.0028971651897074925,14.0,0.0
E,134,1.01,0.78,1.0,0.9984246966470931,0.000458835772767676,0.9977880586405364,0.9978107589275628,-3.277075972121345e-05,0.9983993975514516,108.294873046875,0.05609629769702641,55.453478050231936,0.04123385262974575,53.0,0.0,255.0,0.0,57.0,0.0,62.0,0.0,94.0,0.0,129.0,0.0,203.5,0.5,67.0,0.0,6.885320644583143,0.0011029774681562037,0.014588080788962543,2.0339697303437942e-05,1.6230254289215686,0.003889588951784222,0.8096778068799928,0.00036617481447516703,0.23494812257777292,0.00027480308198275474,0.9823344703241677,6.658546796561251e-05,0.512059999626818,0.00015346065643489585,6.68650462476122,0.004619985832427386,14.0,0.0
E,135,1.03,0.78,1.0,0.9984250085361799,0.0003789516409401544,0.9981763567227289,0.9983480051627405,-1.7222941829901753e-05,0.998385587796933,108.18998413085937,0.09185013666560701,55.782485771179196,0.07723253807887687,53.0,0.0,255.0,0.0,56.0,0.0,61.0,0.0,93.35,0.47696960070847283,129.4,0.4898979485566356,204.1,0.30000000000000004,68.4,0.4898979485566356,6.892182745510605,0.0009288088285572593,0.014365149638615548,2.0213948336932963e-05,1.6241398590686273,0.0022172265987854475,0.8075210640399165,0.00030086233814277343,0.2333033511047517,0.00025550440671198054,0.98256552851895,5.5358824039417676e-05,0.5155972907451744,0.000313648588588139,6.649227603663694,0.006250817452778272,14.0,0.0
E,136,1.04,0.78,1.0,0.998514431363122,0.00039488765133187197,0.9978216758665834,0.9978216758665834,-2.143119252591319e-05,0.9984935678594026,107.86747741699219,0.025143984790752846,55.50910549163818,0.023162317379221833,53.0,0.0,255.0,0.0,56.0,0.0,61.0,0.0,93.0,0.0,128.25,0.4330127018922193,203.075,0.23848480035423641,67.25,0.4330127018922193,6.885405133311201,0.0006948386436684412,0.014411775395274162,1.3770048072956416e-05,1.629653033088236,0.0013691620483512986,0.8080247911681246,0.0003848247767646636,0.233725527446363,0.00017640463777497336,0.9823373391698412,2.099727784273432e-05,0.514604637007399,0.00013438683132623128,6.671079141057651,0.002269616660864621,14.0,0.0
E,137,1.05,0.8,1.01,0.9982796239528412,0.00048125631640509467,0.9975512766574837,0.9975512766574837,-2.4628996815026184e-05,0.9982535179330304,108.24812698364258,0.03978875143827009,55.85440196990967,0.029157083340372827,53.0,0.0,255.0,0.0,56.0,0.0,61.0,0.0,94.0,0.0,129.0,0.0,205.175,0.36314597615834876,68.0,0.0,6.882081339927277,0.0008759634220269553,0.014444200391881167,1.9460740093259924e-05,1.6326539522058823,0.0024273779070497206,0.8068934604320164,0.00041569284527333435,0.23307796401063516,0.0002505975027422524,0.9825310114365553,2.4830835834816427e-05,0.5159849164580537,0.00015817435342559117,6.625033422713979,0.0031898690408349657,14.0,0.0
E,138,1.06,0.8,1.01,0.9985817524825746,0.0003461237487281654,0.9982469533240329,0.9982469533240329,-1.89610859019358e-05,0.9985532406836306,108.21983261108399,0.06627350583817608,55.746667289733885,0.045702943286266416,53.0,0.0,255.0,0.0,56.0,0.0,61.0,0.0,94.0,0.0,128.55,0.49749371855331,204.95,0.2179449471770337,67.55,0.4974937185533099,6.878796497812357,0.000976954615448522,0.01447183834388852,1.3298766364949e-05,1.62671568627451,0.0020295244774427386,0.8085395586809365,0.00026074678495910733,0.2335708548450796,0.0001565360199981266,0.9825239293066128,2.5944095022005947e-05,0.5151242670313784,0.00016737821359503116,6.621348076187461,0.004449205327725629,14.0,0.0
E,139,1.07,0.8,1.01,0.9977887894282216,0.0006428398382683994,0.9968891667215247,0.9975507087657658,-3.8520490612468976e-05,0.9977368649568975,107.84324951171875,0.09603508512006712,55.49121036529541,0.06277608567641112,53.0,0.0,255.0,0.0,56.0,0.0,61.0,0.0,93.0,0.0,128.2,0.4000000000000001,203.8,0.4,67.2,0.39999999999999997,6.881739209810988,0.0011571658537498232,0.014446082594804465,2.0444286575654303e-05,1.6258111213235296,0.003917849329038107,0.8070926567984424,0.0004428425824863075,0.23331481352614342,0.00025219609739542207,0.9823698246974445,3.734226356031437e-05,0.5145542241210086,0.0001615316224984281,6.655792206133865,0.006860056527266726,14.0,0.0
E,140,1.09,0.8,1.01,0.9984255477338632,0.0003700343065419385,0.9982087966708385,0.998336357040983,-1.2521557957448899e-05,0.9983864619029619,107.98919296264648,0.040087072697181335,55.61358127593994,0.030468872047787955,53.0,0.0,255.0,0.0,56.6,0.48989794855663565,61.0,0.0,93.1,0.30000000000000004,128.9,0.30000000000000004,204.0,0.0,67.9,0.30000000000000004,6.879192635548913,0.0006722192925664072,0.014499367587268353,1.5887719130217023e-05,1.631414675245098,0.0024465957017322467,0.8087253538963294,0.0002599117725209885,0.23334346561883934,0.00023991555375781857,0.9823907336244856,2.9599818049570797e-05,0.5149920854278945,0.00016705830560115407,6.636162203777708,0.0036953228282848184,14.0,0.0
E,141,1.1,0.8,1.01,0.9983149195390044,0.0005033566995837707,0.9973446039673385,0.9973446039673385,-3.463025320251982e-05,0.9982961099366277,107.95501480102538,0.08974505661994532,55.557389640808104,0.05993544816825714,53.0,0.0,255.0,0.0,56.0,0.0,61.0,0.0,93.95,0.21794494717703367,128.0,0.0,204.4,0.4898979485566356,67.0,0.0,6.87326193013755,0.0009105753321650884,0.014515548362396657,1.8211654216521375e-05,1.6270228247549017,0.0028331737280538403,0.8094072433457233,0.0004809346640428849,0.23378623521171576,0.00021094967419484203,0.9824001451658706,4.734076600220199e-05,0.5146345362344128,0.00015353812696983346,6.6361719338089715,0.005434975859637618,14.0,0.0
E,142,1.12,0.81,1.02,0.9982277384816347,0.0004738920705396992,0.9975529915823785,0.9984001702242696,-1.8408690773948876e-05,0.998176562343161,107.77711563110351,0.03989469870267964,55.424513816833496,0.027017365076626713,53.0,0.0,255.0,0.0,56.0,0.0,61.0,0.0,94.0,0.0,127.6625,0.4628377145393404,203.925,0.23848480035423641,66.6625,0.4628377145393404,6.8706933199290585,0.0014199129999056528,0.014515270409174264,2.2292511379144857e-05,1.614292279411765,0.0015921574452112974,0.8103795595457012,0.0003998853449847121,0.23428514957750002,0.00024643498235999074,0.9824567470070862,2.443041886102569e-05,0.5142512195226814,0.00014232563268170068,6.630177066283013,0.0035922767000303064,14.0,0.0
E,143,1.12,0.81,1.03,0.9984711219639223,0.0003705080573861149,0.9980296287700816,0.9983395102860999,-1.475638621924241e-05,0.9984343517965735,108.03372344970703,0.04851144471929302,55.59652843475342,0.03987351578202342,53.0,0.0,255.0,0.0,56.55,0.4974937185533099,61.0,0.0,94.0,0.0,128.7,0.45825756949558405,204.35,0.47696960070847283,67.7,0.45825756949558394,6.878206169316013,0.000837331184190141,0.014529536827467382,1.8486951408657642e-05,1.6310577512254902,0.0023068015599030777,0.808349978311027,0.0004950394994121012,0.23332998917651607,0.0003340614034472871,0.9823729024566601,3.470574068649099e-05,0.5146219566361094,0.0002470082613047882,6.624920332044813,0.0050962047498227265,14.0,0.0
E,144,1.12,0.81,1.05,0.9980234177307559,0.0005420144359164879,0.9974467629548147,0.9976791811914264,-3.0150305672624657e-05,0.9979804612641531,108.52624816894532,0.05757224576998714,55.95837345123291,0.040121231201675565,53.0,0.0,255.0,0.0,57.0,0.0,61.0,0.0,94.0,0.0,129.15,0.3570714214271425,206.0,0.0,68.15,0.3570714214271425,6.882728979221396,0.0011799523707504824,0.014520411379635334,2.014974767623507e-05,1.6280905330882356,0.0018952236279379017,0.8074604697387031,0.00031094835290593615,0.23266861845490155,0.00024004918854407273,0.9826311674007838,3.544641614677001e-05,0.5156205963329822,0.00013263869518873684,6.577110003575046,0.004920665998967987,14.0,0.0
E,145,1.13,0.81,1.06,0.9981898675809093,0.0005019135999658735,0.9974038968816256,0.9983199206453959,-1.5190516950577463e-05,0.9981388100681574,108.30556640625,0.0984574586733769,55.79097309112549,0.06003581270499685,53.0,0.0,255.0,0.0,57.0,0.0,61.0,0.0,94.0,0.0,128.4,0.4898979485566356,205.5,0.5,67.4,0.4898979485566356,6.876128074086381,0.0012409361556292003,0.014582592411898077,2.0669335526387993e-05,1.6243788296568629,0.0019419674515070938,0.8079572050999593,0.0003826075630000186,0.2331474442313859,0.00023585409956251188,0.9825762344494556,3.231971684368039e-05,0.5151255661419036,0.00014961750687829962,6.586715865104994,0.004341308657987142,14.0,0.0
E,146,1.14,0.82,1.07,0.9982479898709435,0.0004592509764808819,0.9976439624168354,0.9976439624168354,-2.3687196332192164e-05,0.9982177798005236,108.51591491699219,0.1318375599725987,55.96323852539062,0.07959059400256054,53.0,0.0,255.0,0.0,56.95,0.21794494717703367,61.0,0.0,94.2,0.39999999999999997,128.7125,0.4421184795956849,206.45,0.49749371855331,67.7125,0.4421184795956849,6.879438510434392,0.0011124510669783933,0.014538999833166599,2.138729867676329e-05,1.6260814950980393,0.0031078939371776246,0.808673829037807,0.00031152603668107144,0.23318015465017733,0.00039571696288546673,0.9826665889038948,5.5291218813172506e-05,0.5157144552090671,0.0001601791287199519,6.56894241303483,0.006977276623958607,14.0,0.0
E,147,1.14,0.83,1.08,0.9977473220208053,0.0010336950818134298,0.995766429577137,0.998207214593283,-3.727715899054101e-05,0.9976759385852089,108.218603515625,0.050566834631763286,55.72760143280029,0.034481652187863324,53.0,0.0,255.0,0.0,57.0,0.0,61.0,0.0,94.0,0.0,128.2,0.4000000000000001,205.4,0.4898979485566356,67.2,0.39999999999999997,6.8774676332635,0.0017305259497211317,0.014565320499241353,1.885544480257113e-05,1.6298950674019608,0.003919927141303121,0.8079755878958508,0.00042420615091139265,0.2332984816922044,0.00031541357455767814,0.9824726096998321,3.77241941002457e-05,0.5149539620047888,0.00013066757248050145,6.588940038546096,0.005961281077060516,14.0,0.0
E,148,1.14,0.83,1.1,0.9977912243003784,0.000770080150476557,0.996934539980668,0.996934539980668,-6.14786370306599e-05,0.9977556429482491,107.93965072631836,0.09250614768394537,55.535092735290526,0.057718320124974874,53.0,0.0,255.0,0.0,57.0,0.0,61.0,0.0,94.0,0.0,128.0,0.0,204.55,0.49749371855331,67.0,0.0,6.873719999334196,0.0017927549332726308,0.014584027975797654,2.5084426383772235e-05,1.622997855392157,0.0015689378319134837,0.8089508347529122,0.00041078892676770363,0.23365774006468282,0.0002182039196199391,0.9824251016150194,4.6807191177481094e-05,0.5145012672402179,0.00019402003637497892,6.604799250701674,0.006340978653634361,14.0,0.0
E,149,1.15,0.83,1.1,0.9973761024353051,0.0008490053742966744,0.9959857409979724,0.9959857409979724,-5.3264334218818294e-05,0.9973436409582426,108.36157989501953,0.06735928503077279,55.81975059509277,0.037205089208417745,53.0,0.0,255.0,0.0,57.0,0.0,61.0,0.0,94.0,0.0,128.8,0.4000000000000001,205.5,0.5,67.8,0.39999999999999997,6.879230115751689,0.0012669144746798521,0.01458191773854196,1.6017526863372828e-05,1.6221017156862747,0.0032890616402846966,0.8079338065194692,0.0003658263231659461,0.2330117458298857,0.0003055905710800281,0.982612387745125,2.7081362719581066e-05,0.5151249176210428,9.441274429225099e-05,6.570111761930936,0.002772801166065047,14.0,0.0
E,150,1.15,0.84,1.12,0.9979057763504583,0.0007442904226287304,0.9966737260901627,0.99849217872923,-2.904994399077162e-05,0.9978352335602134,108.21331405639648,0.10731871657145282,55.72729339599609,0.059549703003357345,53.0,0.0,255.0,0.0,57.0,0.0,61.0,0.0,94.0,0.0,128.45,0.49749371855331,205.475,0.4866980583482946,67.45,0.4974937185533099,6.876078337077198,0.001098999541054992,0.014565508626401425,2.0087215143774326e-05,1.620453431372549,0.003359492699202383,0.8084597531458197,0.0004092617170060182,0.2334544996491125,0.00017442746401087202,0.982574197257452,6.676042685126414e-05,0.5149762850461057,0.0001188150727862459,6.571905161141572,0.009659673420793118,14.0,0.0
